{
    "paper_id": "0003407cc3c49ce5db918dee9f6695e18d3662b9",
    "metadata": {
        "title": "Management of Obesity and Its Complications in Children and Adolescents",
        "authors": [
            {
                "first": "Medha",
                "middle": [],
                "last": "Mittal",
                "suffix": "",
                "affiliation": {},
                "email": ""
            },
            {
                "first": "Vandana",
                "middle": [],
                "last": "Jain",
                "suffix": "",
                "affiliation": {},
                "email": ""
            }
        ]
    },
    "abstract": [
        {
            "text": "Pediatric overweight/obesity has assumed epidemic proportions in India. It is associated with several significant complications and tracks into adulthood. The mainstay of management is a holistic lifestyle modification that must be adopted by the family as a whole. It involves dietary changes, regular physical activity, and behavioral changes that favor a healthy way of life. Regular follow-up, and attention to keeping up the motivation of the child and family achieves good results. In the present paper, a stepwise approach to prevention and management of childhood obesity is presented along with the recommendations for screening and management of associated complications and the role of pharmacotherapy and bariatric surgery.",
            "cite_spans": [],
            "ref_spans": [],
            "section": "Abstract"
        },
        {
            "text": "Publisher's Note Springer Nature remains neutral with regard to jurisdictional claims in published maps and institutional affiliations.",
            "cite_spans": [],
            "ref_spans": [],
            "section": "Abstract"
        }
    ],
    "body_text": [
        {
            "text": "Obesity is defined as excessive fat accumulation that is detrimental to health and well-being. It is the result of positive energy balance due to excess caloric intake, and/or inadequate physical activity; and is influenced by various genetic, behavioral and environmental factors. The global prevalence of childhood obesity has increased eightfold in the 5-19 y age group and doubled in the 2-4 y age group in the past four decades [1] . Simultaneously, the prevalence of undernutrition has remained mostly steady, the result being that the proportion of children/adolescents with normal weight has declined [1] . India is currently placed third after China and United States in the global burden of pediatric obesity [1] . Pooled data from 52 Indian studies show that the prevalence of overweight/obesity has increased from 16.3% in 2001-2005 to 19 .3% in studies after 2010 [2] .",
            "cite_spans": [
                {
                    "start": 433,
                    "end": 436,
                    "text": "[1]",
                    "ref_id": "BIBREF0"
                },
                {
                    "start": 609,
                    "end": 612,
                    "text": "[1]",
                    "ref_id": "BIBREF0"
                },
                {
                    "start": 719,
                    "end": 722,
                    "text": "[1]",
                    "ref_id": "BIBREF0"
                },
                {
                    "start": 848,
                    "end": 850,
                    "text": "19",
                    "ref_id": "BIBREF18"
                },
                {
                    "start": 877,
                    "end": 880,
                    "text": "[2]",
                    "ref_id": "BIBREF1"
                }
            ],
            "ref_spans": [],
            "section": "Introduction"
        },
        {
            "text": "The children/adolescents with overweight/obesity are at risk of having several complications. Insulin resistance is present in one-third and non-alcoholic fatty liver disease (NAFLD) in two-thirds of such adolescents, with a fivefold higher risk of hypertension [3] [4] [5] . Other complications include behavioral and psychological issues, orthopedic problems, and sleep apnea [6, 7] . Up to three-fourth of children with overweight/obesity remain so in adulthood [8] .",
            "cite_spans": [
                {
                    "start": 262,
                    "end": 265,
                    "text": "[3]",
                    "ref_id": "BIBREF2"
                },
                {
                    "start": 266,
                    "end": 269,
                    "text": "[4]",
                    "ref_id": "BIBREF3"
                },
                {
                    "start": 270,
                    "end": 273,
                    "text": "[5]",
                    "ref_id": "BIBREF4"
                },
                {
                    "start": 378,
                    "end": 381,
                    "text": "[6,",
                    "ref_id": "BIBREF5"
                },
                {
                    "start": 382,
                    "end": 384,
                    "text": "7]",
                    "ref_id": "BIBREF6"
                },
                {
                    "start": 465,
                    "end": 468,
                    "text": "[8]",
                    "ref_id": "BIBREF7"
                }
            ],
            "ref_spans": [],
            "section": "Introduction"
        },
        {
            "text": "The foundations of healthy lifestyle are laid in childhood, and therefore, interventions aimed at prevention and management of obesity are also the most rewarding at this age. In this paper the key strategies for prevention and management of nutritional (exogenous) obesity in children and adolescents will be discussed.",
            "cite_spans": [],
            "ref_spans": [],
            "section": "Introduction"
        },
        {
            "text": "Prevention and management of obesity constitute a continuum of efforts aimed at reducing the imbalance between energy intake and output at one end to creating a negative energy balance at the other end. The American Academy of Pediatrics in its 2007 guidelines has suggested a stepwise approach to prevention and management of obesity [7] . The authors follow and recommend a similar approach contextualized to their setting. The interventions are scaled up from level 1 to 4 depending on the severity of obesity and its complications, and the response. Level 1 interventions are directed towards prevention of obesity in children who currently have a normal weight, and towards management of children with overweight but with no complications.",
            "cite_spans": [
                {
                    "start": 335,
                    "end": 338,
                    "text": "[7]",
                    "ref_id": "BIBREF6"
                }
            ],
            "ref_spans": [],
            "section": "Stepwise Approach to Prevention and Management of Overweight and Obesity"
        },
        {
            "text": "These focus on modifications in diet and lifestyle. Level 2 interventions for children with obesity or with overweight and complications such as mild hypertension, dyslipidemia, fatty liver etc. encompass the same strategies but are more structured, and closely supervised. If concerted efforts over 3 to 6 mo do not yield satisfactory improvement, they are scaled to level 3, with more intensive, comprehensive multidisciplinary care. Those with poor response, morbid obesity or significant comorbidities need further scaling up to level 4 that includes pharmacotherapy and bariatric surgery. While the key strategies remain fundamentally the same, their intensity increase at each successive level, visits to healthcare provider become frequent, and the family's committed involvement assumes greater importance.",
            "cite_spans": [],
            "ref_spans": [],
            "section": "Stepwise Approach to Prevention and Management of Overweight and Obesity"
        },
        {
            "text": "'Prevention is better than cure' holds particularly true for pediatric obesity and so, the key strategies need to be instituted early and continued through childhood and adolescence (Box 1). Any infant or child who is crossing percentile lines needs close observation and monitoring. ",
            "cite_spans": [],
            "ref_spans": [],
            "section": "Level 1: Prevention of Overweight/Obesity and Management of Overweight Without Complications"
        },
        {
            "text": "Optimal Nutrition During the First 1000 Days Including Antenatal Period A balanced diet for the mother, avoidance of excessive gestational weight gain and exclusive breast-feeding for first 6 mo prevent development of obesity [12] . Complementary, home based foods introduced thereafter should include fruits and vegetables [9] . Importantly, preterm babies, term babies who are either small or large for gestational age (SGA or LGA), and infants born to mothers with pre-existing or gestational diabetes are at increased risk for later development of higher adiposity and insulin resistance [13, 14] . Continued breast-feeding till 2 y, and avoidance of excessive weight gain in infancy are especially important in these babies.",
            "cite_spans": [
                {
                    "start": 226,
                    "end": 230,
                    "text": "[12]",
                    "ref_id": "BIBREF11"
                },
                {
                    "start": 324,
                    "end": 327,
                    "text": "[9]",
                    "ref_id": "BIBREF8"
                },
                {
                    "start": 592,
                    "end": 596,
                    "text": "[13,",
                    "ref_id": "BIBREF12"
                },
                {
                    "start": 597,
                    "end": 600,
                    "text": "14]",
                    "ref_id": "BIBREF13"
                }
            ],
            "ref_spans": [],
            "section": "Healthy Diet"
        },
        {
            "text": "The child should have a balanced diet with generous proportions of salads and vegetables [9] . Force feeding and overfeeding should be avoided, so that the child learns to understand his/ her satiety cues [10] . Frequent snacking should be discouraged as snacks contain more fat, sugar and calories [11] . Juice drinks, flavored sweetened milk and yogurts, chocolate-coated cereals etc. that are commonly marketed as 'healthy foods' are laden with sugar. World Health Organization (WHO) has recommended keeping the intake of sugar to less than 5 to 10% of daily caloric intake [15] .",
            "cite_spans": [
                {
                    "start": 89,
                    "end": 92,
                    "text": "[9]",
                    "ref_id": "BIBREF8"
                },
                {
                    "start": 205,
                    "end": 209,
                    "text": "[10]",
                    "ref_id": "BIBREF9"
                },
                {
                    "start": 299,
                    "end": 303,
                    "text": "[11]",
                    "ref_id": "BIBREF10"
                },
                {
                    "start": 577,
                    "end": 581,
                    "text": "[15]",
                    "ref_id": "BIBREF14"
                }
            ],
            "ref_spans": [],
            "section": "Balanced Diet"
        },
        {
            "text": "Fibre-rich foods include whole grains, lentils, nuts, fruits and vegetables. An \"age + 5\" rule for dietary fibre is recommended [16] . A 5 y old should consume 10 g per day of dietary fibre and by 15 y it should approach adult values of 20-25 g/d.",
            "cite_spans": [
                {
                    "start": 128,
                    "end": 132,
                    "text": "[16]",
                    "ref_id": "BIBREF15"
                }
            ],
            "ref_spans": [],
            "section": "Fibre-Rich Foods"
        },
        {
            "text": "Children and adolescents with overweight often skip breakfast causing irresistible craving (especially for foods with high fat, sugar and salt (HFSS)) and overindulgence at the next meal [17] . A regular meal pattern is associated with greater insulin sensitivity and subjective appetite changes that favor metabolic health [18] .",
            "cite_spans": [
                {
                    "start": 187,
                    "end": 191,
                    "text": "[17]",
                    "ref_id": "BIBREF16"
                },
                {
                    "start": 324,
                    "end": 328,
                    "text": "[18]",
                    "ref_id": "BIBREF17"
                }
            ],
            "ref_spans": [],
            "section": "Regular Meals"
        },
        {
            "text": "The family should have meals together, avoiding distractions like watching television or reading [10] .",
            "cite_spans": [
                {
                    "start": 97,
                    "end": 101,
                    "text": "[10]",
                    "ref_id": "BIBREF9"
                }
            ],
            "ref_spans": [],
            "section": "Healthy Habits"
        },
        {
            "text": "Children should optimally have 60 min of moderate to vigorous physical activity, at least 5 d per week, to decrease the risk of developing obesity [11] . In completely sedentary children, incremental goals can be set beginning with 20 min daily or in two or more bursts. A simple way to classify an activity as moderate is that during which it is possible to talk but difficult to sing, while vigorous is that during which it is difficult to talk [11] . A linear relationship was observed between duration of physical activity and reduction in weight; each metabolic equivalent hour per week being associated with a decrease in BMI by 0.13 kg/m 2 [19] . While most activities should be aerobic, resistance exercises that strengthen muscles and bones should also be included at least thrice a week.",
            "cite_spans": [
                {
                    "start": 147,
                    "end": 151,
                    "text": "[11]",
                    "ref_id": "BIBREF10"
                },
                {
                    "start": 447,
                    "end": 451,
                    "text": "[11]",
                    "ref_id": "BIBREF10"
                },
                {
                    "start": 647,
                    "end": 651,
                    "text": "[19]",
                    "ref_id": "BIBREF18"
                }
            ],
            "ref_spans": [],
            "section": "Physical Activity"
        },
        {
            "text": "Everyday activities, such as, increased use of stairs, cycling and walking, and helping with household chores should be encouraged. Schools and communities can play a positive role by planning environments that demand and facilitate movement [11] . Enjoyable activities such as dancing, playing or joining a sports academy improve compliance and regularity.",
            "cite_spans": [
                {
                    "start": 242,
                    "end": 246,
                    "text": "[11]",
                    "ref_id": "BIBREF10"
                }
            ],
            "ref_spans": [],
            "section": "Physical Activity"
        },
        {
            "text": "School-age children and adolescents should sleep for 8 to 11 h a day and in quiet surroundings without use of electronic media [20] . Insufficient sleep affects dietary intake and metabolism and can lead to obesity . Reduced sleep has been associated with reduced serum leptin, increased ghrelin and reduced glucose utilization [21] .",
            "cite_spans": [
                {
                    "start": 127,
                    "end": 131,
                    "text": "[20]",
                    "ref_id": "BIBREF19"
                },
                {
                    "start": 328,
                    "end": 332,
                    "text": "[21]",
                    "ref_id": "BIBREF20"
                }
            ],
            "ref_spans": [],
            "section": "Sleep Duration"
        },
        {
            "text": "Spending long hours in front of the television, computer etc. not only promotes sedentary lifestyle but is also associated with increased snacking, exposure to commercials of junk foods and sweetened beverages, and reduced sleep [22] .",
            "cite_spans": [
                {
                    "start": 229,
                    "end": 233,
                    "text": "[22]",
                    "ref_id": "BIBREF21"
                }
            ],
            "ref_spans": [],
            "section": "Screen Time"
        },
        {
            "text": "For all lifestyle modifications to have a lasting effect, they should be incorporated in the daily practices of the family as a whole. Parents have to serve as role models for healthy eating, regular activity and reduced screen time. For adolescents, parents should maintain a positive engagement, praise each effort, and motivate them positively instead of nagging or criticizing them. Involving them in meal planning encourages their adherence to the modifications.",
            "cite_spans": [],
            "ref_spans": [],
            "section": "Family Involvement"
        },
        {
            "text": "Schools can play a positive role by regulating the food and drinks available on their campuses, and including physical activity as a scoring subject.",
            "cite_spans": [],
            "ref_spans": [],
            "section": "Role of Schools"
        },
        {
            "text": "The key management strategies are the same as mentioned under the heading of level 1 interventions, with the difference that they are more structured, goal-oriented and more closely supervised. The management plan should be based on the child's age, BMI and presence of complications (Tables 1 and 2 ). It should be further individualized as per their motivation to lose weight, readiness for physical activity, and availability of family support. Younger children may rebel if sudden changes are introduced, and need a more gradual approach, while older adolescents are keen to see positive results and could follow a more intense regime. Setting incremental goals, motivating the child, targeting the whole family for behavior change, and incentivising with praise and rewards constitutes a holistic approach. The intervention may be divided into active and maintenance phases. The active phase can be of 2-3 mo duration depending on the target weight loss (Table 1) . For example, in an adolescent weighing 100 kg, the target weight loss is 10 kg over 10 wk (1 kg/wk); hence this constitutes the active phase. Giving a timeline helps the child and family adopt and stick to the behavioral changes more easily. For example, children will be more likely to agree to not eating their favorite pizzas or ice-creams, and joining a sports program for a few months rather than always. As the child and family start seeing the benefits of healthy eating and regular activity, they become more receptive to the idea of following these modifications regularly. After an initial success, there is often weight regain. Preventing it requires regular follow-up counselling through in-person visits and phone/video-calls to keep up the child's enthusiasm. A multidisciplinary team of a pediatrician, dietician, physical instructor and psychologist is ideal. Besides taking care of the emotional and psychological issues associated with obesity, the psychologist could use cognitive behavior therapy to bring about motivation and improve self-esteem [24] . Improvement in BMI is associated with improved metabolic outcomes, delay in onset of type 2 diabetes mellitus (T2DM) and improved cardiovascular fitness [25] . In the context of the current COVID-19 pandemic, management of obesity takes further significance as sedentariness has led to increased obesity, and obesity is a risk factor for developing severe manifestations of COVID.",
            "cite_spans": [
                {
                    "start": 2038,
                    "end": 2042,
                    "text": "[24]",
                    "ref_id": "BIBREF23"
                },
                {
                    "start": 2198,
                    "end": 2202,
                    "text": "[25]",
                    "ref_id": "BIBREF24"
                }
            ],
            "ref_spans": [
                {
                    "start": 284,
                    "end": 299,
                    "text": "(Tables 1 and 2",
                    "ref_id": "TABREF0"
                },
                {
                    "start": 959,
                    "end": 968,
                    "text": "(Table 1)",
                    "ref_id": "TABREF0"
                }
            ],
            "section": "Level 2: Structured Weight Loss Programme for Children with Obesity, or with Overweight with Complications"
        },
        {
            "text": "Diet A structured daily plan for meals and snacks is advised based on a balanced macronutrient diet. Traffic light diet is a useful and practical approach. (Box 2) [23] . For each meal suggest filling half the plate with salad and vegetables, onefourth with protein and one-fourth with carbohydrate. Dwell more on what the child should eat, rather than only listing foods to be avoided. Controlling the portion size should be made a habit. The protein content in the diet must be sufficient and of high quality to prevent loss of muscle mass. Saturated fats in diet can be reduced in children older than 2 y. Processed foods must be limited and sugar sweetened beverages eliminated completely. Though calculation of total caloric intake is not needed as a routine exercise, a 24 h dietary recall or food frequency helps to identify the main problem areas in the child's diet and her likes and dislikes. Healthier options and cooking methods (like steaming) can be suggested for snacks. The caloric values of the usual serving size of popular snacks should be emphasized together with the physical activity needed to burn such calories. For example, the calories in 1 samosa or 1 slice of pizza need 30 min of running or 45 min of cycling. Reduction in caloric intake by 30%-40% of usual intake has been suggested (though most dietary recalls do not reveal the actual caloric excesses), typically creating a deficit of 500 kcal/d in adolescents with fewer than 30% calories from fats [26] . One must remember that the recommended daily allowance (RDA) for calories is based on the assumption of an active lifestyle, and lower intake would be needed for those with a more sedentary lifestyle. Incorporating higher amounts of vegetables, fruits, whole grains, poultry, fish and nuts as DASH (dietary approaches to stop hypertension) diet is associated with a decreased risk of developing metabolic syndrome [28] . Mindful eating is a healthy concept where one is consciously aware of what one is eating and focuses on the food only. Eating with others at set times and places,",
            "cite_spans": [
                {
                    "start": 164,
                    "end": 168,
                    "text": "[23]",
                    "ref_id": "BIBREF22"
                },
                {
                    "start": 1483,
                    "end": 1487,
                    "text": "[26]",
                    "ref_id": "BIBREF25"
                },
                {
                    "start": 1904,
                    "end": 1908,
                    "text": "[28]",
                    "ref_id": "BIBREF27"
                }
            ],
            "ref_spans": [],
            "section": "Additional Principles of Management Beyond Those Discussed in Level 1"
        },
        {
            "text": "Traffic light approach -Green foods to be eaten often, yellow foods to be taken in moderation and red foods to be eaten sparingly. Limitation of non academic screen time thinking about the food being eaten, eating slowly and being aware of body cues of fullness are part of mindful eating [27] .",
            "cite_spans": [
                {
                    "start": 289,
                    "end": 293,
                    "text": "[27]",
                    "ref_id": "BIBREF26"
                }
            ],
            "ref_spans": [],
            "section": "Dietary interventions"
        },
        {
            "text": "Physical Activity Physical activity (at least 60 min of moderate to vigorous activity)must be supervised keeping a log.",
            "cite_spans": [],
            "ref_spans": [],
            "section": "Dietary interventions"
        },
        {
            "text": "Behavior Screen time must be further reduced, preferably to less than an hour a day. Parental supervision is important. Rewarding each small achievement boosts motivation.",
            "cite_spans": [],
            "ref_spans": [],
            "section": "Dietary interventions"
        },
        {
            "text": "The health care visits must be at least once a month and include screening for co-morbidities.",
            "cite_spans": [],
            "ref_spans": [],
            "section": "Frequent Follow-Up"
        },
        {
            "text": "The scale of interventions in level 2 are upgraded with closer monitoring, appropriate documentation and supervision under a multidisciplinary team. Meals are planned to result in a negative energy balance. A few pilot studies have used protein-sparing modified fast, wherein carbohydrates are severely restricted but proteins are spared. It induces intense lipolysis and ketosis and hence, are not generally used in clinical practice in children and adolescents [29] . Physical activity is made more regular and tracked using logs or activity trackers. Weekly follow-up is advised for the initial 8 to 12 wk, and monthly thereafter, with telephonic reminders for further reinforcement. Short term goals are set. Group counseling and sharing experiences are very effective, as children and families learn from each other.",
            "cite_spans": [
                {
                    "start": 463,
                    "end": 467,
                    "text": "[29]",
                    "ref_id": "BIBREF28"
                }
            ],
            "ref_spans": [],
            "section": "Level 3: Multidisciplinary Intensive, Comprehensive, and Structured Weight Loss Programme"
        },
        {
            "text": "The dietary interventions are made stricter with further reduction in total caloric intake. Meal replacements, i.e. meals with a fixed amount of food, typically as meal bars or liquid shakes with known caloric content, are a useful option especially as they reduce contact with problem foods [30] . The associated comorbidities (e.g., diabetes or hyperlipidemia) need to be taken into consideration in diet planning. Physical activity is monitored and exercise specialists involved when possible. Pharmacotherapy and bariatric surgery may be considered.",
            "cite_spans": [
                {
                    "start": 292,
                    "end": 296,
                    "text": "[30]",
                    "ref_id": "BIBREF29"
                }
            ],
            "ref_spans": [],
            "section": "Level 4: Tertiary Care Intervention under Expert Multidisciplinary Team"
        },
        {
            "text": "Orlistat is an Food and Drug Administration (FDA) approved drug for treatment of obesity in children older than 12 y [11] . It inhibits gastrointestinal lipases, decreases fat absorption by about 30% and reduces BMI by 0.7 to 1.7 kg/m 2 . It needs to be taken with each meal, increases the tendency for flatus and causes fecal urgency and only 10% continue the drug beyond 6 mo. The absorption of fat soluble vitamins is also affected, and need supplementation.",
            "cite_spans": [
                {
                    "start": 117,
                    "end": 121,
                    "text": "[11]",
                    "ref_id": "BIBREF10"
                }
            ],
            "ref_spans": [],
            "section": "Anti-obesity Drugs"
        },
        {
            "text": "Centrally acting anorexigenic agents that are catecholaminergic and dopaminergic stimulants are approved for use in adults but not yet recommended for children. Phentermine has recently received FDA approval for use in obesity though not in children younger than 16 y. Topiramate controls food craving but is not FDA approved for the treatment of obesity.",
            "cite_spans": [],
            "ref_spans": [],
            "section": "Anti-obesity Drugs"
        },
        {
            "text": "Glucagon-like peptide-1 analogue, liraglutide, has recently received regulatory approval for use in obesity and T2DM in children more than 12 y after recent trials documented its efficacy [31] . Exenatide, an incretin mimetic with similar action, has been found effective in reducing BMI in adolescents in small trials [32] .",
            "cite_spans": [
                {
                    "start": 188,
                    "end": 192,
                    "text": "[31]",
                    "ref_id": "BIBREF30"
                },
                {
                    "start": 319,
                    "end": 323,
                    "text": "[32]",
                    "ref_id": "BIBREF31"
                }
            ],
            "ref_spans": [],
            "section": "Anti-obesity Drugs"
        },
        {
            "text": "Pharmacotherapy for obesity is still for restricted use with limited efficacy. No medication has proven beneficial effect in reducing the long term cardiovascular risks associated with obesity.",
            "cite_spans": [],
            "ref_spans": [],
            "section": "Anti-obesity Drugs"
        },
        {
            "text": "Bariatric surgery may have to be undertaken in adolescents with BMI > 40 kg/m 2 or > 35 kg/m 2 with significant comorbidities including psychological distress related to obesity (but no underlying psychiatric illness and a stable supportive family) despite rigorous lifestyle modification. It is performed only when the adolescent has reached Tanner stage 4 or 5 [11] . The operative procedures include vertical sleeve gastrectomy or Roux-en Y gastric bypass surgery. In addition to anatomically reducing the caloric intake of the individual, they decrease levels of ghrelin and increase anorexigenic glucagon like peptide-1,thereby decreasing appetite and improving insulin sensitivity [33] . There is improvement in glucose homeostasis and reversal of type 2 diabetes, NAFLD and in cardiovascular risk factors such as dyslipidemia and hypertension [34] . However, as many as 15% may require additional operative procedure following the surgery for complications such as internal hernias, adhesions etc. [35] . Weight regain is a significant issue with median gain of 14% of lost weight at 5 y postsurgery [36] .",
            "cite_spans": [
                {
                    "start": 363,
                    "end": 367,
                    "text": "[11]",
                    "ref_id": "BIBREF10"
                },
                {
                    "start": 687,
                    "end": 691,
                    "text": "[33]",
                    "ref_id": "BIBREF32"
                },
                {
                    "start": 850,
                    "end": 854,
                    "text": "[34]",
                    "ref_id": "BIBREF33"
                },
                {
                    "start": 1005,
                    "end": 1009,
                    "text": "[35]",
                    "ref_id": "BIBREF34"
                },
                {
                    "start": 1107,
                    "end": 1111,
                    "text": "[36]",
                    "ref_id": "BIBREF35"
                }
            ],
            "ref_spans": [],
            "section": "Bariatric Surgery"
        },
        {
            "text": "The complications could be asymptomatic or symptomatic and should be regularly screened for (Table 3) . Excess fat deposition in the abdominal region is associated with insulin resistance and clustering of several cardiometabolic disorders, such as dyslipidemia, prediabetes and NAFLD.",
            "cite_spans": [],
            "ref_spans": [
                {
                    "start": 92,
                    "end": 101,
                    "text": "(Table 3)",
                    "ref_id": "TABREF2"
                }
            ],
            "section": "Screening"
        },
        {
            "text": "Waist circumference shows better correlation with risk of metabolic complications than BMI though is subject to error due to variations in the measurement technique. All children \u2265 3 y of age with obesity should have blood pressure (BP) checked at every health care encounter [37] . Potential secondary causes of HTN (e.g., chronic kidney disease) should be ruled out. All children with overweight/obesity should have a fasting lipid level estimation at first visit and this should be repeated every 2 y if result is normal, every year if borderline and in 2 wk to 3 mo if abnormal. Liver function test and fasting plasma glucose or glycated hemoglobin (HbA1c) should be done as part of initial evaluation of those who are older than 10 y [38, 40] . Even mild elevation of liver enzymes may be associated with fatty [39] . Ultrasonography and evaluation of controlled attenuation parameter by Fibroscan are useful tests, especially for identification of moderate or severe hepatic steatosis [41] . Any symptoms suggestive of psychological, neurologic or orthopedic manifestations should prompt appropriate evaluation. Presence of one or more abnormalities should prompt detailed evaluation for others. Further, presence of certain coexisting conditions (Box 3) may increase the risk of cardiometabolic complications and these should be looked for. Calculation of homeostatic model of insulin resistance (HOMA-IR) is not recommended in clinical practice [42] .",
            "cite_spans": [
                {
                    "start": 276,
                    "end": 280,
                    "text": "[37]",
                    "ref_id": "BIBREF36"
                },
                {
                    "start": 739,
                    "end": 743,
                    "text": "[38,",
                    "ref_id": "BIBREF37"
                },
                {
                    "start": 744,
                    "end": 747,
                    "text": "40]",
                    "ref_id": "BIBREF39"
                },
                {
                    "start": 816,
                    "end": 820,
                    "text": "[39]",
                    "ref_id": "BIBREF38"
                },
                {
                    "start": 991,
                    "end": 995,
                    "text": "[41]",
                    "ref_id": "BIBREF40"
                },
                {
                    "start": 1453,
                    "end": 1457,
                    "text": "[42]",
                    "ref_id": "BIBREF41"
                }
            ],
            "ref_spans": [],
            "section": "Screening"
        },
        {
            "text": "Central/Truncal obesity ",
            "cite_spans": [],
            "ref_spans": [],
            "section": "Box 3 Risk factors for cardiometabolic complications in children with overweight/obesity [28]"
        },
        {
            "text": "The management of pediatric obesity should be based on a strong foundation of healthy diet and regular physical activity. Family involvement and role modeling by parents provide the crucial motivation. The pediatrician has the overall responsibility of guiding the family and the child, along with a dedicated multidisciplinary team. Pharmacotherapy has a limited role and bariatric surgery may be an option for those with severe obesity or significant complications, refractory to diet and lifestyle modification.",
            "cite_spans": [],
            "ref_spans": [],
            "section": "Summary"
        },
        {
            "text": "Authors' Contributions MM did the literature search, initial draft and revisions; VJ conceptualized and designed the manuscript, provided valuable experiential inputs, edited the manuscript. VJ is the guarantor for this paper.",
            "cite_spans": [],
            "ref_spans": [],
            "section": "Summary"
        },
        {
            "text": "The manuscript contains no identifying information pertaining to any individual. Both authors have approved the final draft and give their consent for publication.",
            "cite_spans": [],
            "ref_spans": [],
            "section": "Consent for Publication"
        }
    ],
    "bib_entries": {
        "BIBREF0": {
            "ref_id": "b0",
            "title": "The epidemiological burden of obesity in childhood: a worldwide epidemic requiring urgent action",
            "authors": [
                {
                    "first": "M",
                    "middle": [],
                    "last": "Di Cesare",
                    "suffix": ""
                },
                {
                    "first": "M",
                    "middle": [],
                    "last": "Sori\u0107",
                    "suffix": ""
                },
                {
                    "first": "P",
                    "middle": [],
                    "last": "Bovet",
                    "suffix": ""
                }
            ],
            "year": 2019,
            "venue": "BMC Med",
            "volume": "25",
            "issn": "",
            "pages": "",
            "other_ids": {}
        },
        "BIBREF1": {
            "ref_id": "b1",
            "title": "Epidemiology of childhood overweight & obesity in India: A systematic review",
            "authors": [
                {
                    "first": "H",
                    "middle": [],
                    "last": "Ranjani",
                    "suffix": ""
                },
                {
                    "first": "T",
                    "middle": [
                        "S"
                    ],
                    "last": "Mehreen",
                    "suffix": ""
                },
                {
                    "first": "R",
                    "middle": [],
                    "last": "Pradeepa",
                    "suffix": ""
                }
            ],
            "year": 2016,
            "venue": "Indian J Med Res",
            "volume": "143",
            "issn": "",
            "pages": "160--74",
            "other_ids": {}
        },
        "BIBREF2": {
            "ref_id": "b2",
            "title": "Prevalence of overweight and obesity among school children and adolescents in Chennai",
            "authors": [
                {
                    "first": "S",
                    "middle": [],
                    "last": "Jagadesan",
                    "suffix": ""
                },
                {
                    "first": "R",
                    "middle": [],
                    "last": "Harish",
                    "suffix": ""
                },
                {
                    "first": "P",
                    "middle": [],
                    "last": "Miranda",
                    "suffix": ""
                },
                {
                    "first": "R",
                    "middle": [],
                    "last": "Unnikrishnan",
                    "suffix": ""
                },
                {
                    "first": "R",
                    "middle": [
                        "M"
                    ],
                    "last": "Anjana",
                    "suffix": ""
                },
                {
                    "first": "V",
                    "middle": [],
                    "last": "Mohan",
                    "suffix": ""
                }
            ],
            "year": 2014,
            "venue": "Indian Pediatr",
            "volume": "51",
            "issn": "",
            "pages": "544--553",
            "other_ids": {}
        },
        "BIBREF3": {
            "ref_id": "b3",
            "title": "High prevalence of insulin resistance in postpubertal Asian Indian children is associated with adverse truncal body fat patterning, abdominal adiposity and excess body fat",
            "authors": [
                {
                    "first": "A",
                    "middle": [],
                    "last": "Misra",
                    "suffix": ""
                },
                {
                    "first": "N",
                    "middle": [
                        "K"
                    ],
                    "last": "Vikram",
                    "suffix": ""
                },
                {
                    "first": "S",
                    "middle": [],
                    "last": "Arya",
                    "suffix": ""
                }
            ],
            "year": 2004,
            "venue": "Int J Obes Relat Metab Disord",
            "volume": "28",
            "issn": "",
            "pages": "1217--1243",
            "other_ids": {}
        },
        "BIBREF4": {
            "ref_id": "b4",
            "title": "Prevalence, clinical & biochemical correlates of non-alcoholic fatty liver disease in overweight adolescents",
            "authors": [
                {
                    "first": "V",
                    "middle": [],
                    "last": "Jain",
                    "suffix": ""
                },
                {
                    "first": "M",
                    "middle": [],
                    "last": "Jana",
                    "suffix": ""
                },
                {
                    "first": "B",
                    "middle": [],
                    "last": "Upadhyay",
                    "suffix": ""
                }
            ],
            "year": 2018,
            "venue": "Indian J Med Res",
            "volume": "148",
            "issn": "",
            "pages": "291--301",
            "other_ids": {}
        },
        "BIBREF5": {
            "ref_id": "b5",
            "title": "Orthopedic complications of overweight in children and adolescents",
            "authors": [
                {
                    "first": "E",
                    "middle": [
                        "D"
                    ],
                    "last": "Taylor",
                    "suffix": ""
                },
                {
                    "first": "K",
                    "middle": [
                        "R"
                    ],
                    "last": "Theim",
                    "suffix": ""
                },
                {
                    "first": "M",
                    "middle": [
                        "C"
                    ],
                    "last": "Mirch",
                    "suffix": ""
                }
            ],
            "year": 2006,
            "venue": "Pediatrics",
            "volume": "117",
            "issn": "",
            "pages": "2167--74",
            "other_ids": {}
        },
        "BIBREF6": {
            "ref_id": "b6",
            "title": "Mental health problems and overweight in a nationally representative sample of adolescents: effects of race and ethnicity",
            "authors": [
                {
                    "first": "R",
                    "middle": [],
                    "last": "Belue",
                    "suffix": ""
                },
                {
                    "first": "L",
                    "middle": [
                        "A"
                    ],
                    "last": "Francis",
                    "suffix": ""
                },
                {
                    "first": "B",
                    "middle": [],
                    "last": "Colaco",
                    "suffix": ""
                }
            ],
            "year": 2009,
            "venue": "Pediatrics",
            "volume": "123",
            "issn": "",
            "pages": "697--702",
            "other_ids": {}
        },
        "BIBREF7": {
            "ref_id": "b7",
            "title": "Predicting obesity in young adulthood from childhood and parental obesity",
            "authors": [
                {
                    "first": "R",
                    "middle": [
                        "C"
                    ],
                    "last": "Whitaker",
                    "suffix": ""
                },
                {
                    "first": "J",
                    "middle": [
                        "A"
                    ],
                    "last": "Wright",
                    "suffix": ""
                },
                {
                    "first": "M",
                    "middle": [
                        "S"
                    ],
                    "last": "Pepe",
                    "suffix": ""
                },
                {
                    "first": "K",
                    "middle": [
                        "D"
                    ],
                    "last": "Seidel",
                    "suffix": ""
                },
                {
                    "first": "W",
                    "middle": [
                        "H"
                    ],
                    "last": "Dietz",
                    "suffix": ""
                }
            ],
            "year": 1997,
            "venue": "N Engl J Med",
            "volume": "337",
            "issn": "",
            "pages": "869--73",
            "other_ids": {}
        },
        "BIBREF8": {
            "ref_id": "b8",
            "title": "Implementation plan: executive Summary. In: World Health Organization",
            "authors": [],
            "year": 2017,
            "venue": "Report of the Commission on Ending Childhood Obesity",
            "volume": "",
            "issn": "",
            "pages": "",
            "other_ids": {}
        },
        "BIBREF9": {
            "ref_id": "b9",
            "title": "Pediatric Obesity Algorithm: a practical approach to obesity diagnosis and management",
            "authors": [
                {
                    "first": "S",
                    "middle": [
                        "E"
                    ],
                    "last": "Cuda",
                    "suffix": ""
                },
                {
                    "first": "M",
                    "middle": [],
                    "last": "Censani",
                    "suffix": ""
                }
            ],
            "year": 2019,
            "venue": "Front Pediatr",
            "volume": "6",
            "issn": "",
            "pages": "",
            "other_ids": {}
        },
        "BIBREF10": {
            "ref_id": "b10",
            "title": "Pediatric obesityassessment, treatment, and prevention: an endocrine society clinical practice guideline",
            "authors": [
                {
                    "first": "D",
                    "middle": [
                        "M"
                    ],
                    "last": "Styne",
                    "suffix": ""
                },
                {
                    "first": "S",
                    "middle": [
                        "A"
                    ],
                    "last": "Arslanian",
                    "suffix": ""
                },
                {
                    "first": "E",
                    "middle": [
                        "L"
                    ],
                    "last": "Connor",
                    "suffix": ""
                }
            ],
            "year": 2017,
            "venue": "J Clin Endocrinol Metab",
            "volume": "102",
            "issn": "",
            "pages": "709--57",
            "other_ids": {}
        },
        "BIBREF11": {
            "ref_id": "b11",
            "title": "Nutrition in the first 1000 Days: Ten practices to minimize obesity emerging from published science",
            "authors": [
                {
                    "first": "A",
                    "middle": [],
                    "last": "Pietrobelli",
                    "suffix": ""
                },
                {
                    "first": "M; Menu",
                    "middle": [],
                    "last": "Agosti",
                    "suffix": ""
                },
                {
                    "first": "",
                    "middle": [],
                    "last": "Group",
                    "suffix": ""
                }
            ],
            "year": 2017,
            "venue": "Int J Environ Res Public Health",
            "volume": "14",
            "issn": "",
            "pages": "",
            "other_ids": {}
        },
        "BIBREF12": {
            "ref_id": "b12",
            "title": "Rapid infancy weight gain and subsequent obesity: systematic reviews and hopeful suggestions",
            "authors": [
                {
                    "first": "K",
                    "middle": [
                        "K"
                    ],
                    "last": "Ong",
                    "suffix": ""
                },
                {
                    "first": "R",
                    "middle": [
                        "J"
                    ],
                    "last": "Loos",
                    "suffix": ""
                }
            ],
            "year": 2006,
            "venue": "Acta Paediatr",
            "volume": "95",
            "issn": "",
            "pages": "904--912",
            "other_ids": {}
        },
        "BIBREF13": {
            "ref_id": "b13",
            "title": "Association of gestational diabetes with maternal disorders of glucose metabolism and childhood adiposity",
            "authors": [
                {
                    "first": "W",
                    "middle": [
                        "L"
                    ],
                    "last": "Lowe",
                    "suffix": ""
                },
                {
                    "first": "D",
                    "middle": [
                        "M"
                    ],
                    "last": "Scholtens",
                    "suffix": ""
                },
                {
                    "first": "L",
                    "middle": [
                        "P"
                    ],
                    "last": "Lowe",
                    "suffix": ""
                }
            ],
            "year": 2018,
            "venue": "JAMA",
            "volume": "320",
            "issn": "",
            "pages": "1005--1021",
            "other_ids": {}
        },
        "BIBREF14": {
            "ref_id": "b14",
            "title": "Guideline: sugars intake for adults and children",
            "authors": [],
            "year": 2015,
            "venue": "",
            "volume": "",
            "issn": "",
            "pages": "",
            "other_ids": {}
        },
        "BIBREF15": {
            "ref_id": "b15",
            "title": "A new recommendation for dietary fiber in childhood",
            "authors": [
                {
                    "first": "C",
                    "middle": [
                        "L"
                    ],
                    "last": "Williams",
                    "suffix": ""
                },
                {
                    "first": "M",
                    "middle": [],
                    "last": "Bollella",
                    "suffix": ""
                },
                {
                    "first": "E",
                    "middle": [
                        "L"
                    ],
                    "last": "Wynder",
                    "suffix": ""
                }
            ],
            "year": 1995,
            "venue": "Pediatrics",
            "volume": "96",
            "issn": "",
            "pages": "985--993",
            "other_ids": {}
        },
        "BIBREF16": {
            "ref_id": "b16",
            "title": "A systematic review of the association of skipping breakfast with weight and cardiometabolic risk factors in children and adolescents. What should we better investigate in the future?",
            "authors": [
                {
                    "first": "A",
                    "middle": [],
                    "last": "Monzani",
                    "suffix": ""
                },
                {
                    "first": "R",
                    "middle": [],
                    "last": "Ricotti",
                    "suffix": ""
                },
                {
                    "first": "M",
                    "middle": [],
                    "last": "Caputo",
                    "suffix": ""
                }
            ],
            "year": 2019,
            "venue": "Nutrients",
            "volume": "11",
            "issn": "",
            "pages": "",
            "other_ids": {}
        },
        "BIBREF17": {
            "ref_id": "b17",
            "title": "Irregular meal-pattern effects on energy expenditure, metabolism, and appetite regulation: a randomized controlled trial in healthy normal-weight women",
            "authors": [
                {
                    "first": "M",
                    "middle": [
                        "H"
                    ],
                    "last": "Alhussain",
                    "suffix": ""
                },
                {
                    "first": "I",
                    "middle": [
                        "A"
                    ],
                    "last": "Macdonald",
                    "suffix": ""
                },
                {
                    "first": "M",
                    "middle": [
                        "A"
                    ],
                    "last": "Taylor",
                    "suffix": ""
                }
            ],
            "year": 2016,
            "venue": "Am J Clin Nutr",
            "volume": "104",
            "issn": "",
            "pages": "21--32",
            "other_ids": {}
        },
        "BIBREF18": {
            "ref_id": "b18",
            "title": "Exercise Dose and Weight Loss in Adolescents with Overweight-Obesity: A Meta-Regression",
            "authors": [
                {
                    "first": "L",
                    "middle": [],
                    "last": "Stoner",
                    "suffix": ""
                },
                {
                    "first": "M",
                    "middle": [
                        "W"
                    ],
                    "last": "Beets",
                    "suffix": ""
                },
                {
                    "first": "K",
                    "middle": [],
                    "last": "Brazendale",
                    "suffix": ""
                },
                {
                    "first": "J",
                    "middle": [
                        "B"
                    ],
                    "last": "Moore",
                    "suffix": ""
                },
                {
                    "first": "R",
                    "middle": [
                        "G"
                    ],
                    "last": "Weaver",
                    "suffix": ""
                }
            ],
            "year": 2019,
            "venue": "Sports Med",
            "volume": "49",
            "issn": "",
            "pages": "83--94",
            "other_ids": {}
        },
        "BIBREF19": {
            "ref_id": "b19",
            "title": "Sleep duration or bedtime? exploring the association between sleep timing behaviour, diet and BMI in children and adolescents",
            "authors": [
                {
                    "first": "R",
                    "middle": [
                        "K"
                    ],
                    "last": "Golley",
                    "suffix": ""
                },
                {
                    "first": "C",
                    "middle": [
                        "A"
                    ],
                    "last": "Maher",
                    "suffix": ""
                },
                {
                    "first": "L",
                    "middle": [],
                    "last": "Matricciani",
                    "suffix": ""
                },
                {
                    "first": "T",
                    "middle": [
                        "S"
                    ],
                    "last": "Olds",
                    "suffix": ""
                }
            ],
            "year": 2013,
            "venue": "Int J Obes (Lond)",
            "volume": "37",
            "issn": "",
            "pages": "546--51",
            "other_ids": {}
        },
        "BIBREF20": {
            "ref_id": "b20",
            "title": "Brief communication: sleep curtailment in healthy young men is associated with decreased leptin levels, elevated ghrelin levels, and increased hunger and appetite",
            "authors": [
                {
                    "first": "K",
                    "middle": [],
                    "last": "Spiegel",
                    "suffix": ""
                },
                {
                    "first": "E",
                    "middle": [],
                    "last": "Tasali",
                    "suffix": ""
                },
                {
                    "first": "P",
                    "middle": [],
                    "last": "Penev",
                    "suffix": ""
                },
                {
                    "first": "E",
                    "middle": [],
                    "last": "Van Cauter",
                    "suffix": ""
                }
            ],
            "year": 2004,
            "venue": "Ann Intern Med",
            "volume": "141",
            "issn": "",
            "pages": "846--50",
            "other_ids": {}
        },
        "BIBREF21": {
            "ref_id": "b21",
            "title": "Fatness, physical activity, and television viewing in children during the adiposity rebound period: the Iowa Bone Development Study",
            "authors": [
                {
                    "first": "K",
                    "middle": [
                        "F"
                    ],
                    "last": "Janz",
                    "suffix": ""
                },
                {
                    "first": "S",
                    "middle": [
                        "M"
                    ],
                    "last": "Levy",
                    "suffix": ""
                },
                {
                    "first": "T",
                    "middle": [
                        "L"
                    ],
                    "last": "Burns",
                    "suffix": ""
                },
                {
                    "first": "J",
                    "middle": [
                        "C"
                    ],
                    "last": "Torner",
                    "suffix": ""
                },
                {
                    "first": "M",
                    "middle": [
                        "C"
                    ],
                    "last": "Willing",
                    "suffix": ""
                },
                {
                    "first": "J",
                    "middle": [
                        "J"
                    ],
                    "last": "Warren",
                    "suffix": ""
                }
            ],
            "year": 2002,
            "venue": "Prev Med",
            "volume": "35",
            "issn": "",
            "pages": "563--71",
            "other_ids": {}
        },
        "BIBREF22": {
            "ref_id": "b22",
            "title": "Recommendations for treatment of child and adolescent overweight and obesity",
            "authors": [
                {
                    "first": "B",
                    "middle": [
                        "A"
                    ],
                    "last": "Spear",
                    "suffix": ""
                },
                {
                    "first": "S",
                    "middle": [
                        "E"
                    ],
                    "last": "Barlow",
                    "suffix": ""
                },
                {
                    "first": "C",
                    "middle": [],
                    "last": "Ervin",
                    "suffix": ""
                }
            ],
            "year": 2007,
            "venue": "Pediatrics",
            "volume": "120",
            "issn": "",
            "pages": "254--88",
            "other_ids": {}
        },
        "BIBREF23": {
            "ref_id": "b23",
            "title": "Motivational interviewing and dietary counseling for obesity in primary care: an RCT",
            "authors": [
                {
                    "first": "K",
                    "middle": [],
                    "last": "Resnicow",
                    "suffix": ""
                },
                {
                    "first": "F",
                    "middle": [],
                    "last": "Mcmaster",
                    "suffix": ""
                },
                {
                    "first": "A",
                    "middle": [],
                    "last": "Bocian",
                    "suffix": ""
                }
            ],
            "year": 2015,
            "venue": "Pediatrics",
            "volume": "135",
            "issn": "",
            "pages": "649--57",
            "other_ids": {}
        },
        "BIBREF24": {
            "ref_id": "b24",
            "title": "Weight management through lifestyle modification for the prevention and management of type 2 diabetes: rationale and strategies: a statement of the American diabetes association, the North American association for the study of obesity, and the American society for clinical Nutrition",
            "authors": [
                {
                    "first": "S",
                    "middle": [],
                    "last": "Klein",
                    "suffix": ""
                },
                {
                    "first": "N",
                    "middle": [
                        "F"
                    ],
                    "last": "Sheard",
                    "suffix": ""
                },
                {
                    "first": "X",
                    "middle": [],
                    "last": "Pi-Sunyer",
                    "suffix": ""
                }
            ],
            "year": 2004,
            "venue": "Diabetes Care",
            "volume": "27",
            "issn": "",
            "pages": "2067--73",
            "other_ids": {}
        },
        "BIBREF25": {
            "ref_id": "b25",
            "title": "Maintenance of weight loss in adolescents: current status and future directions",
            "authors": [
                {
                    "first": "M",
                    "middle": [
                        "L"
                    ],
                    "last": "Butryn",
                    "suffix": ""
                },
                {
                    "first": "T",
                    "middle": [
                        "A"
                    ],
                    "last": "Wadden",
                    "suffix": ""
                },
                {
                    "first": "M",
                    "middle": [
                        "R"
                    ],
                    "last": "Rukstalis",
                    "suffix": ""
                }
            ],
            "year": 2010,
            "venue": "J Obes",
            "volume": "",
            "issn": "",
            "pages": "",
            "other_ids": {}
        },
        "BIBREF26": {
            "ref_id": "b26",
            "title": "Mindful Eating: The Art of Presence While You Eat",
            "authors": [
                {
                    "first": "J",
                    "middle": [
                        "B"
                    ],
                    "last": "Nelson",
                    "suffix": ""
                }
            ],
            "year": 2017,
            "venue": "Diabetes Spectr",
            "volume": "30",
            "issn": "",
            "pages": "171--175",
            "other_ids": {}
        },
        "BIBREF27": {
            "ref_id": "b27",
            "title": "Expert Panel on Integrated Guidelines for Cardiovascular Health and Risk Reduction in Children and Adolescents; National Heart, Lung, and Blood Institute. Summary report",
            "authors": [],
            "year": 2011,
            "venue": "Pediatrics",
            "volume": "128",
            "issn": "5",
            "pages": "213--56",
            "other_ids": {}
        },
        "BIBREF28": {
            "ref_id": "b28",
            "title": "Weight loss and growth velocity in obese children after very low calorie diet, exercise, and behavior modification",
            "authors": [
                {
                    "first": "M",
                    "middle": [],
                    "last": "Sothern",
                    "suffix": ""
                },
                {
                    "first": "J",
                    "middle": [
                        "N"
                    ],
                    "last": "Udall",
                    "suffix": ""
                },
                {
                    "first": "R",
                    "middle": [
                        "M"
                    ],
                    "last": "Suskind",
                    "suffix": ""
                },
                {
                    "first": "A",
                    "middle": [],
                    "last": "Vargas",
                    "suffix": ""
                },
                {
                    "first": "U",
                    "middle": [],
                    "last": "Blecker",
                    "suffix": ""
                }
            ],
            "year": 2000,
            "venue": "Acta Paediatr",
            "volume": "89",
            "issn": "",
            "pages": "1036--1079",
            "other_ids": {}
        },
        "BIBREF29": {
            "ref_id": "b29",
            "title": "Meal replacements in the treatment of adolescent obesity: a randomized controlled trial",
            "authors": [
                {
                    "first": "R",
                    "middle": [
                        "I"
                    ],
                    "last": "Berkowitz",
                    "suffix": ""
                },
                {
                    "first": "T",
                    "middle": [
                        "A"
                    ],
                    "last": "Wadden",
                    "suffix": ""
                },
                {
                    "first": "C",
                    "middle": [
                        "A"
                    ],
                    "last": "Gehrman",
                    "suffix": ""
                }
            ],
            "year": 2011,
            "venue": "Obesity (Silver Spring)",
            "volume": "19",
            "issn": "",
            "pages": "1193--1202",
            "other_ids": {}
        },
        "BIBREF30": {
            "ref_id": "b30",
            "title": "Liraglutide in an Adolescent population with obesity: a randomized, double-blind, placebo-controlled 5-week trial to assess safety, tolerability, and pharmacokinetics of liraglutide in adolescents aged 12-17 years",
            "authors": [
                {
                    "first": "T",
                    "middle": [],
                    "last": "Danne",
                    "suffix": ""
                },
                {
                    "first": "T",
                    "middle": [],
                    "last": "Biester",
                    "suffix": ""
                },
                {
                    "first": "K",
                    "middle": [],
                    "last": "Kapitzke",
                    "suffix": ""
                }
            ],
            "year": 2017,
            "venue": "J Pediatr",
            "volume": "181",
            "issn": "",
            "pages": "146--53",
            "other_ids": {}
        },
        "BIBREF31": {
            "ref_id": "b31",
            "title": "The effect of glucagonlike peptide-1 receptor agonist therapy on body mass index in adolescents with severe obesity: a randomized, placebo-controlled, clinical trial",
            "authors": [
                {
                    "first": "A",
                    "middle": [
                        "S"
                    ],
                    "last": "Kelly",
                    "suffix": ""
                },
                {
                    "first": "K",
                    "middle": [
                        "D"
                    ],
                    "last": "Rudser",
                    "suffix": ""
                },
                {
                    "first": "B",
                    "middle": [
                        "M"
                    ],
                    "last": "Nathan",
                    "suffix": ""
                }
            ],
            "year": 2013,
            "venue": "JAMA Pediatr",
            "volume": "167",
            "issn": "",
            "pages": "355--60",
            "other_ids": {}
        },
        "BIBREF32": {
            "ref_id": "b32",
            "title": "Serum ghrelin levels in response to glucose load in obese subjects post-gastric bypass surgery",
            "authors": [
                {
                    "first": "N",
                    "middle": [
                        "A"
                    ],
                    "last": "Tritos",
                    "suffix": ""
                },
                {
                    "first": "E",
                    "middle": [],
                    "last": "Mun",
                    "suffix": ""
                },
                {
                    "first": "A",
                    "middle": [],
                    "last": "Bertkau",
                    "suffix": ""
                },
                {
                    "first": "R",
                    "middle": [],
                    "last": "Grayson",
                    "suffix": ""
                },
                {
                    "first": "E",
                    "middle": [],
                    "last": "Maratos-Flier",
                    "suffix": ""
                },
                {
                    "first": "A",
                    "middle": [],
                    "last": "Goldfine",
                    "suffix": ""
                }
            ],
            "year": 2003,
            "venue": "Obes Res",
            "volume": "11",
            "issn": "",
            "pages": "919--943",
            "other_ids": {}
        },
        "BIBREF33": {
            "ref_id": "b33",
            "title": "Reversal of type 2 diabetes mellitus and improvements in cardiovascular risk factors after surgical weight loss in adolescents",
            "authors": [
                {
                    "first": "T",
                    "middle": [
                        "H"
                    ],
                    "last": "Inge",
                    "suffix": ""
                },
                {
                    "first": "G",
                    "middle": [],
                    "last": "Miyano",
                    "suffix": ""
                },
                {
                    "first": "J",
                    "middle": [],
                    "last": "Bean",
                    "suffix": ""
                }
            ],
            "year": 2009,
            "venue": "Pediatrics",
            "volume": "123",
            "issn": "",
            "pages": "214--236",
            "other_ids": {}
        },
        "BIBREF34": {
            "ref_id": "b34",
            "title": "Medical indications for weight-loss surgery in adolescents: but are there other equally important indications?",
            "authors": [
                {
                    "first": "M",
                    "middle": [
                        "G"
                    ],
                    "last": "Sarr",
                    "suffix": ""
                }
            ],
            "year": 2014,
            "venue": "JAMA Pediatr",
            "volume": "168",
            "issn": "",
            "pages": "11--13",
            "other_ids": {}
        },
        "BIBREF35": {
            "ref_id": "b35",
            "title": "Weight regain after bariatric surgery-a multicentre study of 9617 patients from Indian Bariatric Surgery Outcome Reporting group",
            "authors": [
                {
                    "first": "S",
                    "middle": [
                        "J"
                    ],
                    "last": "Baig",
                    "suffix": ""
                },
                {
                    "first": "P",
                    "middle": [],
                    "last": "Priya",
                    "suffix": ""
                },
                {
                    "first": "K",
                    "middle": [
                        "K"
                    ],
                    "last": "Mahawar",
                    "suffix": ""
                },
                {
                    "first": "S",
                    "middle": [],
                    "last": "Shah",
                    "suffix": ""
                }
            ],
            "year": 2019,
            "venue": "Obes Surg",
            "volume": "29",
            "issn": "",
            "pages": "1583--92",
            "other_ids": {}
        },
        "BIBREF36": {
            "ref_id": "b36",
            "title": "Subcommittee on screening and management of high blood pressure in children and adolescents. Clinical Practice Guideline for Screening and Management of High Blood Pressure in Children and Adolescents",
            "authors": [
                {
                    "first": "J",
                    "middle": [
                        "T"
                    ],
                    "last": "Flynn",
                    "suffix": ""
                },
                {
                    "first": "D",
                    "middle": [
                        "C"
                    ],
                    "last": "Kaelber",
                    "suffix": ""
                },
                {
                    "first": "C",
                    "middle": [
                        "M"
                    ],
                    "last": "Baker-Smith",
                    "suffix": ""
                }
            ],
            "year": 2017,
            "venue": "Pediatrics",
            "volume": "140",
            "issn": "",
            "pages": "",
            "other_ids": {}
        },
        "BIBREF37": {
            "ref_id": "b37",
            "title": "Diagnosis and classification of diabetes mellitus",
            "authors": [],
            "year": 2014,
            "venue": "Diabetes Care",
            "volume": "37",
            "issn": "",
            "pages": "81--90",
            "other_ids": {}
        },
        "BIBREF38": {
            "ref_id": "b38",
            "title": "SAFETY study: alanine aminotransferase cutoff values are set too high for reliable detection of pediatric chronic liver disease",
            "authors": [
                {
                    "first": "J",
                    "middle": [
                        "B"
                    ],
                    "last": "Schwimmer",
                    "suffix": ""
                },
                {
                    "first": "W",
                    "middle": [],
                    "last": "Dunn",
                    "suffix": ""
                },
                {
                    "first": "G",
                    "middle": [
                        "J"
                    ],
                    "last": "Norman",
                    "suffix": ""
                }
            ],
            "year": 2010,
            "venue": "Gastroenterology",
            "volume": "138",
            "issn": "",
            "pages": "1357--64",
            "other_ids": {}
        },
        "BIBREF39": {
            "ref_id": "b39",
            "title": "Review of childhood obesity: from epidemiology, etiology, and comorbidities to clinical assessment and treatment",
            "authors": [
                {
                    "first": "S",
                    "middle": [],
                    "last": "Kumar",
                    "suffix": ""
                },
                {
                    "first": "A",
                    "middle": [
                        "S"
                    ],
                    "last": "Kelly",
                    "suffix": ""
                }
            ],
            "year": 2017,
            "venue": "Mayo Clin Proc",
            "volume": "92",
            "issn": "",
            "pages": "251--65",
            "other_ids": {}
        },
        "BIBREF40": {
            "ref_id": "b40",
            "title": "Controlled Attenuation Parameter for Identification and Grading of Nonalcoholic Fatty Liver Disease in Adolescents with Obesity",
            "authors": [
                {
                    "first": "A",
                    "middle": [],
                    "last": "Anand",
                    "suffix": ""
                },
                {
                    "first": "Jana",
                    "middle": [
                        "M"
                    ],
                    "last": "Shalimar",
                    "suffix": ""
                }
            ],
            "year": 2021,
            "venue": "Indian J Pediatr",
            "volume": "",
            "issn": "",
            "pages": "",
            "other_ids": {
                "DOI": [
                    "10.1007/s12098-021-03842-1"
                ]
            }
        },
        "BIBREF41": {
            "ref_id": "b41",
            "title": "Hyperinsulinemia in African-American children: decreased insulin clearance and increased insulin secretion and its relationship to insulin sensitivity",
            "authors": [
                {
                    "first": "S",
                    "middle": [
                        "A"
                    ],
                    "last": "Arslanian",
                    "suffix": ""
                },
                {
                    "first": "R",
                    "middle": [],
                    "last": "Saad",
                    "suffix": ""
                },
                {
                    "first": "V",
                    "middle": [],
                    "last": "Lewy",
                    "suffix": ""
                },
                {
                    "first": "K",
                    "middle": [],
                    "last": "Danadian",
                    "suffix": ""
                },
                {
                    "first": "J",
                    "middle": [],
                    "last": "Janosky",
                    "suffix": ""
                }
            ],
            "year": 2002,
            "venue": "Diabetes",
            "volume": "51",
            "issn": "",
            "pages": "3014--3023",
            "other_ids": {}
        },
        "BIBREF42": {
            "ref_id": "b42",
            "title": "National High Blood Pressure Education Program Working Group on High Blood pressure in children and adolescents. The fourth report on the diagnosis, evaluation, and treatment of high blood pressure in children and adolescents",
            "authors": [],
            "year": 2004,
            "venue": "Pediatrics",
            "volume": "114",
            "issn": "",
            "pages": "555--76",
            "other_ids": {}
        }
    },
    "ref_entries": {
        "FIGREF0": {
            "text": "Key strategies for prevention of obesity and management of overweight without complications in children [9\u221211] Individual and family level 1. Intake of balanced diet, foods rich in fibre content, limited intake of high-calorie foods and sugar sweetened beverages. Having regular meals and increasing intake of water 2. Vigorous physical activity for 20-60 min at least 5 d per week 3. Parents to adopt facilitatory rather than coercive feeding style 4. Adequate sleep duration 5. Balance unavoidable technology-related screen time with increased opportunities for physical activity 6. Involvement of entire family in adopting healthy lifestyle School, community and national level 7. Schools and communities to create environments that promote healthy food and encourage physical activity such as walking and climbing stairs 8. Encourage and promote breast-feeding and home-based complementary foods 9. Guidance to parents, carers, teachers regarding healthy body size and healthy lifestyle including sleep 10. Monitoring of weight gain in mothers in antenatal period and appropriate nutrition for prospective mothers 11. Regulation of marketing of commercially available complementary foods to limit intake of high proportions of fat, sugar and salt by infants. 12. School curriculum to include nutrition and health education components and regular physical activities 13. Develop comprehensive care facilities for management of children with overweight/obesity 14. Integrated national policies and programmes that promote intersectoral coordination to reduce the obesogenic environment (parks, safe roads for cycling, greater production and promotion of millets, legumes and seasonal fruits and vegetables at lower price, etc.)",
            "latex": null,
            "type": "figure"
        },
        "FIGREF1": {
            "text": "of moderate to vigorous physical activity in a day 3. Behavioral interventions Education to family about importance of healthy diet and activity Mindful eating, avoid distractions, avoid grazing Stimulus control within home Keep physical activity and food log Developing a routine for exercise Frequent self weighing at home Sleep hygiene (adequate duration and without electronic devices) Promote healthy family environment Parental training in lifestyle modification Role modeling of desirable behaviors by parents Counseling on regular basis Positive reinforcements, praise and rewards Recognize and manage psychosocial comorbidities (depression, anxiety etc)",
            "latex": null,
            "type": "figure"
        },
        "TABREF0": {
            "text": "",
            "latex": null,
            "type": "table"
        },
        "TABREF1": {
            "text": "",
            "latex": null,
            "type": "table"
        },
        "TABREF2": {
            "text": "Screening for complications of pediatric overweight/obesity[11, 28, 37\u221239]    200 mg/dL during oral glucose tolerance test, in patient with classic symptoms of hyperglycemia, a random plasma glucose \u2265 200 mg/dL",
            "latex": null,
            "type": "table"
        },
        "TABREF3": {
            "text": "",
            "latex": null,
            "type": "table"
        },
        "TABREF4": {
            "text": "Maternal gestational diabetesLow birth weight Accelerated weight gain with crossing of centiles in childhood Infant feeding practices -Early weaning from breast milk Early adiposity rebound Family history of obesity, dyslipidemia, type 2 diabetes or early cardiovascular disease in 1st or 2nd degree relatives",
            "latex": null,
            "type": "table"
        },
        "TABREF5": {
            "text": "The medications available for the treatment of complications are summarized in Box 4.Box 4 Treatment of complications[11,28,37,43]",
            "latex": null,
            "type": "table"
        }
    },
    "back_matter": [
        {
            "text": "None.",
            "cite_spans": [],
            "ref_spans": [],
            "section": "Conflict of Interest"
        }
    ]
}