{
    "paper_id": "00061e75c25ec966a7dc4fb268176812d4b1a700",
    "metadata": {
        "title": "Plasmonics-based gas sensor with photonic spin hall effect in broad terahertz frequency range under variable chemical potential of graphene",
        "authors": [
            {
                "first": "Anuj",
                "middle": [
                    "K"
                ],
                "last": "Sharma",
                "suffix": "",
                "affiliation": {
                    "laboratory": "",
                    "institution": "National Institute of Technology (NIT) Delhi",
                    "location": {
                        "addrLine": "GT Karnal Road",
                        "postCode": "110036",
                        "settlement": "Delhi",
                        "country": "India"
                    }
                },
                "email": ""
            },
            {
                "first": "Parmod",
                "middle": [],
                "last": "Kumar",
                "suffix": "",
                "affiliation": {
                    "laboratory": "",
                    "institution": "National Institute of Technology (NIT) Delhi",
                    "location": {
                        "addrLine": "GT Karnal Road",
                        "postCode": "110036",
                        "settlement": "Delhi",
                        "country": "India"
                    }
                },
                "email": ""
            },
            {
                "first": "\u00b7",
                "middle": [],
                "last": "Yogendra",
                "suffix": "",
                "affiliation": {},
                "email": ""
            },
            {
                "first": "Kumar",
                "middle": [],
                "last": "Prajapati",
                "suffix": "",
                "affiliation": {
                    "laboratory": "",
                    "institution": "MNNIT Allahabad",
                    "location": {
                        "settlement": "Prayagraj"
                    }
                },
                "email": ""
            },
            {
                "first": "Anujsharma@nitdelhi",
                "middle": [
                    "Ac"
                ],
                "last": "In",
                "suffix": "",
                "affiliation": {},
                "email": ""
            },
            {
                "first": "A",
                "middle": [
                    "K"
                ],
                "last": "Sharma",
                "suffix": "",
                "affiliation": {},
                "email": ""
            }
        ]
    },
    "abstract": [
        {
            "text": "Graphene monolayer of sub-nanometer thickness possesses strong metallic and plasmonic behavior in a broad terahertz (THz) frequency range. This plasmonic effect can be considerably manipulated when graphene layer is subjected to a variable chemical potential (E f ) via chemical doping or electrical gating. The strong adsorption characteristics of graphene layer is another important advantage. In this work, a photonic spin Hall effect (PSHE) based plasmonic sensor consisting of germanium prism, organic dielectric layer, and graphene monolayer is simulated and analyzed in THz range aiming at highly sensitive and reliable gas sensing. Modified Otto configuration and Kubo formulation for graphene at room temperature are considered. The sensor's performance is examined in terms of figure of merit (FOM). The analysis indicates that under angular interrogation scheme of sensor operation, the FOM improves for smaller chemical potential (moderate doping) and higher THz frequency. Moreover, the influence of temperature on gas sensor's performance (FOM) is negligible, which suggests that the sensor is capable of providing stable sensing performance against temperature variation. The sensor design is highly flexible in terms of selection of THz frequency as an alternative interrogation scheme (i.e., measuring the variation in spin-dependent shift peak value of PSHE spectrum upon change in gas medium refractive index) can also be implemented. It is found that there is no need to change the moderate doping of graphene monolayer (i.e., E f remains around its normal value ~ 0.1 eV) as the sensitivity achievable with this alternative method has considerably greater magnitude at smaller THz frequency (e.g., 2 THz). The magnitudes of FOM (with angular interrogation method) and sensitivity (with alternative method) are found to be significantly greater for rarer gaseous media, which might possibly assist in early detection of airborne viruses such as SARS-Cov-2 (while using appropriate specificity method) and to measure the concentration of a particular gas in a given gaseous mixture.",
            "cite_spans": [],
            "ref_spans": [],
            "section": "Abstract"
        }
    ],
    "body_text": [
        {
            "text": "Spin hall effect (SHE) refers to the splitting of spin up and spin down electrons inducing spin current perpendicular to the direction of applied electric field (Kato et al. 2004; Hirsch 1999) . Photonic Spin Hall Effect (PSHE) has been attracting a lot of attention in magneto-optical effects (Rizal 2021; Liu 2019) . PSHE is the optical analogy of SHE where spin photon plays the role of spin electron and the electric field is replaced by refractive index (RI) gradient (Bliokh and Bliokh 2004; Aiello and Woerdman 2008) . The reason for the PSHE is credited to a spin-orbital interaction between spin polarization and trajectory of light is the origin of PSHE (Liu 2019; Ling 2017; Murakami et al. 2003) . PSHE is referred to as the displacement normal to the plane of incidence corresponding to the splitting of left or right circularly polarized component when the beam is reflected or transmitted through a plane interface (Bliokh et al. 2015; Gosselin and Be 2007) . PSHE has become a potential candidate for finding applications in different research areas including plasmonics (Filonov et al. 2014; Ling et al. 2012) . PSHE has been utilized to calculate the optical thickness of nanostructures (Boucaud et al. 2014) , and to identify graphene layers (Zhou 2012) . It has also been implemented to investigate more complicated configurations and materials such as left-handed materials and photonic tunneling (Zhou et al. 2014) .",
            "cite_spans": [
                {
                    "start": 161,
                    "end": 179,
                    "text": "(Kato et al. 2004;",
                    "ref_id": "BIBREF17"
                },
                {
                    "start": 180,
                    "end": 192,
                    "text": "Hirsch 1999)",
                    "ref_id": "BIBREF15"
                },
                {
                    "start": 294,
                    "end": 306,
                    "text": "(Rizal 2021;",
                    "ref_id": "BIBREF33"
                },
                {
                    "start": 307,
                    "end": 316,
                    "text": "Liu 2019)",
                    "ref_id": "BIBREF23"
                },
                {
                    "start": 473,
                    "end": 497,
                    "text": "(Bliokh and Bliokh 2004;",
                    "ref_id": "BIBREF4"
                },
                {
                    "start": 498,
                    "end": 523,
                    "text": "Aiello and Woerdman 2008)",
                    "ref_id": "BIBREF0"
                },
                {
                    "start": 664,
                    "end": 674,
                    "text": "(Liu 2019;",
                    "ref_id": "BIBREF23"
                },
                {
                    "start": 675,
                    "end": 685,
                    "text": "Ling 2017;",
                    "ref_id": "BIBREF22"
                },
                {
                    "start": 686,
                    "end": 707,
                    "text": "Murakami et al. 2003)",
                    "ref_id": "BIBREF27"
                },
                {
                    "start": 930,
                    "end": 950,
                    "text": "(Bliokh et al. 2015;",
                    "ref_id": "BIBREF5"
                },
                {
                    "start": 951,
                    "end": 972,
                    "text": "Gosselin and Be 2007)",
                    "ref_id": "BIBREF11"
                },
                {
                    "start": 1087,
                    "end": 1108,
                    "text": "(Filonov et al. 2014;",
                    "ref_id": "BIBREF7"
                },
                {
                    "start": 1109,
                    "end": 1126,
                    "text": "Ling et al. 2012)",
                    "ref_id": "BIBREF21"
                },
                {
                    "start": 1205,
                    "end": 1226,
                    "text": "(Boucaud et al. 2014)",
                    "ref_id": "BIBREF6"
                },
                {
                    "start": 1261,
                    "end": 1272,
                    "text": "(Zhou 2012)",
                    "ref_id": "BIBREF45"
                },
                {
                    "start": 1418,
                    "end": 1436,
                    "text": "(Zhou et al. 2014)",
                    "ref_id": "BIBREF46"
                }
            ],
            "ref_spans": [],
            "section": "Introduction"
        },
        {
            "text": "Spin-dependent splitting (SDS) corresponding to PSHE is small in magnitude so a few methods have been proposed to enhance the SDS (Prajapati 2021) . PSHE enabled surface plasmon resonance (SPR)-based sensors are strong candidates for enhanced SDS (Xiang et al. 2017; Srivastava et al. 2021) . PSHE enhancement was reported by considering SPR effect in a three-layer structure composed of glass, metal, and air (Srivastava et al. 2021) . It was found that a horizontal polarization beam can be used to excite SPR, leading to a significant transverse SDS far greater than the previous reported results observed at the air-glass interface. Another study reported an enhancement of PSHE by using long-range SPR (LRSPR) (Tan and Zhu 2016) .",
            "cite_spans": [
                {
                    "start": 130,
                    "end": 146,
                    "text": "(Prajapati 2021)",
                    "ref_id": "BIBREF32"
                },
                {
                    "start": 247,
                    "end": 266,
                    "text": "(Xiang et al. 2017;",
                    "ref_id": "BIBREF40"
                },
                {
                    "start": 267,
                    "end": 290,
                    "text": "Srivastava et al. 2021)",
                    "ref_id": "BIBREF37"
                },
                {
                    "start": 410,
                    "end": 434,
                    "text": "(Srivastava et al. 2021)",
                    "ref_id": "BIBREF37"
                },
                {
                    "start": 715,
                    "end": 733,
                    "text": "(Tan and Zhu 2016)",
                    "ref_id": "BIBREF38"
                }
            ],
            "ref_spans": [],
            "section": "Introduction"
        },
        {
            "text": "From the above studies, one can establish that SDS can be improved by utilizing the SPR effect. It is known that SPR sensors possess high sensitivity and reliability, that lead them to find a large number of applications in bio-and chemical sensors including biomolecular interaction. The SPR sensors generally operate in visible and infrared (IR) range with noble metals such as gold and silver (Sharma and Nagao 2014) . There has recently been considerable research work on SPR-based and localized SPR-based sensors for biomedical detection (Lobry et al. 2020; Kumar et al. 2021) . Research of SPR sensors in the terahertz (THz) range is relatively moderate as surface plasmon polaritons (SPPs) are found to be extremely unconfined (known as Zenneck waves) (Barlow and Cullen 1953) . This unconfined nature of SPPs leads to limit the performance of SPR-based sensors in THz. At the same time, a large number of molecules contain their collective rotational and vibrational modes in THz frequency range, therefore, SPR-based sensors need to be explored in great detail in THz frequency range. In order to tackle the above issue of poor confinement of SPPs in THz, many artificially engineered structures have been proposed such as Sievenpiper mushrooms and periodic patches (Lockyear et al. 2009; Yao and Zhong 2014) , tunable SP-like modes supported on metal surfaces corrugated with nano-holes or nanorods (Pendry et al. 2004 ), hollow square-ended brass tubes (Hibbins et al. 2005) , and periodically perforated metallic plates (Ulrich and Tacke 1973) . But all these modifications result in bulky size and a complex design of SPR sensor. In most of those cases, the SPPs confinement is not that good either.",
            "cite_spans": [
                {
                    "start": 396,
                    "end": 419,
                    "text": "(Sharma and Nagao 2014)",
                    "ref_id": "BIBREF34"
                },
                {
                    "start": 543,
                    "end": 562,
                    "text": "(Lobry et al. 2020;",
                    "ref_id": "BIBREF24"
                },
                {
                    "start": 563,
                    "end": 581,
                    "text": "Kumar et al. 2021)",
                    "ref_id": "BIBREF19"
                },
                {
                    "start": 759,
                    "end": 783,
                    "text": "(Barlow and Cullen 1953)",
                    "ref_id": "BIBREF3"
                },
                {
                    "start": 1275,
                    "end": 1297,
                    "text": "(Lockyear et al. 2009;",
                    "ref_id": "BIBREF25"
                },
                {
                    "start": 1298,
                    "end": 1317,
                    "text": "Yao and Zhong 2014)",
                    "ref_id": "BIBREF42"
                },
                {
                    "start": 1409,
                    "end": 1428,
                    "text": "(Pendry et al. 2004",
                    "ref_id": "BIBREF30"
                },
                {
                    "start": 1464,
                    "end": 1485,
                    "text": "(Hibbins et al. 2005)",
                    "ref_id": "BIBREF14"
                },
                {
                    "start": 1532,
                    "end": 1555,
                    "text": "(Ulrich and Tacke 1973)",
                    "ref_id": "BIBREF39"
                }
            ],
            "ref_spans": [],
            "section": "Introduction"
        },
        {
            "text": "Graphene, a 2D form of carbon having atoms arranged in honeycomb lattice, is looked at as a suitable alternative to noble plasmon-active metals (e.g., Ag, Au etc.) in THz as it has the capability to support surface plasmon wave (SPW) at very low Fermi energy level owing to its negative imaginary part of conductivity in THz frequency range (Bao and Loh 2012) . Highly doped graphene monolayer has been used for SP excitation at terahertz frequencies (Gan 2012; Novoselov et al. 2004 ). Graphene-based SPPs have larger confinement and have relatively long propagation distances in THz, while possessing the advantage of being highly tunable via electrical and chemical doping methods (Koppens et al. 2011; Gan et al. 2012) . Recently, graphene-based SPR sensor at five terahertz had been reported (Zhang, et al. 2017a) .",
            "cite_spans": [
                {
                    "start": 341,
                    "end": 359,
                    "text": "(Bao and Loh 2012)",
                    "ref_id": "BIBREF2"
                },
                {
                    "start": 451,
                    "end": 461,
                    "text": "(Gan 2012;",
                    "ref_id": "BIBREF9"
                },
                {
                    "start": 462,
                    "end": 483,
                    "text": "Novoselov et al. 2004",
                    "ref_id": "BIBREF28"
                },
                {
                    "start": 684,
                    "end": 705,
                    "text": "(Koppens et al. 2011;",
                    "ref_id": "BIBREF18"
                },
                {
                    "start": 706,
                    "end": 722,
                    "text": "Gan et al. 2012)",
                    "ref_id": "BIBREF8"
                },
                {
                    "start": 797,
                    "end": 818,
                    "text": "(Zhang, et al. 2017a)",
                    "ref_id": "BIBREF43"
                }
            ],
            "ref_spans": [],
            "section": "Introduction"
        },
        {
            "text": "In this paper, we have reported an enhanced PSHE-enabled gas sensor with graphene monolayer in a broad THz frequency region (2-10 THz). Modified Otto configuration has been used. Germanium (Ge) is used as light coupling prism, which assists in momentum matching between SPW and incident p-polarized THz radiation. Further, the influence of graphene's variable chemical potential and temperature on gas sensor's performance is examined and analyzed in a broad frequency region (2-10 THz). Both angular interrogation and SDS magnitude interrogation methods are explored while analyzing the gas sensor's performance.",
            "cite_spans": [],
            "ref_spans": [],
            "section": "Introduction"
        },
        {
            "text": "(i) Graphene's optical properties in THz under the variation of chemical potential.",
            "cite_spans": [],
            "ref_spans": [],
            "section": "Graphene's optical properties in THz and Pshe-based sensor design"
        },
        {
            "text": "The frequency (\u03bd), chemical potential (E f ), and temperature-dependent dielectric constant of graphene is considered which has already been studied (Jabbarzadeh et al. 2019 ). The two-dimensional conductivity of Graphene has a complex value, which consists of interband and intraband conductivities, and its value is dependent on the energy of incident radiation. The two-dimensional conductivity of graphene, which is extracted from Kubo formulation (Aliofkhazraei et al. 2016) , is defined by the following relation:",
            "cite_spans": [
                {
                    "start": 149,
                    "end": 173,
                    "text": "(Jabbarzadeh et al. 2019",
                    "ref_id": "BIBREF16"
                },
                {
                    "start": 452,
                    "end": 479,
                    "text": "(Aliofkhazraei et al. 2016)",
                    "ref_id": "BIBREF1"
                }
            ],
            "ref_spans": [],
            "section": "Graphene's optical properties in THz and Pshe-based sensor design"
        },
        {
            "text": "In above expressions, e, (= 2 ),E f ,\u210f,T , , , and v f are the electron charge, angular frequency of THz radiation, chemical potential (or Fermi energy), reduced Planck's constant, temperature, electron relaxation time, carrier mobility in graphene, and Fermi velocity in graphene, respectively. Net optical conductivity (\u03c3) of graphene is the sum of its intraband and interband contributions:",
            "cite_spans": [],
            "ref_spans": [],
            "section": "Graphene's optical properties in THz and Pshe-based sensor design"
        },
        {
            "text": "Following the calculation of conductivity, the complex relative permittivity (\u03b5 g ) of graphene monolayer is computed from the following expression:",
            "cite_spans": [],
            "ref_spans": [],
            "section": "Graphene's optical properties in THz and Pshe-based sensor design"
        },
        {
            "text": "In Eq. (5), t = 0.34 nm is the effective thickness of graphene monolayer, and \u03b5 0 = 8.854 \u00d7 10 -12 F/m is the permittivity of vacuum. Further, \u03bc = 1 m 2 /(Vs) and v F = 9.5 \u00d7 10 5 m/s for graphene. Similar formulations for studying graphene's dielectric function (\u03b5 g ) have been used in previous studies also which assert that in the frequency range of 1-10 THz, the real part of \u03b5 g is negative while its imaginary part is positive (Li et al. 2017) . Also, the absolute value of \u03b5 g increases as chemical potential increases. It is worth-mentioning that there are two types of chemical doping: surface transfer and substitutional doping. In the substitutional doping, some of carbon atoms in the graphene lattice are substituted by other atoms (e.g., boron and nitrogen) with a different number of valence electrons. The surface transfer doping is primarily non-destructive and takes place owing to transfer of charge between graphene and surface adsorbates (Pinto and Markevich 2014) .",
            "cite_spans": [
                {
                    "start": 434,
                    "end": 450,
                    "text": "(Li et al. 2017)",
                    "ref_id": "BIBREF20"
                },
                {
                    "start": 960,
                    "end": 986,
                    "text": "(Pinto and Markevich 2014)",
                    "ref_id": "BIBREF31"
                }
            ],
            "ref_spans": [],
            "section": "Graphene's optical properties in THz and Pshe-based sensor design"
        },
        {
            "text": "Schematic of the 4-layer PSHE based plasmonic sensor probe is shown in Fig. 1 .",
            "cite_spans": [],
            "ref_spans": [
                {
                    "start": 71,
                    "end": 77,
                    "text": "Fig. 1",
                    "ref_id": "FIGREF0"
                }
            ],
            "section": "(ii) Graphene-based sensor design with PSHE in THz."
        },
        {
            "text": "Modified Otto configuration is used where Ge prism (RI = n 1 ) and graphene monolayer (RI = n 3 = \u221a g and thickness d 3 = t = 0.34 nm) are separated by a dielectric organic layer (RI = n 2 and thickness d 2 = 12 \u03bcm) (Otto 1968; Srivastava et al. 2016) . The typical values of n 1 (= 4) and n 2 (= 1.5) at 5 THz are taken as averaged ones in the corresponding frequency range of 2-10 THz (Zhang, et al. 2017a ). Further, temperature-dependent variation in RI of Ge is considered (Naftaly et al. 2021). The thermo-optic effect in organic layer can be approximated by the same in silica. The possible alternatives of Ge substrate may be high-index chalcogenide glasses (such as 2S2G, As 2 S 3 etc.). In order to calculate the transverse SDS, a general beam propagation model using angular spectrum theory is employed with an incident beam of Gaussian form: In Eq. (6), 0 is the beam waist, and k ix and k iy are the wave vector components in x i and y i directions, respectively. In the spin basis set, the incident beam can be written as:",
            "cite_spans": [
                {
                    "start": 216,
                    "end": 227,
                    "text": "(Otto 1968;",
                    "ref_id": "BIBREF29"
                },
                {
                    "start": 228,
                    "end": 251,
                    "text": "Srivastava et al. 2016)",
                    "ref_id": "BIBREF36"
                },
                {
                    "start": 387,
                    "end": 407,
                    "text": "(Zhang, et al. 2017a",
                    "ref_id": "BIBREF43"
                }
            ],
            "ref_spans": [],
            "section": "(ii) Graphene-based sensor design with PSHE in THz."
        },
        {
            "text": "Here, H and V stand for horizontal and vertical polarization states, respectively. Further,\u1ebc i+ And \u1ebc i\u2212 denote the left and right-handed circularly polarized components, respectively. Transverse displacement of the decomposed H and V polarization incidence (Zhou et al. 2014) , respectively, can be written as:",
            "cite_spans": [
                {
                    "start": 258,
                    "end": 276,
                    "text": "(Zhou et al. 2014)",
                    "ref_id": "BIBREF46"
                }
            ],
            "ref_spans": [],
            "section": "(ii) Graphene-based sensor design with PSHE in THz."
        },
        {
            "text": "If the reflection coefficients r p (p-polarization) and r s (s-polarization) are insensitive to , the above expressions can be simplified by considering the zero-order Taylor series (Xiang et al. 2017 ):",
            "cite_spans": [
                {
                    "start": 182,
                    "end": 200,
                    "text": "(Xiang et al. 2017",
                    "ref_id": "BIBREF40"
                }
            ],
            "ref_spans": [],
            "section": "(ii) Graphene-based sensor design with PSHE in THz."
        },
        {
            "text": "It should be noted that r p and r s for the proposed 4-layer sensor model can be calculated using transfer matrix method (Hetch 2002) . MATLAB is used for the simulation of PSHE based sensor's performance. From Eqs. (11) (12) , it is clear that \u03b4 H components will be significantly greater than \u03b4 V ones. Hence, the proposed sensor will be evaluated by considering \u03b4 H only.",
            "cite_spans": [
                {
                    "start": 121,
                    "end": 133,
                    "text": "(Hetch 2002)",
                    "ref_id": null
                },
                {
                    "start": 216,
                    "end": 220,
                    "text": "(11)",
                    "ref_id": null
                },
                {
                    "start": 221,
                    "end": 225,
                    "text": "(12)",
                    "ref_id": null
                }
            ],
            "ref_spans": [],
            "section": "(ii) Graphene-based sensor design with PSHE in THz."
        },
        {
            "text": "(i) PSHE based plasmonic probe with angular interrogation for gas sensing in THz Figure 2 depicts the simulated PSHE curves (i.e., the angular variation of \u2212 H ) for different gaseous medium RI (n a ) values ranging between 1 and 1.1 while three figures representing the PSHE curves for different sets of (\u03bd, E f ) as (a) (2 THz, 0.1 eV), (b) (10 THz, 0.1 eV), and (c) (10 THz, 0.6 eV). The value of angle (\u03b8) where a given PSHE spectrum",
            "cite_spans": [],
            "ref_spans": [
                {
                    "start": 81,
                    "end": 89,
                    "text": "Figure 2",
                    "ref_id": "FIGREF1"
                }
            ],
            "section": "Results and discussion"
        },
        {
            "text": "(corresponding to a particular n a value) achieves a peak value is known as the resonance angle (designated as \u03b8 SPR ). Clearly, (a) and (b) parts of above figure enable to appreciate the difference among PSHE spectra for two different frequencies (2 THz and 10 THz) at a common chemical potential (0.1 eV) of graphene. Whereas, (b) and (c) parts lead to appreciate the difference among PSHE spectra for two different chemical potential values (0.1 eV and 0.6 eV) at a common frequency (10 THz). From Fig. 2a and b , it can be observed that PSHE spectrum for any given value of n a undergoes a considerable variation (in terms of \u03b8 SPR , peak SDS value, and width of PSHE curve) when the radiation frequency is changed (from 2 to 10 THz in this case). For instance, at n a = 1, \u03b8 SPR changes from 14.040\u00b0 (for \u03bd = 2 THz) to 14.036\u00b0 (for \u03bd = 10 THz). Similarly, at n a = 1.1, \u03b8 SPR changes from 15.381\u00b0 (for \u03bd = 2 THz) to 15.370\u00b0 (for \u03bd = 10 THz). Analyzing it even more minutely, the value of \u03b8 SPR changes merely by 0.004\u00b0 for n a = 1 and 0.011\u00b0 for n a = 1.1 corresponding to a significantly large variation in \u03bd (i.e., \u0394\u03bd = 8 THz). The above values suggest that the \u03bd-dependent variation in \u03b8 SPR is very slow. However, the same may not be the case with SDS peak magnitude. From Fig. 2a and b , it can be observed that at n a = 1, SDS peak value changes from 2041.35 \u03bcm (for \u03bd = 2 THz) to 1886.2 \u03bcm (for \u03bd = 10 THz). Similarly, at n a = 1.1, SDS peak value changes from 1821.55 \u03bcm (for \u03bd = 2 THz) to 1698.80 \u03bcm (for \u03bd = 10 THz). A closer analysis reveals that the peak SDS value changes significantly by 219.80 \u03bcm for n a = 1 and 122.75 \u03bcm for n a = 1.1 corresponding to \u0394\u03bd = 8 THz. These values clearly suggest that, unlike \u03b8 SPR , peak SDS magnitude has stronger dependence on \u03bd. From Fig. 2b and c, it can be observed that PSHE spectrum for any given value of n a undergoes a considerable variation when the chemical potential is changed (from 0.1 eV to 0.6 eV in this case). It is evident from the corresponding values of \u03b8 SPR mentioned in Fig. 2b and c that the E f -dependent variation in \u03b8 SPR is very slow as the value of \u03b8 SPR changes merely by 0.006\u00b0 for n a = 1 and 0.013\u00b0 for n a = 1.1 corresponding to a significantly large variation in E f (i.e., \u0394E f = 0.5 eV). However, the effect of E f variation on SDS peak value is extremely large. From Fig. 2b and c, it can be observed that at n a = 1, SDS peak value changes from 1886.2 \u03bcm (for E f = 0.1 eV) to 343.39 \u03bcm (for E f = 0.6 eV). Similarly, at n a = 1.1, SDS peak value changes from 1698.80 \u03bcm (for E f = 0.1 eV) to 307.18 \u03bcm (for E f = 0.6 eV). A closer analysis reveals that the peak SDS value changes significantly by 1542.81 \u03bcm for n a = 1 and 1391.62 \u03bcm for n a = 1.1 corresponding to \u0394E f = 0.5 eV.",
            "cite_spans": [],
            "ref_spans": [
                {
                    "start": 501,
                    "end": 514,
                    "text": "Fig. 2a and b",
                    "ref_id": "FIGREF1"
                },
                {
                    "start": 1282,
                    "end": 1295,
                    "text": "Fig. 2a and b",
                    "ref_id": "FIGREF1"
                },
                {
                    "start": 1790,
                    "end": 1797,
                    "text": "Fig. 2b",
                    "ref_id": "FIGREF1"
                },
                {
                    "start": 2048,
                    "end": 2061,
                    "text": "Fig. 2b and c",
                    "ref_id": "FIGREF1"
                },
                {
                    "start": 2361,
                    "end": 2368,
                    "text": "Fig. 2b",
                    "ref_id": "FIGREF1"
                }
            ],
            "section": "Results and discussion"
        },
        {
            "text": "The above discussion indicates towards the important role of \u03bd and E f on proposed sensor's output characteristics. Importantly, it should be appreciated that the above \u03bd-and E f -dependent deviations in SDS and \u03b8 SPR will, respectively, affect the detection accuracy (that depends on PSHE curve width) and sensitivity. At this point, it is worth-mentioning that the sensor's overall performance is evaluated in terms of figure-of-merit (FOM):",
            "cite_spans": [],
            "ref_spans": [],
            "section": "Results and discussion"
        },
        {
            "text": "In Eq. (13), \u03b4\u03b8 SPR is the angular shift of PSHE curve peak corresponding to \u03b4n a variation in gaseous medium RI, and FWHM is the angular width of PSHE spectrum. FOM consists of two individual performance components, i.e., sensitivity (S a = \u0394\u03b8 SPR \u0394n a in deg./ RIU), and accuracy A = 1/FWHM in deg. \u22121 ). The unit of FOM is RIU \u22121 from Eq. (13). In the next section, a combined effect of \u03bd and E f on proposed sensor's FOM is analyzed in detail.",
            "cite_spans": [],
            "ref_spans": [],
            "section": "Results and discussion"
        },
        {
            "text": "( Figure 3 presents the 2D (\u03bd-E f ) variation of FOM of the proposed gas sensor. The radiation frequency has been varied between 2 and 10 THz for above plot, and the chemical potential of graphene has been considered between 0.1 eV and 1.1 eV. While the upper limit (1.1 eV) of chemical potential represents the higher doping, the lower limit (0.1 eV) represents the moderate doping of graphene. In line with the discussion related to Fig. 2 , the 2D variation in Fig. 3 demonstrates that the proposed sensor's FOM achieves the highest value for greater THz frequency and smaller chemical potential. It is important to note that while the smaller chemical potential is convenient from the sensor fabrication viewpoint, opting for radiation frequency greater than 10 THz may not be appropriate as many critical gas sensing applications (e.g., for toxic gases such as hydrogen sulfide, sulfur hexafluoride, carbon disulphide etc.) are limited in the vicinity of 10 THz frequency only (Yang at al. 2018) .",
            "cite_spans": [
                {
                    "start": 982,
                    "end": 1000,
                    "text": "(Yang at al. 2018)",
                    "ref_id": "BIBREF41"
                }
            ],
            "ref_spans": [
                {
                    "start": 2,
                    "end": 10,
                    "text": "Figure 3",
                    "ref_id": null
                },
                {
                    "start": 435,
                    "end": 441,
                    "text": "Fig. 2",
                    "ref_id": "FIGREF1"
                },
                {
                    "start": 464,
                    "end": 470,
                    "text": "Fig. 3",
                    "ref_id": null
                }
            ],
            "section": "Results and discussion"
        },
        {
            "text": "In this sequence, Fig. 4 presents the simpler and more categorical depiction of FOM variation with chemical potential at five different radiation frequencies ranging from 2 to 10 THz. Notably, the chemical potential range has been made limited to 0.6 eV (compared to 1.1 eV in Fig. 3 ). It is for the reason that chemical doping can permanently tune graphene for long-term device application assuming that once graphene is chemically prepared and doped (typical value of E f around 0.6 eV), it is isolated from the environment (Aliofkhazraei et al. 2016; Mock 2012) . Figure 4 clearly corroborates with Figs. 2 and 3, and emphasizes that moderate doping (smaller E f ) of graphene and higher THz frequency (\u2245 9-10 THz) lead to significantly greater FOM.",
            "cite_spans": [
                {
                    "start": 527,
                    "end": 554,
                    "text": "(Aliofkhazraei et al. 2016;",
                    "ref_id": "BIBREF1"
                },
                {
                    "start": 555,
                    "end": 565,
                    "text": "Mock 2012)",
                    "ref_id": "BIBREF26"
                }
            ],
            "ref_spans": [
                {
                    "start": 18,
                    "end": 24,
                    "text": "Fig. 4",
                    "ref_id": null
                },
                {
                    "start": 277,
                    "end": 283,
                    "text": "Fig. 3",
                    "ref_id": null
                },
                {
                    "start": 568,
                    "end": 576,
                    "text": "Figure 4",
                    "ref_id": null
                }
            ],
            "section": "ii) Coupled effect of THz frequency and graphene's chemical potential on PSHEbased gas sensor's FOM"
        },
        {
            "text": "The major rationale behind this outcome is that the combination of smaller E f and greater \u03bd leads to sharper PSHE curve corresponding to any given value of n a . This very fact is clearly evident from Fig. 2b , which exhibits significantly sharper (i.e., with smaller FWHM) PSHE curves than those corresponding to Fig. 2a and c. For an entirely clear elaboration of the above argument, the following Table 1 enlists the values of S a (deg./RIU), FWHM (deg.), and FOM (RIU \u22121 ) corresponding to Figs. 2 a, b , and c.",
            "cite_spans": [],
            "ref_spans": [
                {
                    "start": 202,
                    "end": 209,
                    "text": "Fig. 2b",
                    "ref_id": "FIGREF1"
                },
                {
                    "start": 315,
                    "end": 329,
                    "text": "Fig. 2a and c.",
                    "ref_id": "FIGREF1"
                },
                {
                    "start": 401,
                    "end": 408,
                    "text": "Table 1",
                    "ref_id": null
                },
                {
                    "start": 495,
                    "end": 507,
                    "text": "Figs. 2 a, b",
                    "ref_id": "FIGREF1"
                }
            ],
            "section": "ii) Coupled effect of THz frequency and graphene's chemical potential on PSHEbased gas sensor's FOM"
        },
        {
            "text": "The above table clearly indicates that the sensitivity remains nearly the same (in the vicinity of 13.5 deg./RIU) for all three combinations (of E f and \u03bd) and for whole range of n a values. Considering the standard angular resolution of 0.001\u00b0, the calculated detection limit (R a = 0.001 S a ) comes out to be 7.41 \u00d7 10 -5 RIU. However, there is a considerable variation in PSHE curve's FWHM for different combinations of E f and \u03bd. Among three The plots correspond to FOM calculation while considering the gas RI values of 1 and 1.01 combinations, the smallest FWHM values (i.e., the sharpest PSHE curves) are achieved for smaller E f and greater \u03bd, which eventually leads to highest FOM. The corresponding minimum values of FWHM and maximum values of FOM are highlighted in the above table. From the above discussion, it can be explicitly established that a THz frequency in the vicinity of 9-10 THz and graphene's chemical potential around 0.1 eV should be preferred in order to achieve significantly large FOM from the proposed PSHE-based gas sensor.",
            "cite_spans": [],
            "ref_spans": [],
            "section": "ii) Coupled effect of THz frequency and graphene's chemical potential on PSHEbased gas sensor's FOM"
        },
        {
            "text": "(iii) Analysis of sensor's performance for the range of gas RI values, and effect of temperature and magnetic field Figure 5 presents the variation of FOM with n a at 10 THz frequency for different values of E f . Figure 5 demonstrates that for any value of E f , the sensor's FOM decreases for larger values of n a . Focusing on the curve corresponding to E f = 0.1 eV (in view of the discussion in previous sections), it can be numerically appreciated that at E f = 0.1 eV (and \u03bd = 10 THz), the FOM magnitude varies from its maximum value of 232.76 RIU \u22121 (at n a = 1) to 183.56 RIU \u22121 (at n a = 1.1), which tallies to nearly 20% decrease in FOM corresponding to n a varying from 1 to 1.1. This decrease seems manageable as the FOM Table 1 Simulated values of different sensing performance parameters (S a , FWHM, and FOM) for three different combinations of \u03bd and E f : (a) \u03bd = 2 THz and E f = 0.1 eV, (b) \u03bd = 10 THz and E f = 0.1 eV, and (c) \u03bd = 10 THz and E f = 0.6 eV Fig. 5 Simulated variation of FOM with n a at \u03bd = 10 THz for different values of E f . Here, n a = 1 has been taken as reference for FOM calculations magnitudes corresponding to the above range of n a are already large enough for highly sensitive and accurate measurement of n a .",
            "cite_spans": [],
            "ref_spans": [
                {
                    "start": 116,
                    "end": 124,
                    "text": "Figure 5",
                    "ref_id": null
                },
                {
                    "start": 214,
                    "end": 222,
                    "text": "Figure 5",
                    "ref_id": null
                },
                {
                    "start": 734,
                    "end": 741,
                    "text": "Table 1",
                    "ref_id": null
                },
                {
                    "start": 974,
                    "end": 980,
                    "text": "Fig. 5",
                    "ref_id": null
                }
            ],
            "section": "ii) Coupled effect of THz frequency and graphene's chemical potential on PSHEbased gas sensor's FOM"
        },
        {
            "text": "As a matter of fact, greater amount of FOM at smaller n a values is an extremely vital outcome because in case of blend of gases, low n a relates to smaller concentrations (e.g., CO 2 in CH 4 ) (Giraudet 2016 ) and relatively larger FOM will surely cause more precise detection of low concentrations in gaseous mixtures. As another apparent application of this outcome may be in view of the reports that the fatal virus such as SARS-Cov-2 has an airborne transmission (Greenhalgh et al. 2021) , probabilistically leading to extremely miniscule local variations in the air RI. The proposed sensor probe, with an appropriately-selected specificity material (e.g., polyaniline, choline oxidase, polypyrrole, and glutamate oxidase etc.), may possibly be a useful instrument to deliver an early (due to graphene's prominent adsorption behavior) and accurate (due to large FOM at small RI) detection of SARS-Cov-2 infusion at the sites of expected high risk.",
            "cite_spans": [
                {
                    "start": 194,
                    "end": 208,
                    "text": "(Giraudet 2016",
                    "ref_id": "BIBREF10"
                },
                {
                    "start": 468,
                    "end": 492,
                    "text": "(Greenhalgh et al. 2021)",
                    "ref_id": "BIBREF12"
                }
            ],
            "ref_spans": [],
            "section": "ii) Coupled effect of THz frequency and graphene's chemical potential on PSHEbased gas sensor's FOM"
        },
        {
            "text": "Further, it is very important to analyze the effect of temperature on the proposed sensor's performance. As discussed in Section-II, the thermo-optic effect in constituent media (Ge, organic layer, and graphene) is considered in the temperature range of 294 K-350 K. The following Table 2 enlists the values of FOM at 5 different temperatures in the above range.",
            "cite_spans": [],
            "ref_spans": [
                {
                    "start": 281,
                    "end": 288,
                    "text": "Table 2",
                    "ref_id": "TABREF0"
                }
            ],
            "section": "ii) Coupled effect of THz frequency and graphene's chemical potential on PSHEbased gas sensor's FOM"
        },
        {
            "text": "The above table suggests that there is not much change in sensor's FOM when the temperature is varied. This is probably due to the reason that the variation in temperature does not change the PSHE curve's FWHM by any significant extent, and therefore, the FOM remains in the close vicinity of 235 RIU \u22121 . Hence, while assuming that the gas RI does not vary with temperature in the above range, it can be established that the influence of temperature on gas sensor's performance is negligible.",
            "cite_spans": [],
            "ref_spans": [],
            "section": "ii) Coupled effect of THz frequency and graphene's chemical potential on PSHEbased gas sensor's FOM"
        },
        {
            "text": "At THz, the imaginary part (absorption) of graphene monolayer increases with magnetic field (Zhang et al. 2017b) , therefore, FWHM of the PSHE curve is bound to decrease with an increase in magnetic field (say, in a range of 0-1 T). It may fundamentally cause the PSHE spectrum to be deeper leading to smaller FWHM. On the other hand, the sensitivity tends to decrease with an increase in magnetic field. The FOM, in consequence, will increase with an increase in magnetic field.",
            "cite_spans": [
                {
                    "start": 92,
                    "end": 112,
                    "text": "(Zhang et al. 2017b)",
                    "ref_id": "BIBREF44"
                }
            ],
            "ref_spans": [],
            "section": "ii) Coupled effect of THz frequency and graphene's chemical potential on PSHEbased gas sensor's FOM"
        },
        {
            "text": "At this juncture, it should be noted here that the gas sensing with the proposed PSHE-based probe can also be performed in terms of an alternative method, i.e., variation in SDS peak value upon change in gas medium RI. Under this method, the sensitivity (say, S P ) can be defined as: From above expression, the unit of S P is \u03bcm/RIU. Following Table 3 enlists some representative values of S P (\u03bcm/RIU) corresponding to Fig. 2a, b , and c.",
            "cite_spans": [],
            "ref_spans": [
                {
                    "start": 345,
                    "end": 352,
                    "text": "Table 3",
                    "ref_id": "TABREF1"
                },
                {
                    "start": 421,
                    "end": 431,
                    "text": "Fig. 2a, b",
                    "ref_id": "FIGREF1"
                }
            ],
            "section": "(iv) A brief analysis of the sensor's performance with an alternative interrogation method"
        },
        {
            "text": "The above table indicates that for any given value of n a , the combination of smaller values of both E f and \u03bd lead to greater S P , which has been highlighted in the above table. There are two important aspects visible from the above table. First, an increase in E f leads to decrease in S P , which is consistent with the outcomes discussed in earlier sections. Second, for small E f (0.1 eV here), S P has an inverse dependence on \u03bd, i.e., the smaller the THz frequency, the greater is the magnitude of S P . This is an extremely important result as it not only opens up an alternative method to carry out the sensing procedure but it also provides a huge flexibility to the sensor design in terms of selecting the THz frequency. More precisely, if a smaller THz frequency source is available, then one may opt for this method (i.e., measuring the variation in SDS peak value of PSHE spectrum upon change in gas medium RI), and for greater THz frequency source, one can use the angular form of the PSHE spectrum (as discussed in previous sections). Nonetheless, in either of the methods, the value of E f should be chosen in the vicinity of 0.1 eV.",
            "cite_spans": [],
            "ref_spans": [],
            "section": "(iv) A brief analysis of the sensor's performance with an alternative interrogation method"
        },
        {
            "text": "PSHE-based plasmonic sensor with Ge prism, thick organic layer, and graphene is simulated and analyzed in THz region for gas sensing. The results suggest that with angular interrogation method, significantly larger FOM (~ 235 RIU \u22121 ) for gaseous sensing can be achieved with smaller chemical potential (e.g., 0.1 eV) and higher THz radiation frequency (e.g., 9-10 THz). Further, the sensor's FOM increases for smaller refractive index of gaseous media. This very feature may possibly be relevant in early detection of airborne viruses (e.g., SARS-COV-2) and detection of small concentrations in gaseous mixtures (e.g., CO 2 in CH 4 ). Moreover, the influence of temperature on gas sensor's performance (FOM) is negligible, which suggests that the sensor is capable of providing stable sensing performance against temperature variation. As a crucial addition to the sensor design flexibility, the probe can still be operated at a smaller THz frequency (e.g., 2 THz) by following an alternative interrogation scheme (i.e., measuring the variation in SDS peak value of PSHE spectrum upon change in gas medium RI). Interestingly, other 2D materials such as black phosphorus (BP) and transition metal dichalcogenides (TMD) can also provide extremely efficient manipulation of the propagation and detection of THz waves (Shi et al. 2018 ). ",
            "cite_spans": [
                {
                    "start": 1315,
                    "end": 1331,
                    "text": "(Shi et al. 2018",
                    "ref_id": "BIBREF35"
                }
            ],
            "ref_spans": [],
            "section": "Conclusions"
        }
    ],
    "bib_entries": {
        "BIBREF0": {
            "ref_id": "b0",
            "title": "Role of beam propagation in Goos-H\u00e4nchen and Imbert-Fedorov shifts",
            "authors": [
                {
                    "first": "A",
                    "middle": [],
                    "last": "Aiello",
                    "suffix": ""
                },
                {
                    "first": "J",
                    "middle": [
                        "P"
                    ],
                    "last": "Woerdman",
                    "suffix": ""
                }
            ],
            "year": 2008,
            "venue": "Opt. Lett",
            "volume": "33",
            "issn": "13",
            "pages": "",
            "other_ids": {}
        },
        "BIBREF1": {
            "ref_id": "b1",
            "title": "Graphene Science Handbook: Electrical and optical properties",
            "authors": [
                {
                    "first": "M",
                    "middle": [],
                    "last": "Aliofkhazraei",
                    "suffix": ""
                }
            ],
            "year": 2016,
            "venue": "",
            "volume": "",
            "issn": "",
            "pages": "",
            "other_ids": {}
        },
        "BIBREF2": {
            "ref_id": "b2",
            "title": "Graphene photonics, plasmonics, and broadband optoelectronic devices",
            "authors": [
                {
                    "first": "Q",
                    "middle": [],
                    "last": "Bao",
                    "suffix": ""
                },
                {
                    "first": "K",
                    "middle": [
                        "P"
                    ],
                    "last": "Loh",
                    "suffix": ""
                }
            ],
            "year": 2012,
            "venue": "ACS Nano",
            "volume": "6",
            "issn": "",
            "pages": "3677--3694",
            "other_ids": {}
        },
        "BIBREF3": {
            "ref_id": "b3",
            "title": "Surface waves. Proc. IEE III: Radio Commun. Eng. 100(68)",
            "authors": [
                {
                    "first": "H",
                    "middle": [],
                    "last": "Barlow",
                    "suffix": ""
                },
                {
                    "first": "A",
                    "middle": [],
                    "last": "Cullen",
                    "suffix": ""
                }
            ],
            "year": 1953,
            "venue": "",
            "volume": "",
            "issn": "",
            "pages": "",
            "other_ids": {}
        },
        "BIBREF4": {
            "ref_id": "b4",
            "title": "Topological spin transport of photons : the optical Magnus effect and Berry phase",
            "authors": [
                {
                    "first": "K",
                    "middle": [
                        "Y"
                    ],
                    "last": "Bliokh",
                    "suffix": ""
                },
                {
                    "first": "Y",
                    "middle": [
                        "P"
                    ],
                    "last": "Bliokh",
                    "suffix": ""
                }
            ],
            "year": 2004,
            "venue": "Phys. Lett. A",
            "volume": "333",
            "issn": "3-4",
            "pages": "181--186",
            "other_ids": {}
        },
        "BIBREF5": {
            "ref_id": "b5",
            "title": "Spin-orbit interactions of light",
            "authors": [
                {
                    "first": "K",
                    "middle": [
                        "Y"
                    ],
                    "last": "Bliokh",
                    "suffix": ""
                }
            ],
            "year": 2015,
            "venue": "Nat. Photonics",
            "volume": "9",
            "issn": "12",
            "pages": "796--808",
            "other_ids": {}
        },
        "BIBREF6": {
            "ref_id": "b6",
            "title": "Nanocrystalline diamond photonics platform with high quality factor photonic crystal cavities",
            "authors": [
                {
                    "first": "P",
                    "middle": [],
                    "last": "Boucaud",
                    "suffix": ""
                }
            ],
            "year": 2012,
            "venue": "App. Phys. Lett",
            "volume": "171115",
            "issn": "",
            "pages": "1--5",
            "other_ids": {}
        },
        "BIBREF7": {
            "ref_id": "b7",
            "title": "Photonic spin Hall effect in hyperbolic metamaterials for polarization-controlled routing of subwavelength modes",
            "authors": [
                {
                    "first": "D",
                    "middle": [
                        "S"
                    ],
                    "last": "Filonov",
                    "suffix": ""
                }
            ],
            "year": 2014,
            "venue": "Nat. Commun",
            "volume": "5",
            "issn": "1",
            "pages": "",
            "other_ids": {}
        },
        "BIBREF8": {
            "ref_id": "b8",
            "title": "Synthesis of highly confined surface plasmon modes with doped graphene sheets in the midinfrared and terahertz frequencies",
            "authors": [
                {
                    "first": "C",
                    "middle": [
                        "H"
                    ],
                    "last": "Gan",
                    "suffix": ""
                },
                {
                    "first": "H",
                    "middle": [
                        "S"
                    ],
                    "last": "Chu",
                    "suffix": ""
                },
                {
                    "first": "E",
                    "middle": [
                        "P"
                    ],
                    "last": "Li",
                    "suffix": ""
                }
            ],
            "year": 2012,
            "venue": "Phys. Rev. B",
            "volume": "85",
            "issn": "12",
            "pages": "",
            "other_ids": {}
        },
        "BIBREF9": {
            "ref_id": "b9",
            "title": "Analysis of surface plasmon excitation at terahertz frequencies with highly doped graphene sheets via attenuated total reflection",
            "authors": [
                {
                    "first": "C",
                    "middle": [
                        "H"
                    ],
                    "last": "Gan",
                    "suffix": ""
                }
            ],
            "year": 2012,
            "venue": "Appl. Phys. Lett",
            "volume": "101",
            "issn": "",
            "pages": "",
            "other_ids": {}
        },
        "BIBREF10": {
            "ref_id": "b10",
            "title": "Concentration dependent RI of CO 2 /CH 4 mixture in gaseous and supercritical phases",
            "authors": [
                {
                    "first": "C",
                    "middle": [],
                    "last": "Giraudet",
                    "suffix": ""
                }
            ],
            "year": 2016,
            "venue": "J. Chem. Phys",
            "volume": "144",
            "issn": "",
            "pages": "",
            "other_ids": {}
        },
        "BIBREF11": {
            "ref_id": "b11",
            "title": "Spin Hall effect of photons in a static gravitational field",
            "authors": [
                {
                    "first": "P",
                    "middle": [],
                    "last": "Gosselin",
                    "suffix": ""
                },
                {
                    "first": "A",
                    "middle": [],
                    "last": "Be",
                    "suffix": ""
                }
            ],
            "year": 2007,
            "venue": "",
            "volume": "75",
            "issn": "",
            "pages": "1--6",
            "other_ids": {}
        },
        "BIBREF12": {
            "ref_id": "b12",
            "title": "Ten scientific reasons in support of airborne transmission of SARS-COV-2",
            "authors": [
                {
                    "first": "T",
                    "middle": [],
                    "last": "Greenhalgh",
                    "suffix": ""
                }
            ],
            "year": 2021,
            "venue": "Lancet",
            "volume": "397",
            "issn": "",
            "pages": "1603--1605",
            "other_ids": {}
        },
        "BIBREF14": {
            "ref_id": "b14",
            "title": "Experimental verification of designer surface plasmons",
            "authors": [
                {
                    "first": "A",
                    "middle": [
                        "P"
                    ],
                    "last": "Hibbins",
                    "suffix": ""
                },
                {
                    "first": "R",
                    "middle": [
                        "E"
                    ],
                    "last": "Benjamin",
                    "suffix": ""
                },
                {
                    "first": "J",
                    "middle": [
                        "R"
                    ],
                    "last": "Sambles",
                    "suffix": ""
                }
            ],
            "year": 2005,
            "venue": "Science",
            "volume": "308",
            "issn": "5722",
            "pages": "670--672",
            "other_ids": {}
        },
        "BIBREF15": {
            "ref_id": "b15",
            "title": "Spin hall effect",
            "authors": [
                {
                    "first": "J",
                    "middle": [
                        "E"
                    ],
                    "last": "Hirsch",
                    "suffix": ""
                }
            ],
            "year": 1999,
            "venue": "Phys. Rev. Lett",
            "volume": "83",
            "issn": "9",
            "pages": "1834--1837",
            "other_ids": {}
        },
        "BIBREF16": {
            "ref_id": "b16",
            "title": "A comparative analysis of the accuracy of Kubo formulations for graphene plasmonics",
            "authors": [
                {
                    "first": "F",
                    "middle": [],
                    "last": "Jabbarzadeh",
                    "suffix": ""
                },
                {
                    "first": "M",
                    "middle": [],
                    "last": "Heydari",
                    "suffix": ""
                },
                {
                    "first": "A",
                    "middle": [],
                    "last": "Habibzadeh-Sharif",
                    "suffix": ""
                }
            ],
            "year": 2019,
            "venue": "Mater. Res. Express",
            "volume": "6",
            "issn": "8",
            "pages": "",
            "other_ids": {}
        },
        "BIBREF17": {
            "ref_id": "b17",
            "title": "Observation of the spin hall in semiconductor",
            "authors": [
                {
                    "first": "Y",
                    "middle": [
                        "K"
                    ],
                    "last": "Kato",
                    "suffix": ""
                }
            ],
            "year": 1910,
            "venue": "Science",
            "volume": "306",
            "issn": "",
            "pages": "1--5",
            "other_ids": {}
        },
        "BIBREF18": {
            "ref_id": "b18",
            "title": "Graphene plasmonics: a platform for strong lightmatter interactions",
            "authors": [
                {
                    "first": "F",
                    "middle": [
                        "H L"
                    ],
                    "last": "Koppens",
                    "suffix": ""
                },
                {
                    "first": "D",
                    "middle": [
                        "E"
                    ],
                    "last": "Chang",
                    "suffix": ""
                },
                {
                    "first": "F",
                    "middle": [
                        "J"
                    ],
                    "last": "Garc\u00eda De Abajo",
                    "suffix": ""
                }
            ],
            "year": 2011,
            "venue": "Nano Letters",
            "volume": "11",
            "issn": "8",
            "pages": "3370--3377",
            "other_ids": {}
        },
        "BIBREF19": {
            "ref_id": "b19",
            "title": "MoS 2 functionalized multicore fiber probes for selective detection of Shigella bacteria based on localized plasmon",
            "authors": [
                {
                    "first": "S",
                    "middle": [],
                    "last": "Kumar",
                    "suffix": ""
                }
            ],
            "year": 2021,
            "venue": "J. Lightwave. Technol",
            "volume": "39",
            "issn": "12",
            "pages": "4069--4081",
            "other_ids": {}
        },
        "BIBREF20": {
            "ref_id": "b20",
            "title": "One-dimensional multiband terahertz graphene photonic crystal filters",
            "authors": [
                {
                    "first": "Y",
                    "middle": [],
                    "last": "Li",
                    "suffix": ""
                }
            ],
            "year": 2017,
            "venue": "Opt. Mat. Exp",
            "volume": "7",
            "issn": "4",
            "pages": "",
            "other_ids": {}
        },
        "BIBREF21": {
            "ref_id": "b21",
            "title": "Steering far-field spin-dependent splitting of light by inhomogeneous anisotropic media",
            "authors": [
                {
                    "first": "X",
                    "middle": [],
                    "last": "Ling",
                    "suffix": ""
                }
            ],
            "year": 2012,
            "venue": "Phys. Rev. A",
            "volume": "86",
            "issn": "5",
            "pages": "1--5",
            "other_ids": {}
        },
        "BIBREF22": {
            "ref_id": "b22",
            "title": "Recent advances in the spin Hall effect of light",
            "authors": [
                {
                    "first": "X",
                    "middle": [],
                    "last": "Ling",
                    "suffix": ""
                }
            ],
            "year": 2017,
            "venue": "Rep. Prog. Phys",
            "volume": "80",
            "issn": "6",
            "pages": "",
            "other_ids": {}
        },
        "BIBREF23": {
            "ref_id": "b23",
            "title": "Magneto-optical effects on the properties of the photonic spin Hall effect owing to the defect mode in photonic crystals with plasma",
            "authors": [
                {
                    "first": "Y",
                    "middle": [
                        "L"
                    ],
                    "last": "Liu",
                    "suffix": ""
                }
            ],
            "year": 2019,
            "venue": "AIP Adv",
            "volume": "9",
            "issn": "7",
            "pages": "",
            "other_ids": {}
        },
        "BIBREF24": {
            "ref_id": "b24",
            "title": "HER2 biosensing through SPR-envelope tracking in plasmonic optical fiber gratings",
            "authors": [
                {
                    "first": "M",
                    "middle": [],
                    "last": "Lobry",
                    "suffix": ""
                }
            ],
            "year": 2020,
            "venue": "Biomed. Opt. Exp",
            "volume": "11",
            "issn": "9",
            "pages": "4862--4871",
            "other_ids": {}
        },
        "BIBREF25": {
            "ref_id": "b25",
            "title": "Microwave surface-plasmon-like modes on thin metamaterials",
            "authors": [
                {
                    "first": "M",
                    "middle": [
                        "J"
                    ],
                    "last": "Lockyear",
                    "suffix": ""
                },
                {
                    "first": "A",
                    "middle": [
                        "P"
                    ],
                    "last": "Hibbins",
                    "suffix": ""
                },
                {
                    "first": "J",
                    "middle": [
                        "R"
                    ],
                    "last": "Sambles",
                    "suffix": ""
                }
            ],
            "year": 2009,
            "venue": "Phys. Rev. Lett",
            "volume": "102",
            "issn": "7",
            "pages": "",
            "other_ids": {}
        },
        "BIBREF26": {
            "ref_id": "b26",
            "title": "Pad\u00e9 approximant spectral fit for FDTD simulation of graphene in the near infrared",
            "authors": [
                {
                    "first": "A",
                    "middle": [],
                    "last": "Mock",
                    "suffix": ""
                }
            ],
            "year": 2012,
            "venue": "Opt. Mater. Exp",
            "volume": "2",
            "issn": "6",
            "pages": "771--781",
            "other_ids": {}
        },
        "BIBREF27": {
            "ref_id": "b27",
            "title": "Refractive Indices of Ge and Si at Temperatures between 4-296 K in the 4-8 THz Region",
            "authors": [
                {
                    "first": "S",
                    "middle": [],
                    "last": "Murakami",
                    "suffix": ""
                },
                {
                    "first": "N",
                    "middle": [],
                    "last": "Nagaosa",
                    "suffix": ""
                },
                {
                    "first": "S",
                    "middle": [],
                    "last": "Zhang",
                    "suffix": ""
                },
                {
                    "first": "M",
                    "middle": [],
                    "last": "Naftaly",
                    "suffix": ""
                },
                {
                    "first": "S",
                    "middle": [],
                    "last": "Chick",
                    "suffix": ""
                },
                {
                    "first": "G",
                    "middle": [],
                    "last": "Matmon",
                    "suffix": ""
                },
                {
                    "first": "B",
                    "middle": [],
                    "last": "Murdin",
                    "suffix": ""
                }
            ],
            "year": 2003,
            "venue": "Appl. Sci",
            "volume": "301",
            "issn": "2",
            "pages": "",
            "other_ids": {}
        },
        "BIBREF28": {
            "ref_id": "b28",
            "title": "Electric field effect in atomically thin carbon films",
            "authors": [
                {
                    "first": "K",
                    "middle": [
                        "S"
                    ],
                    "last": "Novoselov",
                    "suffix": ""
                },
                {
                    "first": "A",
                    "middle": [
                        "K"
                    ],
                    "last": "Geim",
                    "suffix": ""
                },
                {
                    "first": "S",
                    "middle": [
                        "V"
                    ],
                    "last": "Morozov",
                    "suffix": ""
                },
                {
                    "first": "D.-E",
                    "middle": [],
                    "last": "Jiang",
                    "suffix": ""
                },
                {
                    "first": "Z",
                    "middle": [],
                    "last": "Yanshui",
                    "suffix": ""
                },
                {
                    "first": "S",
                    "middle": [
                        "V"
                    ],
                    "last": "Dubonos",
                    "suffix": ""
                },
                {
                    "first": "I",
                    "middle": [
                        "V"
                    ],
                    "last": "Grigorieva",
                    "suffix": ""
                },
                {
                    "first": "A",
                    "middle": [
                        "A"
                    ],
                    "last": "Firsov",
                    "suffix": ""
                }
            ],
            "year": 2004,
            "venue": "Science",
            "volume": "306",
            "issn": "5696",
            "pages": "666--669",
            "other_ids": {}
        },
        "BIBREF29": {
            "ref_id": "b29",
            "title": "Excitation of nonradiative surface plasma waves in silver by method of frustrated total reflection",
            "authors": [
                {
                    "first": "A",
                    "middle": [],
                    "last": "Otto",
                    "suffix": ""
                }
            ],
            "year": 1968,
            "venue": "Z. Phys",
            "volume": "216",
            "issn": "4",
            "pages": "398--410",
            "other_ids": {}
        },
        "BIBREF30": {
            "ref_id": "b30",
            "title": "Mimicking surface plasmons with structured surfaces",
            "authors": [
                {
                    "first": "J",
                    "middle": [
                        "B"
                    ],
                    "last": "Pendry",
                    "suffix": ""
                },
                {
                    "first": "L",
                    "middle": [
                        "L"
                    ],
                    "last": "Mart\u00edn-Moreno",
                    "suffix": ""
                },
                {
                    "first": "F",
                    "middle": [
                        "J"
                    ],
                    "last": "Garcia-Vidal",
                    "suffix": ""
                }
            ],
            "year": 2004,
            "venue": "Science",
            "volume": "305",
            "issn": "",
            "pages": "",
            "other_ids": {}
        },
        "BIBREF31": {
            "ref_id": "b31",
            "title": "Electronic and electrochemical doping of graphene by surface absorbates. Beilstein",
            "authors": [
                {
                    "first": "H",
                    "middle": [],
                    "last": "Pinto",
                    "suffix": ""
                },
                {
                    "first": "A",
                    "middle": [],
                    "last": "Markevich",
                    "suffix": ""
                }
            ],
            "year": 2014,
            "venue": "J. Nanotechnol",
            "volume": "5",
            "issn": "",
            "pages": "1842--1848",
            "other_ids": {}
        },
        "BIBREF32": {
            "ref_id": "b32",
            "title": "Photonic spin Hall effect detection using weak measurement in the SPR structure using antimonene: a sensing application",
            "authors": [
                {
                    "first": "Y",
                    "middle": [
                        "K"
                    ],
                    "last": "Prajapati",
                    "suffix": ""
                }
            ],
            "year": 2021,
            "venue": "Superlat. Microstruct",
            "volume": "155",
            "issn": "",
            "pages": "",
            "other_ids": {}
        },
        "BIBREF33": {
            "ref_id": "b33",
            "title": "Magneto-optic-plasmonic sensors with improved performance",
            "authors": [
                {
                    "first": "C",
                    "middle": [],
                    "last": "Rizal",
                    "suffix": ""
                }
            ],
            "year": 2021,
            "venue": "IEEE Trans. Magnet",
            "volume": "57",
            "issn": "2",
            "pages": "1--5",
            "other_ids": {}
        },
        "BIBREF34": {
            "ref_id": "b34",
            "title": "Design of a silicon-based plasmonic optical sensor for magnetic field monitoring in the infrared",
            "authors": [
                {
                    "first": "A",
                    "middle": [
                        "K"
                    ],
                    "last": "Sharma",
                    "suffix": ""
                },
                {
                    "first": "T",
                    "middle": [],
                    "last": "Nagao",
                    "suffix": ""
                }
            ],
            "year": 2014,
            "venue": "App. Phys. B",
            "volume": "117",
            "issn": "",
            "pages": "363--368",
            "other_ids": {}
        },
        "BIBREF35": {
            "ref_id": "b35",
            "title": "THz photonics in two dimensional materials and metamaterials: properties, devices, and prospects",
            "authors": [
                {
                    "first": "J",
                    "middle": [],
                    "last": "Shi",
                    "suffix": ""
                }
            ],
            "year": 2018,
            "venue": "J. Mat. Chem. C",
            "volume": "6",
            "issn": "",
            "pages": "1291--1306",
            "other_ids": {}
        },
        "BIBREF36": {
            "ref_id": "b36",
            "title": "Graphene based surface plasmon resonance gas sensor for terahertz",
            "authors": [
                {
                    "first": "T",
                    "middle": [],
                    "last": "Srivastava",
                    "suffix": ""
                }
            ],
            "year": 2016,
            "venue": "Opt. Quant. Electron",
            "volume": "48",
            "issn": "6",
            "pages": "1--11",
            "other_ids": {}
        },
        "BIBREF37": {
            "ref_id": "b37",
            "title": "On the sensitivity-enhancement in plasmonic biosensor with photonic spin Hall effect at visible wavelength",
            "authors": [
                {
                    "first": "A",
                    "middle": [],
                    "last": "Srivastava",
                    "suffix": ""
                },
                {
                    "first": "A",
                    "middle": [
                        "K"
                    ],
                    "last": "Sharma",
                    "suffix": ""
                },
                {
                    "first": "Y",
                    "middle": [
                        "K"
                    ],
                    "last": "Prajapati",
                    "suffix": ""
                }
            ],
            "year": 2021,
            "venue": "Chem. Phys. Lett",
            "volume": "774",
            "issn": "",
            "pages": "",
            "other_ids": {}
        },
        "BIBREF38": {
            "ref_id": "b38",
            "title": "Enhancing photonic spin Hall effect via long-range surface plasmon resonance",
            "authors": [
                {
                    "first": "X",
                    "middle": [],
                    "last": "Tan",
                    "suffix": ""
                },
                {
                    "first": "X",
                    "middle": [],
                    "last": "Zhu",
                    "suffix": ""
                }
            ],
            "year": 2016,
            "venue": "Opt. Lett",
            "volume": "41",
            "issn": "11",
            "pages": "2478--2481",
            "other_ids": {}
        },
        "BIBREF39": {
            "ref_id": "b39",
            "title": "Submillimeter waveguiding on periodic metal structure",
            "authors": [
                {
                    "first": "R",
                    "middle": [],
                    "last": "Ulrich",
                    "suffix": ""
                },
                {
                    "first": "M",
                    "middle": [],
                    "last": "Tacke",
                    "suffix": ""
                }
            ],
            "year": 1973,
            "venue": "Appl. Phys. Lett",
            "volume": "22",
            "issn": "",
            "pages": "",
            "other_ids": {}
        },
        "BIBREF40": {
            "ref_id": "b40",
            "title": "Enhanced spin Hall effect of reflected light with guided-wave surface plasmon resonance",
            "authors": [
                {
                    "first": "Y",
                    "middle": [],
                    "last": "Xiang",
                    "suffix": ""
                }
            ],
            "year": 2017,
            "venue": "Photon. Res",
            "volume": "5",
            "issn": "5",
            "pages": "",
            "other_ids": {}
        },
        "BIBREF41": {
            "ref_id": "b41",
            "title": "Toxic chemical compound detection by terahertz spectroscopy: a review",
            "authors": [
                {
                    "first": "L",
                    "middle": [],
                    "last": "Yang",
                    "suffix": ""
                }
            ],
            "year": 2018,
            "venue": "Rev. Anal. Chem",
            "volume": "37",
            "issn": "3",
            "pages": "1--10",
            "other_ids": {}
        },
        "BIBREF42": {
            "ref_id": "b42",
            "title": "High-mode spoof SPP of periodic metal grooves for ultra-sensitive terahertz sensing",
            "authors": [
                {
                    "first": "H",
                    "middle": [],
                    "last": "Yao",
                    "suffix": ""
                },
                {
                    "first": "S",
                    "middle": [],
                    "last": "Zhong",
                    "suffix": ""
                }
            ],
            "year": 2014,
            "venue": "Opt. Express",
            "volume": "22",
            "issn": "21",
            "pages": "25149--25160",
            "other_ids": {}
        },
        "BIBREF43": {
            "ref_id": "b43",
            "title": "Graphene based surface plasmon resonance gas sensor with magnetic field control for terahertz",
            "authors": [
                {
                    "first": "Z",
                    "middle": [],
                    "last": "Zhang",
                    "suffix": ""
                }
            ],
            "year": 2017,
            "venue": "Prog. Electrom. Res. Symp",
            "volume": "",
            "issn": "",
            "pages": "",
            "other_ids": {}
        },
        "BIBREF44": {
            "ref_id": "b44",
            "title": "Graphene based surface plasmon resonance gas sensor with magnetic field control for terahertz",
            "authors": [
                {
                    "first": "Z",
                    "middle": [],
                    "last": "Zhang",
                    "suffix": ""
                }
            ],
            "year": 2017,
            "venue": "Prog. Electron. Res. Symp",
            "volume": "",
            "issn": "",
            "pages": "19--22",
            "other_ids": {}
        },
        "BIBREF45": {
            "ref_id": "b45",
            "title": "Identifying graphene layers via spin Hall effect of light",
            "authors": [
                {
                    "first": "X",
                    "middle": [],
                    "last": "Zhou",
                    "suffix": ""
                }
            ],
            "year": 2012,
            "venue": "App. Phys. Lett",
            "volume": "101",
            "issn": "",
            "pages": "",
            "other_ids": {}
        },
        "BIBREF46": {
            "ref_id": "b46",
            "title": "Observation of Spin Hall Effect in Photon tunelling via weak measurements",
            "authors": [
                {
                    "first": "X",
                    "middle": [],
                    "last": "Zhou",
                    "suffix": ""
                }
            ],
            "year": 2014,
            "venue": "Sci. Rep",
            "volume": "4",
            "issn": "",
            "pages": "",
            "other_ids": {}
        }
    },
    "ref_entries": {
        "FIGREF0": {
            "text": "Schematic diagram of 4-layer PSHE based plasmonic sensor. Graphene monolayer is considered to be under the variable chemical potential",
            "latex": null,
            "type": "figure"
        },
        "FIGREF1": {
            "text": "Simulated angular variation of \u03b4 \u2212 H (i.e., PSHE spectrum) for different n a values corresponding to a. \u03bd = 2 THz and E f = 0.1 eV, b. \u03bd = 10 THz and E f = 0.1 eV, and c. \u03bd = 10 THz and E f = 0.6 eV. The corresponding values of peak SDS ( \u03b4 \u2212 H ) and \u03b8 SPR are also mentioned in all three figures",
            "latex": null,
            "type": "figure"
        },
        "FIGREF2": {
            "text": "Simulated 2D (E f -\u03bd) variation of FOM of the proposed gas sensor. The plot corresponds to FOM calculation while considering the gas RI values of 1 and 1.Simulated variation of FOM with graphene's chemical potential for five different THz frequencies.",
            "latex": null,
            "type": "figure"
        },
        "TABREF0": {
            "text": "Temperature-dependent FOM values of the proposed PSHE-based gas sensor at \u03bd = 10 THz and E f = 0.1 eV. Two values of n a are taken as 1 (reference: air) and 1.01 (analyte: gas)",
            "latex": null,
            "type": "table"
        },
        "TABREF1": {
            "text": "Simulated values of S P for three different combinations of \u03bd and E f : (a) \u03bd = 2 THz and E f = 0.1 eV, (b) \u03bd = 10 THz and E f = 0.1 eV, and (c) \u03bd = 10 THz and E f = 0.6 eV",
            "latex": null,
            "type": "table"
        }
    },
    "back_matter": [
        {
            "text": "The authors declare no conflict of interest.",
            "cite_spans": [],
            "ref_spans": [],
            "section": "Conflict of interest"
        },
        {
            "text": "The study of PSHE-based plasmonic sensor with BP and TMDs can be a part of our future research on this theme.",
            "cite_spans": [],
            "ref_spans": [],
            "section": "annex"
        },
        {
            "text": "The online version contains supplementary material available at https:// doi. org/ 10. 1007/ s11082-022-03626-7.",
            "cite_spans": [],
            "ref_spans": [],
            "section": "Supplementary Information"
        }
    ]
}