{
    "paper_id": "000e6f401f0f46b240cc81f2c9ef41914bfb9e06",
    "metadata": {
        "title": "Recruitment methods and yield rates in a clinical trial of physical exercise for older adults with hypertension-HAEL Study: a study within a trial Open Access",
        "authors": [
            {
                "first": "C\u00edntia",
                "middle": [
                    "E"
                ],
                "last": "Botton",
                "suffix": "",
                "affiliation": {
                    "laboratory": "",
                    "institution": "Hospital de Cl\u00ednicas de Porto Alegre",
                    "location": {
                        "settlement": "Porto Alegre",
                        "region": "RS",
                        "country": "Brazil"
                    }
                },
                "email": "cintiaebotton@gmail.com"
            },
            {
                "first": "Lucas",
                "middle": [
                    "P"
                ],
                "last": "Santos",
                "suffix": "",
                "affiliation": {
                    "laboratory": "",
                    "institution": "Hospital de Cl\u00ednicas de Porto Alegre",
                    "location": {
                        "settlement": "Porto Alegre",
                        "region": "RS",
                        "country": "Brazil"
                    }
                },
                "email": ""
            },
            {
                "first": "Bruna",
                "middle": [
                    "G"
                ],
                "last": "Moraes",
                "suffix": "",
                "affiliation": {
                    "laboratory": "",
                    "institution": "Hospital de Cl\u00ednicas de Porto Alegre",
                    "location": {
                        "settlement": "Porto Alegre",
                        "region": "RS",
                        "country": "Brazil"
                    }
                },
                "email": ""
            },
            {
                "first": "Ra\u00edssa",
                "middle": [
                    "B"
                ],
                "last": "Monteiro",
                "suffix": "",
                "affiliation": {
                    "laboratory": "",
                    "institution": "Hospital de Cl\u00ednicas de Porto Alegre",
                    "location": {
                        "settlement": "Porto Alegre",
                        "region": "RS",
                        "country": "Brazil"
                    }
                },
                "email": ""
            },
            {
                "first": "Maria",
                "middle": [],
                "last": "Laura",
                "suffix": "",
                "affiliation": {
                    "laboratory": "",
                    "institution": "Hospital de Cl\u00ednicas de Porto Alegre",
                    "location": {
                        "settlement": "Porto Alegre",
                        "region": "RS",
                        "country": "Brazil"
                    }
                },
                "email": ""
            },
            {
                "first": "B",
                "middle": [],
                "last": "Gomes",
                "suffix": "",
                "affiliation": {
                    "laboratory": "",
                    "institution": "Hospital de Cl\u00ednicas de Porto Alegre",
                    "location": {
                        "settlement": "Porto Alegre",
                        "region": "RS",
                        "country": "Brazil"
                    }
                },
                "email": ""
            },
            {
                "first": "Eurico",
                "middle": [
                    "N"
                ],
                "last": "Wilhelm",
                "suffix": "",
                "affiliation": {
                    "laboratory": "",
                    "institution": "Hospital de Cl\u00ednicas de Porto Alegre",
                    "location": {
                        "settlement": "Porto Alegre",
                        "region": "RS",
                        "country": "Brazil"
                    }
                },
                "email": ""
            },
            {
                "first": "Stephanie",
                "middle": [
                    "S"
                ],
                "last": "Pinto",
                "suffix": "",
                "affiliation": {
                    "laboratory": "",
                    "institution": "Hospital de Cl\u00ednicas de Porto Alegre",
                    "location": {
                        "settlement": "Porto Alegre",
                        "region": "RS",
                        "country": "Brazil"
                    }
                },
                "email": ""
            },
            {
                "first": "Daniel",
                "middle": [],
                "last": "Umpierre",
                "suffix": "",
                "affiliation": {
                    "laboratory": "",
                    "institution": "Hospital de Cl\u00ednicas de Porto Alegre",
                    "location": {
                        "settlement": "Porto Alegre",
                        "region": "RS",
                        "country": "Brazil"
                    }
                },
                "email": ""
            }
        ]
    },
    "abstract": [
        {
            "text": "Background: Although the prevalence of hypertension is high in older adults, clinical trial recruitment is a challenge. Our main aim was to describe the HAEL Study recruitment methods and yield rates. The secondary objectives were to explore the reasons for exclusion and to describe the characteristics of the enrolled participants.",
            "cite_spans": [],
            "ref_spans": [],
            "section": "Abstract"
        },
        {
            "text": "Methods: This is a descriptive study within a trial. The HAEL Study was a Brazilian randomized two-center, parallel trial with an estimated sample of 184 participants. The recruitment strategy was based on four methods: electronic health records, word of mouth, print and electronic flyer, and press media. The yield rate was the ratio of the number of participants who underwent randomization to the total number of volunteers screened, calculated for overall, per recruitment method, by study center and by age group and sex. Additionally, we described the reasons for exclusion in the screening phase, as well as the demographic characteristics of those enrolled. The data are presented in absolute/relative frequencies and mean \u00b1 standard deviation.",
            "cite_spans": [],
            "ref_spans": [],
            "section": "Abstract"
        },
        {
            "text": "A total of 717 individuals were screened, and 168 were randomized over 32 months. The yield rate was higher for word of mouth (30.1%) in the overall sample. However, press media contributed the most (39.9%) to the absolute number of participants randomized in the trial. The coordinating center and participating center differed in methods with the highest yield ratios and absolute numbers of randomized participants. The main reason for exclusion in the screening phase was due to the physically active status in those intending to participate in the study (61.5%). Out of 220 participants included, 52 were excluded mainly because they did not meet the eligibility criteria (26.9%). Most of the screened volunteers were women (60.2%) age 60-69 years (59.5%), and most of the randomized participants were Caucasian/white (78.0%).",
            "cite_spans": [],
            "ref_spans": [],
            "section": "Abstract"
        },
        {
            "text": "Multiple recruitment methods constituted effective strategies. We observed that approximately one of every four individuals screened was allocated to an intervention group. Even so, there were limitations in obtaining a representative sample of older Brazilian adults with hypertension. Data show an underrepresentation of race and age groups.",
            "cite_spans": [],
            "ref_spans": [],
            "section": "Abstract"
        }
    ],
    "body_text": [
        {
            "text": "The prevalence of hypertension is increasing worldwide [1] . Approximately 30% of the Brazilian population has hypertension [2] , and in older adults, the prevalence is twice as high [3] . Structured physical exercise, as a nonpharmacological intervention, produces cardiovascular health benefits and is considered a cornerstone for hypertension management [4] [5] [6] . Clinical trials are essential to understand the effectiveness of physical activity as part of antihypertensive treatments, but few studies have been designed that exclusively include older adults with hypertension. Although the total number of older individuals with hypertension is substantial, a successful recruitment process for clinical trials is not guaranteed. Identifying and recruiting potential research participants is a common challenge for studies and is considered a determining factor for trial success [7] . Especially in some settings, recruiting participants can be an operational barrier to clinical trials, particularly those conducted in developing countries, as financial costs associated with complex and lengthy administrative processes are an additional barrier to trial completion [8] . In addition, the recruited sample is not always representative, and the external validity of clinical trials remains a great challenge [7, 9] .",
            "cite_spans": [
                {
                    "start": 55,
                    "end": 58,
                    "text": "[1]",
                    "ref_id": "BIBREF0"
                },
                {
                    "start": 124,
                    "end": 127,
                    "text": "[2]",
                    "ref_id": "BIBREF1"
                },
                {
                    "start": 183,
                    "end": 186,
                    "text": "[3]",
                    "ref_id": "BIBREF2"
                },
                {
                    "start": 357,
                    "end": 360,
                    "text": "[4]",
                    "ref_id": "BIBREF3"
                },
                {
                    "start": 361,
                    "end": 364,
                    "text": "[5]",
                    "ref_id": "BIBREF4"
                },
                {
                    "start": 365,
                    "end": 368,
                    "text": "[6]",
                    "ref_id": "BIBREF5"
                },
                {
                    "start": 889,
                    "end": 892,
                    "text": "[7]",
                    "ref_id": "BIBREF6"
                },
                {
                    "start": 1178,
                    "end": 1181,
                    "text": "[8]",
                    "ref_id": "BIBREF7"
                },
                {
                    "start": 1319,
                    "end": 1322,
                    "text": "[7,",
                    "ref_id": "BIBREF6"
                },
                {
                    "start": 1323,
                    "end": 1325,
                    "text": "9]",
                    "ref_id": "BIBREF8"
                }
            ],
            "ref_spans": [],
            "section": "Background"
        },
        {
            "text": "Many recruitment strategies exist to target potential research participants, and although some previous studies tried to explore these in different fields [10] [11] [12] [13] , it is unclear which strategies were the most useful. The effectiveness of recruitment strategies depends on population factors, such as physical, demographic and clinical characteristics, as well as the trial setting and type of study intervention [14] . Hence, analyses of the yield rate of recruitment methods may be highly informative for future studies [10, 11, 13] , especially those methods conducted with a limited research budget.",
            "cite_spans": [
                {
                    "start": 155,
                    "end": 159,
                    "text": "[10]",
                    "ref_id": "BIBREF9"
                },
                {
                    "start": 160,
                    "end": 164,
                    "text": "[11]",
                    "ref_id": "BIBREF10"
                },
                {
                    "start": 165,
                    "end": 169,
                    "text": "[12]",
                    "ref_id": "BIBREF11"
                },
                {
                    "start": 170,
                    "end": 174,
                    "text": "[13]",
                    "ref_id": "BIBREF12"
                },
                {
                    "start": 425,
                    "end": 429,
                    "text": "[14]",
                    "ref_id": "BIBREF13"
                },
                {
                    "start": 534,
                    "end": 538,
                    "text": "[10,",
                    "ref_id": "BIBREF9"
                },
                {
                    "start": 539,
                    "end": 542,
                    "text": "11,",
                    "ref_id": "BIBREF10"
                },
                {
                    "start": 543,
                    "end": 546,
                    "text": "13]",
                    "ref_id": "BIBREF12"
                }
            ],
            "ref_spans": [],
            "section": "Background"
        },
        {
            "text": "To share challenges and outputs, our general purpose was to describe the recruitment strategies for the Hypertension Approaches in the Elderly: a Lifestyle Study (HAEL Study) conducted in southern Brazil. Our primary aim was to describe the yield rates calculated for the overall HAEL Study, per study center and recruitment method, and considering age groups and sex. Additionally, we calculated the crude recruitment output. Our secondary objectives were to explore the reasons for exclusion throughout the screening phase and for non-enrolled participants who signed the consent form. Finally, we describe the participants' demographic characteristics who underwent randomization.",
            "cite_spans": [],
            "ref_spans": [],
            "section": "Background"
        },
        {
            "text": "This is a descriptive study within a trial (SWAT). We did not register the study previously, although we preplanned to perform this analysis and therefore collected all data related to the recruitment phase. At the end of the screening call, participants verbally declared their consent to the use of their eligibility screening data. From eligible volunteers, those who agreed to participate in the study signed a consent form before starting baseline data collection. ",
            "cite_spans": [],
            "ref_spans": [],
            "section": "Study design"
        },
        {
            "text": "This SWAT is nested within the HAEL Study, which was a randomized, single-blinded, multicenter, two-arm, parallel, superiority trial. The study was designed to evaluate the efficacy of a combined aerobic and resistance exercise training program on reducing blood pressure levels compared with a control group undergoing health education in older patients with hypertension (\u2265 60 years old). The study was prospectively registered (Clinicaltrials.gov NCT03264443), and the complete protocol was published [15] . Recruitment data were collected at both centers where the study was conducted, located in southern Brazil. The coordinator center (CC) was based in Porto Alegre, the largest city in the state of Rio Grande do Sul, at the Hospital de Cl\u00ednicas de Porto Alegre. The participating center (PC) was based in Pelotas, the fourth most populous city in the Rio Grande do Sul, located 168 mi from Porto Alegre, at the Universidade Federal de Pelotas. The recruitment period was from August 2017 to March 2020. In the PC, the recruitment ended in March 2019.",
            "cite_spans": [
                {
                    "start": 504,
                    "end": 508,
                    "text": "[15]",
                    "ref_id": "BIBREF14"
                }
            ],
            "ref_spans": [],
            "section": "HAEL study (host study)"
        },
        {
            "text": "All individuals who were screened for HAEL study eligibility by telephone were included in this study. The HAEL study sample was based on two studies [16, 17] . We estimated that 184 participants would provide power values of 0.79 and 0.92 to detect difference of 2.5 mmHg and 3.0 mmHg between the two group mean values for the 24-h systolic blood pressure, with an expected standard deviation of 6.0 mmHg. A two-sided test with a significance level of 0.050, obtained from a mixed-effects model fit without the treatment-by-center interaction, was considered. More details about the sample size calculation are in the HAEL study protocol [15] .",
            "cite_spans": [
                {
                    "start": 150,
                    "end": 154,
                    "text": "[16,",
                    "ref_id": "BIBREF15"
                },
                {
                    "start": 155,
                    "end": 158,
                    "text": "17]",
                    "ref_id": "BIBREF16"
                },
                {
                    "start": 639,
                    "end": 643,
                    "text": "[15]",
                    "ref_id": "BIBREF14"
                }
            ],
            "ref_spans": [],
            "section": "Sample size"
        },
        {
            "text": "In the telephone screening and after signing the consent form, for participants not enrolled, the reasons for exclusion were considered according to the eligibility criteria or other reasons that were identified during the baseline test period. The inclusion criteria were as follows: 1) diagnosis of hypertension as assessed by previous ambulatory blood pressure monitoring (no later than six months) or current use of antihypertensive drugs; 2) age \u2265 60 years; 3) unchanged pharmacological scheme for four weeks prior to enrollment; and 4) willingness to participate in either intervention group. Exclusion criteria included 12 characteristics that could increase the cardiovascular risk during exercise (e.g., cardiac event within the 12 recent months) or modify (increasing or decreasing) intervention adherence due to external factors. Additionally, the exclusion criterion \"to be physically active\" was not described in the study protocol [15] but was considered in the eligibility process. Those who performed \u2265 30 min of physical activity at moderate intensity, at least three days/week, in the last three months before screening were excluded.",
            "cite_spans": [
                {
                    "start": 945,
                    "end": 949,
                    "text": "[15]",
                    "ref_id": "BIBREF14"
                }
            ],
            "ref_spans": [],
            "section": "Eligibility criteria and reasons for exclusion"
        },
        {
            "text": "The recruitment strategy was based on four preplanned approaches: 1) electronic health records from public health care units; 2) word of mouth; 3) print and electronic flyer; and 4) press media. For the electronic health records, the lists of patients registered in one/two basic care units of the public health system were accessed. The word-of-mouth method comprises word-of-mouth referrals from friends, relatives, or professionals. Professional referrals were considered when specialists (i.e., cardiologists, gerontologists, etc.) directed potential participants to the study. The print and electronic flyer method included disseminating flyers with standard information about the research study and contact information. Flyers were distributed in print on the streets, and flyer posters were placed in pharmacies and grocery shops. Additionally, the flyer was released in digital format on social media (i.e., Facebook and Instagram) and WhatsApp Messenger. Finally, press media was a method of recruitment through free advertisement in local and widely circulated newspapers. During the telephone screening, potential participants were asked how they learned of the study and the information was used to determine which recruitment strategy reached them. Although the same approaches were used in both centers, each center was free to decide which methods would be prioritized.",
            "cite_spans": [],
            "ref_spans": [],
            "section": "Recruitment methods"
        },
        {
            "text": "Participants completed questionnaires to self-identify their sex (i.e., male or female), race/ethnicity, and age (years). From the participants' characteristics, the categories of race/ethnicity were created as follows: Caucasian/ white, black/Afro-descendants, Asian, indigenous, other/ mixed.",
            "cite_spans": [],
            "ref_spans": [],
            "section": "Participants' demographic characteristics assessment"
        },
        {
            "text": "Descriptive statistical analyses were used to assess the study results. Continuous data are presented as the means and standard deviations. Categorical data are presented in absolute and relative frequencies. We calculated the yield rate by the ratio of the number of participants who underwent randomization to the total number of volunteers that were screened (i.e., yield rate = individuals randomized/individuals screened). First, we calculated the overall yield rate of the trial. Second, we calculated the yield rate per recruitment method and study center. Last, the yield rate was estimated per recruitment method, stratified by age group and sex. In addition to the yield rate, we calculated the crude recruitment output by the ratio of those who underwent randomization per method to the total number of participants randomized (i.e., crude recruitment output = individuals randomized per method/total of individuals randomized). Exclusion reasons were counted for all contacts made in the telephone screening and for those who were not enrolled in the study after signing the consent form. We had missing data because some participants refused to answer the form completely during the telephone screening or due to failure to complete it. The missing data were treated as undefined. All descriptive analyses were generated in Microsoft Excel software, 2016 (Microsoft Inc., Redmond, WA, USA), and IBM SPSS Statistics version 21.0 (IBM SPSS Inc., Chicago, IL, USA).",
            "cite_spans": [],
            "ref_spans": [],
            "section": "Data analysis"
        },
        {
            "text": "The study flowchart per recruitment method is described in Fig. 1 ",
            "cite_spans": [],
            "ref_spans": [
                {
                    "start": 59,
                    "end": 65,
                    "text": "Fig. 1",
                    "ref_id": "FIGREF0"
                }
            ],
            "section": "Results"
        },
        {
            "text": "For participants who underwent randomization, the overall sample age range was from 60 to 84 years old, and most of them were female (61.9%) and Caucasian/ white (78%) ( Table 1) .",
            "cite_spans": [],
            "ref_spans": [
                {
                    "start": 170,
                    "end": 178,
                    "text": "Table 1)",
                    "ref_id": "TABREF4"
                }
            ],
            "section": "Demographic characteristics of the enrolled participants"
        },
        {
            "text": "The overall yield rate was 23.4% (Fig. 2) . Separately, the yield rate was 24.4% for the CC and 23.3% for the PC. Twenty and seven individuals had undefined centers and recruitment methods, respectively, and were excluded from the stratified yield rate analysis. The yield rate per recruitment method was higher for word of mouth (30.1%) for the overall study and printed and electronic flyer for the CC (25.2%) and the PC (42.9%). The lowest yield rate was determined by electronic health records.",
            "cite_spans": [],
            "ref_spans": [
                {
                    "start": 33,
                    "end": 41,
                    "text": "(Fig. 2)",
                    "ref_id": "FIGREF1"
                }
            ],
            "section": "Yield rate"
        },
        {
            "text": "For 10 and 13 individuals screened, sex and age, respectively, were undefined. Most of the screened individuals were female (432; 60.2%) compared to male (275; 38.3%). Relative to age range, 427 (59.5%) individuals ranged from 60-69 years, 221 (30.2%) from 70-79 years, 40 (5.6%) from 80-97 years and 16 (2.2%) ranged from 42-59 years and were excluded because they did not meet the age requirement of the eligibility criteria (Table 2) . Thirteen individuals with undefined ages were not counted. Press media was the method that mostly reached males (56.0%) and females (31.7%). For females, the method with the highest yield rate was word of mouth (32.4%), whereas for males, it was printed and an electronic flyer (28.0%). The lowest yield rate strategy was electronic health records for both females (15.3%) and males (3.4%). For the age groups of 60-69 years and 80-97 years, the word of mouth method had the highest yield rate (34.5% and 33.3%, respectively). The age group ranging from 70-79 years had the highest value with printed and electronic flyer (34.1%).",
            "cite_spans": [],
            "ref_spans": [
                {
                    "start": 427,
                    "end": 436,
                    "text": "(Table 2)",
                    "ref_id": "TABREF5"
                }
            ],
            "section": "Yield rate per sex and age range"
        },
        {
            "text": "The method that contributed most to the total participants who underwent randomization was press media (39.9%) (Fig. 3) . Considering centers separately, press media (48.7%) was also for the CC, while word of mouth (42.9%) was for the PC. The lowest crude output was electronic health records for the overall study ",
            "cite_spans": [],
            "ref_spans": [
                {
                    "start": 111,
                    "end": 119,
                    "text": "(Fig. 3)",
                    "ref_id": "FIGREF2"
                }
            ],
            "section": "Crude recruitment output per method"
        },
        {
            "text": "Out of 497 (69.3%) individuals excluded between telephone screening and face-to-face interviews, 229 (46.1%) did not meet the eligibility criteria. The main eligibility criteria that caused exclusion were: 1) Physical activity (141; 61.5%); 2) Age < 60 years old (15; 6.5%); 3) No diagnosis of hypertension assessed according to the study's criteria (12; 5.2%); 4) History of myocardial infarction, revascularization procedures, deep vein thrombosis, cerebrovascular events or pulmonary embolism (12; 5.2%). Eligibility criteria were undefined for 15 individuals. Other exclusion criteria, such as cancer, heart failure, pulmonary disease, kidney disease or neurological disease, unwillingness to participate in either one or both of the intervention groups, excessive consumption of alcoholic drinks, or another person from the same household/family participating in the study, were less frequent (i.e., 1 to 6 individuals). Additionally, 58 (11.7%) individuals were not interested in the study, 59 (11.9%) had pain or physical disability, and 55 (11.1%) had no time available. Other reasons accounted for 4.4% of the exclusions (n = 22), and the reasons were undefined for 46 (9.2%) participants.",
            "cite_spans": [],
            "ref_spans": [],
            "section": "Reasons for exclusions"
        },
        {
            "text": "After signing the consent form and at baseline data assessments, 52 (23.6%) of the 220 participants were not enrolled. Fourteen individuals (26.9%) did not meet the eligibility criteria (i.e., one had individual plans to move to another city during the period of participation; 10 had medical reports indicating moderate or high risk for exercise-related events based on the initial maximal exercise test and clinical evaluation; and three were physically active). Seven individuals (13.5%) had different medical reasons for exclusion, and eight (15.4%) were restrained from continuing the study due to the restrictions of the COVID-19 pandemic. Five individuals (9.6%) had physical disability or pain, five (9.6%) had no time available, and three were no longer interested in participating (5.8%). Other reasons accounted for 9.6% (n = 5) of exclusions, and five individuals (9.6%) had undefined exclusion reasons.",
            "cite_spans": [],
            "ref_spans": [],
            "section": "Reasons for nonenrolment"
        },
        {
            "text": "The general purpose of this study was to assess the recruitment strategy in the HAEL study. We observed that approximately one individual for every four individuals screened was allocated to an intervention group. The yield rate was higher with word of mouth (30.0%), but the press media had the highest crude recruitment output (39.8%). The highest yield rate strategies were printed and electronic flyer, word by mouth, and press media, in this order, for both centers separately. In contrast, electronic health records were the approach with the lowest yield rate. Interestingly, press media was the main driver of absolute screening and recruitment at the CC, which may be (i) related to the newspapers' reach in which recruitment was advertised and (ii) especially due to active support from the hospital's communication division at the CC, which favored contact with several newspapers. Notably, newspapers do not usually charge fees to advertise notes of study recruitment in the state where the study was located. At the PC, the electronic health records method contributed to the screening of several individuals, which was apparently facilitated by the existing relationships between university researchers and health services professionals, who were more readily engaged to identify potentially eligible individuals.",
            "cite_spans": [],
            "ref_spans": [],
            "section": "Discussion"
        },
        {
            "text": "For the overall study sample, the method with the highest yield rate was word of mouth. In addition, by assessing the crude randomization output, which ultimately completes the study sample, both press media and word of mouth were important sample sources for CC and PC, respectively. Thus, consistent with previous studies [13, 18] , it was essential to use varied recruitment strategies to reach the estimated number of individuals in our trial. We highlight that the word of mouth method resulted in a high yield rate as well as crude recruitment output at the PC. This might suggest that referrals are a relevant and more effective approach than press media in smaller cities.",
            "cite_spans": [
                {
                    "start": 324,
                    "end": 328,
                    "text": "[13,",
                    "ref_id": "BIBREF12"
                },
                {
                    "start": 329,
                    "end": 332,
                    "text": "18]",
                    "ref_id": "BIBREF17"
                }
            ],
            "ref_spans": [],
            "section": "Discussion"
        },
        {
            "text": "Some recruitment strategies used in our trial, such as the use of electronic flyers or press media, were implemented with minimal initial effort. However, all methods except electronic health records required potential participants to initiate contact with the research team. This could have biased the sample toward individuals highly motivated to exercise or be healthy, which may partly reduce the generalizability of the results. Even using three widely disseminated recruitment strategies (press media, word of mouth, printed or electronic flyer), approximately 60% of the individuals screened were females and were between 60 and 69 years old (both sexes), whereas few individuals aged between 80 and 97 years were screened (n = 40) or randomized (n = 6). The chance of having health complications and limitations to participate in a clinical trial is greater as aging progresses. Furthermore, older individuals may have more barriers (e.g., regarding willingness or commuting) to participate in clinical trials [19] . Additionally, most of the randomized participants self-identified as Caucasian/white (78%), while a minority were black (16.7%). Therefore, these data show an underrepresentation of race/ethnicity and age groups that may not properly represent the target population [20, 21] .",
            "cite_spans": [
                {
                    "start": 1018,
                    "end": 1022,
                    "text": "[19]",
                    "ref_id": "BIBREF18"
                },
                {
                    "start": 1291,
                    "end": 1295,
                    "text": "[20,",
                    "ref_id": "BIBREF19"
                },
                {
                    "start": 1296,
                    "end": 1299,
                    "text": "21]",
                    "ref_id": "BIBREF20"
                }
            ],
            "ref_spans": [],
            "section": "Discussion"
        },
        {
            "text": "The yield rates from the recruitment methods differed between sexes, with word of mouth resulting in more females being randomized (approximately 1 out of 3), whereas printed and electronic flyer resulted in more males (approximately 1 out of 4). It is worth mentioning that even when using four different recruitment methods, press media accounted for 56% of screened men. In the age groups of 60-69 and 80-97 years, the word of mouth method had the highest yield rate, whereas printed and electronic flyer achieved higher rates among individuals age 70-79 years. To understand that methods vary regarding sex and age may be useful to targeted recruitment in future studies.",
            "cite_spans": [],
            "ref_spans": [],
            "section": "Discussion"
        },
        {
            "text": "Even when using a 32-month recruitment period, the pretrial calculated sample size (N = 184) was not fully achieved, lacking inclusion/randomization of 16 individuals. Based on the CC yield rate (24.4%), approximately 65 additional individuals would need eligibility screening. Due to the COVID-19 pandemic, the trial was terminated after a careful assessment that included external advice. However, other factors also made recruitment challenging. The PC found more barriers that hindered the study and ended the recruitment process sooner than expected. Apparently, barriers were mainly related to institutional differences regarding support clinical studies, infrastructure, and human resources (team size). We reason that strategies specific to each study center and recruitment process could mitigate these barriers and reduce differences between the centers.",
            "cite_spans": [],
            "ref_spans": [],
            "section": "Discussion"
        },
        {
            "text": "The number and restriction of eligibility criteria for clinical trials may limit recruitment [22] . As an attempt to recruit a representative sample, we reduced the exclusion criteria to characteristics that would represent a risk factor for exercise. The main reason for exclusion at telephone screening was individuals declaring to be physically active, comprising 20% of the individuals who sought information about the study. Other usual reasons for exclusion were the occurrence of pain, physical disability, and not having a sufficient amount of time available. Even though the training program allowed some changes, depending on the level of physical disability, individuals could not completely comply with the protocol, so this was listed as an exclusion criterion. Therefore, anticipating the main sources of exclusions may help to design recruitment notes and objectively address such criteria in eligibility screening.",
            "cite_spans": [
                {
                    "start": 93,
                    "end": 97,
                    "text": "[22]",
                    "ref_id": "BIBREF21"
                }
            ],
            "ref_spans": [],
            "section": "Discussion"
        },
        {
            "text": "Finally, approximately 25% of the individuals who signed the consent form were excluded. Some individuals showed cardiovascular conditions identified only when",
            "cite_spans": [],
            "ref_spans": [],
            "section": "Discussion"
        }
    ],
    "bib_entries": {
        "BIBREF0": {
            "ref_id": "b0",
            "title": "The global epidemiology of hypertension",
            "authors": [
                {
                    "first": "K",
                    "middle": [
                        "T"
                    ],
                    "last": "Mills",
                    "suffix": ""
                },
                {
                    "first": "A",
                    "middle": [],
                    "last": "Stefanescu",
                    "suffix": ""
                },
                {
                    "first": "J",
                    "middle": [],
                    "last": "He",
                    "suffix": ""
                }
            ],
            "year": 2020,
            "venue": "Nat Rev Nephrol",
            "volume": "16",
            "issn": "",
            "pages": "223--260",
            "other_ids": {}
        },
        "BIBREF1": {
            "ref_id": "b1",
            "title": "Trends in prevalence of hypertension in Brazil: a systematic review with meta-analysis",
            "authors": [
                {
                    "first": "R",
                    "middle": [
                        "V"
                    ],
                    "last": "Picon",
                    "suffix": ""
                },
                {
                    "first": "F",
                    "middle": [
                        "D"
                    ],
                    "last": "Fuchs",
                    "suffix": ""
                },
                {
                    "first": "L",
                    "middle": [
                        "B"
                    ],
                    "last": "Moreira",
                    "suffix": ""
                },
                {
                    "first": "G",
                    "middle": [],
                    "last": "Riegel",
                    "suffix": ""
                },
                {
                    "first": "S",
                    "middle": [
                        "C"
                    ],
                    "last": "Fuchs",
                    "suffix": ""
                }
            ],
            "year": 2012,
            "venue": "PLoS One",
            "volume": "7",
            "issn": "",
            "pages": "",
            "other_ids": {}
        },
        "BIBREF2": {
            "ref_id": "b2",
            "title": "Prevalence of hypertension among elderly persons in urban Brazil: a systematic review with metaanalysis",
            "authors": [
                {
                    "first": "R",
                    "middle": [
                        "V"
                    ],
                    "last": "Picon",
                    "suffix": ""
                },
                {
                    "first": "F",
                    "middle": [
                        "D"
                    ],
                    "last": "Fuchs",
                    "suffix": ""
                },
                {
                    "first": "L",
                    "middle": [
                        "B"
                    ],
                    "last": "Moreira",
                    "suffix": ""
                },
                {
                    "first": "S",
                    "middle": [
                        "C"
                    ],
                    "last": "Fuchs",
                    "suffix": ""
                }
            ],
            "year": 2013,
            "venue": "Am J Hypertens",
            "volume": "26",
            "issn": "",
            "pages": "541--549",
            "other_ids": {}
        },
        "BIBREF3": {
            "ref_id": "b3",
            "title": "Exercise, cardiovascular health, and risk factors for atherosclerosis: a narrative review on these complex relationships and caveats of literature",
            "authors": [
                {
                    "first": "L",
                    "middle": [
                        "P"
                    ],
                    "last": "Santos",
                    "suffix": ""
                },
                {
                    "first": "D",
                    "middle": [],
                    "last": "Umpierre",
                    "suffix": ""
                }
            ],
            "year": 2020,
            "venue": "Front Physiol",
            "volume": "11",
            "issn": "",
            "pages": "",
            "other_ids": {}
        },
        "BIBREF4": {
            "ref_id": "b4",
            "title": "Is concurrent training efficacious antihypertensive therapy? a meta-analysis",
            "authors": [
                {
                    "first": "Lml",
                    "middle": [],
                    "last": "Corso",
                    "suffix": ""
                },
                {
                    "first": "H",
                    "middle": [
                        "V"
                    ],
                    "last": "Macdonald",
                    "suffix": ""
                },
                {
                    "first": "B",
                    "middle": [
                        "T"
                    ],
                    "last": "Johnson",
                    "suffix": ""
                },
                {
                    "first": "P",
                    "middle": [],
                    "last": "Farinatti",
                    "suffix": ""
                },
                {
                    "first": "J",
                    "middle": [],
                    "last": "Livingston",
                    "suffix": ""
                },
                {
                    "first": "A",
                    "middle": [
                        "L"
                    ],
                    "last": "Zaleski",
                    "suffix": ""
                },
                {
                    "first": "A",
                    "middle": [],
                    "last": "Blanchard",
                    "suffix": ""
                },
                {
                    "first": "L",
                    "middle": [
                        "S"
                    ],
                    "last": "Pescatello",
                    "suffix": ""
                }
            ],
            "year": 2016,
            "venue": "Med Sci Sports Exerc",
            "volume": "48",
            "issn": "",
            "pages": "2398--406",
            "other_ids": {}
        },
        "BIBREF5": {
            "ref_id": "b5",
            "title": "Dynamic resistance training as stand-alone antihypertensive lifestyle therapy: a meta-analysis",
            "authors": [
                {
                    "first": "H",
                    "middle": [
                        "V"
                    ],
                    "last": "Macdonald",
                    "suffix": ""
                },
                {
                    "first": "B",
                    "middle": [
                        "T"
                    ],
                    "last": "Johnson",
                    "suffix": ""
                },
                {
                    "first": "T",
                    "middle": [
                        "B"
                    ],
                    "last": "Huedo-Medina",
                    "suffix": ""
                },
                {
                    "first": "J",
                    "middle": [],
                    "last": "Livingston",
                    "suffix": ""
                },
                {
                    "first": "K",
                    "middle": [
                        "C"
                    ],
                    "last": "Forsyth",
                    "suffix": ""
                },
                {
                    "first": "W",
                    "middle": [
                        "J"
                    ],
                    "last": "Kraemer",
                    "suffix": ""
                },
                {
                    "first": "Ptv",
                    "middle": [],
                    "last": "Farinatti",
                    "suffix": ""
                },
                {
                    "first": "L",
                    "middle": [
                        "S"
                    ],
                    "last": "Pescatello",
                    "suffix": ""
                }
            ],
            "year": 2016,
            "venue": "J Am Heart Assoc",
            "volume": "",
            "issn": "",
            "pages": "",
            "other_ids": {
                "DOI": [
                    "10.1161/JAHA.116.003231"
                ]
            }
        },
        "BIBREF6": {
            "ref_id": "b6",
            "title": "Clinical trials: the challenge of recruitment and retention of participants",
            "authors": [
                {
                    "first": "R",
                    "middle": [
                        "B"
                    ],
                    "last": "Gul",
                    "suffix": ""
                },
                {
                    "first": "P",
                    "middle": [
                        "A"
                    ],
                    "last": "Ali",
                    "suffix": ""
                }
            ],
            "year": 2010,
            "venue": "J Clin Nurs",
            "volume": "19",
            "issn": "",
            "pages": "227--260",
            "other_ids": {}
        },
        "BIBREF7": {
            "ref_id": "b7",
            "title": "Barriers for conducting clinical trials in developing countries-a systematic review",
            "authors": [
                {
                    "first": "C",
                    "middle": [],
                    "last": "Alemayehu",
                    "suffix": ""
                },
                {
                    "first": "G",
                    "middle": [],
                    "last": "Mitchell",
                    "suffix": ""
                },
                {
                    "first": "J",
                    "middle": [],
                    "last": "Nikles",
                    "suffix": ""
                }
            ],
            "year": 2018,
            "venue": "Int J Equity Health",
            "volume": "17",
            "issn": "",
            "pages": "",
            "other_ids": {}
        },
        "BIBREF8": {
            "ref_id": "b8",
            "title": "Characteristics of populations excluded from clinical trials supporting intensive blood pressure control guidelines",
            "authors": [
                {
                    "first": "T",
                    "middle": [
                        "S"
                    ],
                    "last": "Anderson",
                    "suffix": ""
                },
                {
                    "first": "M",
                    "middle": [
                        "C"
                    ],
                    "last": "Odden",
                    "suffix": ""
                },
                {
                    "first": "J",
                    "middle": [],
                    "last": "Penko",
                    "suffix": ""
                },
                {
                    "first": "D",
                    "middle": [
                        "S"
                    ],
                    "last": "Kazi",
                    "suffix": ""
                },
                {
                    "first": "B",
                    "middle": [
                        "K"
                    ],
                    "last": "Bellows",
                    "suffix": ""
                },
                {
                    "first": "K",
                    "middle": [],
                    "last": "Bibbins-Domingo",
                    "suffix": ""
                }
            ],
            "year": 2021,
            "venue": "J Am Heart Assoc",
            "volume": "10",
            "issn": "",
            "pages": "",
            "other_ids": {}
        },
        "BIBREF9": {
            "ref_id": "b9",
            "title": "The use of electronic medical records for recruitment in clinical trials: findings from the Lifestyle Intervention for Treatment of Diabetes trial",
            "authors": [
                {
                    "first": "V",
                    "middle": [
                        "S"
                    ],
                    "last": "Effoe",
                    "suffix": ""
                },
                {
                    "first": "J",
                    "middle": [
                        "A"
                    ],
                    "last": "Katula",
                    "suffix": ""
                },
                {
                    "first": "J",
                    "middle": [
                        "K"
                    ],
                    "last": "Kirk",
                    "suffix": ""
                }
            ],
            "year": 2016,
            "venue": "Trials",
            "volume": "17",
            "issn": "",
            "pages": "",
            "other_ids": {}
        },
        "BIBREF10": {
            "ref_id": "b10",
            "title": "Lifestyle interventions and independence for elders study: recruitment and baseline characteristics",
            "authors": [
                {
                    "first": "A",
                    "middle": [
                        "P"
                    ],
                    "last": "Marsh",
                    "suffix": ""
                },
                {
                    "first": "L",
                    "middle": [
                        "C"
                    ],
                    "last": "Lovato",
                    "suffix": ""
                },
                {
                    "first": "N",
                    "middle": [
                        "W"
                    ],
                    "last": "Glynn",
                    "suffix": ""
                }
            ],
            "year": 2013,
            "venue": "J Gerontol A Biol Sci Med Sci",
            "volume": "68",
            "issn": "",
            "pages": "1549--58",
            "other_ids": {}
        },
        "BIBREF11": {
            "ref_id": "b11",
            "title": "Targeted recruitment of adults with type 2 diabetes for a physical activity intervention",
            "authors": [
                {
                    "first": "E",
                    "middle": [
                        "J"
                    ],
                    "last": "Johnson",
                    "suffix": ""
                },
                {
                    "first": "B",
                    "middle": [
                        "L"
                    ],
                    "last": "Niles",
                    "suffix": ""
                },
                {
                    "first": "D",
                    "middle": [
                        "L"
                    ],
                    "last": "Mori",
                    "suffix": ""
                }
            ],
            "year": 2015,
            "venue": "Diabetes Spectr",
            "volume": "28",
            "issn": "",
            "pages": "99--105",
            "other_ids": {}
        },
        "BIBREF12": {
            "ref_id": "b12",
            "title": "Evaluating recruitment strategies for a randomized clinical trial with heart failure patients",
            "authors": [
                {
                    "first": "S",
                    "middle": [],
                    "last": "Conley",
                    "suffix": ""
                },
                {
                    "first": "M",
                    "middle": [],
                    "last": "O&apos;connell",
                    "suffix": ""
                },
                {
                    "first": "S",
                    "middle": [],
                    "last": "Linsky",
                    "suffix": ""
                },
                {
                    "first": "L",
                    "middle": [],
                    "last": "Moemeka",
                    "suffix": ""
                },
                {
                    "first": "J",
                    "middle": [
                        "W"
                    ],
                    "last": "Darden",
                    "suffix": ""
                },
                {
                    "first": "E",
                    "middle": [
                        "C"
                    ],
                    "last": "Gaiser",
                    "suffix": ""
                },
                {
                    "first": "D",
                    "middle": [],
                    "last": "Jacoby",
                    "suffix": ""
                },
                {
                    "first": "H",
                    "middle": [],
                    "last": "Yaggi",
                    "suffix": ""
                },
                {
                    "first": "N",
                    "middle": [
                        "S"
                    ],
                    "last": "Redeker",
                    "suffix": ""
                }
            ],
            "year": 2020,
            "venue": "West J Nurs Res",
            "volume": "43",
            "issn": "8",
            "pages": "",
            "other_ids": {
                "DOI": [
                    "10.1177/0193945920970229"
                ]
            }
        },
        "BIBREF13": {
            "ref_id": "b13",
            "title": "What are successful recruitment and retention strategies for underserved populations? examining physical activity interventions in primary care and community settings",
            "authors": [
                {
                    "first": "J",
                    "middle": [
                        "K"
                    ],
                    "last": "Carroll",
                    "suffix": ""
                },
                {
                    "first": "A",
                    "middle": [
                        "K"
                    ],
                    "last": "Yancey",
                    "suffix": ""
                },
                {
                    "first": "B",
                    "middle": [],
                    "last": "Spring",
                    "suffix": ""
                },
                {
                    "first": "C",
                    "middle": [],
                    "last": "Figueroa-Moseley",
                    "suffix": ""
                },
                {
                    "first": "D",
                    "middle": [
                        "C"
                    ],
                    "last": "Mohr",
                    "suffix": ""
                },
                {
                    "first": "K",
                    "middle": [
                        "M"
                    ],
                    "last": "Mustian",
                    "suffix": ""
                }
            ],
            "year": 2011,
            "venue": "Transl Behav Med",
            "volume": "1",
            "issn": "",
            "pages": "234--51",
            "other_ids": {}
        },
        "BIBREF14": {
            "ref_id": "b14",
            "title": "The \"hypertension approaches in the elderly: a lifestyle study\" multicenter, randomized trial (hael study): rationale and methodological protocol",
            "authors": [
                {
                    "first": "D",
                    "middle": [],
                    "last": "Umpierre",
                    "suffix": ""
                },
                {
                    "first": "L",
                    "middle": [
                        "P"
                    ],
                    "last": "Santos",
                    "suffix": ""
                },
                {
                    "first": "Hael Study",
                    "middle": [],
                    "last": "The",
                    "suffix": ""
                },
                {
                    "first": "",
                    "middle": [],
                    "last": "Group",
                    "suffix": ""
                }
            ],
            "year": 2019,
            "venue": "BMC Public Health",
            "volume": "19",
            "issn": "1",
            "pages": "",
            "other_ids": {
                "DOI": [
                    "10.1186/s12889-019-6970-3"
                ]
            }
        },
        "BIBREF15": {
            "ref_id": "b15",
            "title": "Exercise training for blood pressure: a systematic review and meta-analysis",
            "authors": [
                {
                    "first": "V",
                    "middle": [
                        "A"
                    ],
                    "last": "Cornelissen",
                    "suffix": ""
                },
                {
                    "first": "N",
                    "middle": [
                        "A"
                    ],
                    "last": "Smart",
                    "suffix": ""
                }
            ],
            "year": 2013,
            "venue": "J Am Heart Assoc",
            "volume": "",
            "issn": "",
            "pages": "",
            "other_ids": {
                "DOI": [
                    "10.1161/jaha.112.004473"
                ]
            }
        },
        "BIBREF16": {
            "ref_id": "b16",
            "title": "Behavioral neurocardiac training in hypertension: a randomized, controlled trial",
            "authors": [
                {
                    "first": "R",
                    "middle": [
                        "P"
                    ],
                    "last": "Nolan",
                    "suffix": ""
                },
                {
                    "first": "J",
                    "middle": [
                        "S"
                    ],
                    "last": "Floras",
                    "suffix": ""
                },
                {
                    "first": "P",
                    "middle": [
                        "J"
                    ],
                    "last": "Harvey",
                    "suffix": ""
                }
            ],
            "year": 2010,
            "venue": "Hypertension",
            "volume": "55",
            "issn": "",
            "pages": "1033--1042",
            "other_ids": {}
        },
        "BIBREF17": {
            "ref_id": "b17",
            "title": "Recruitment strategies and challenges in a large intervention trial: systolic blood pressure intervention trial",
            "authors": [
                {
                    "first": "T",
                    "middle": [
                        "M"
                    ],
                    "last": "Ramsey",
                    "suffix": ""
                },
                {
                    "first": "J",
                    "middle": [
                        "K"
                    ],
                    "last": "Snyder",
                    "suffix": ""
                },
                {
                    "first": "L",
                    "middle": [
                        "C"
                    ],
                    "last": "Lovato",
                    "suffix": ""
                }
            ],
            "year": 2016,
            "venue": "Clin Trials",
            "volume": "13",
            "issn": "",
            "pages": "319--349",
            "other_ids": {}
        },
        "BIBREF18": {
            "ref_id": "b18",
            "title": "Attitudes of older adults to their participation in clinical trials: a pilot study",
            "authors": [
                {
                    "first": "F",
                    "middle": [],
                    "last": "Bloch",
                    "suffix": ""
                },
                {
                    "first": "N",
                    "middle": [],
                    "last": "Charasz",
                    "suffix": ""
                }
            ],
            "year": 2014,
            "venue": "Drugs Aging",
            "volume": "31",
            "issn": "",
            "pages": "373--380",
            "other_ids": {}
        },
        "BIBREF19": {
            "ref_id": "b19",
            "title": "Underrepresentation of women, elderly patients, and racial minorities in the randomized trials used for cardiovascular guidelines",
            "authors": [
                {
                    "first": "M",
                    "middle": [
                        "R"
                    ],
                    "last": "Sardar",
                    "suffix": ""
                },
                {
                    "first": "M",
                    "middle": [],
                    "last": "Badri",
                    "suffix": ""
                },
                {
                    "first": "C",
                    "middle": [
                        "T"
                    ],
                    "last": "Prince",
                    "suffix": ""
                },
                {
                    "first": "J",
                    "middle": [],
                    "last": "Seltzer",
                    "suffix": ""
                },
                {
                    "first": "P",
                    "middle": [
                        "R"
                    ],
                    "last": "Kowey",
                    "suffix": ""
                }
            ],
            "year": 2014,
            "venue": "JAMA Intern Med",
            "volume": "174",
            "issn": "",
            "pages": "1868--70",
            "other_ids": {}
        },
        "BIBREF20": {
            "ref_id": "b20",
            "title": "The older the better: are elderly study participants more non-representative? a cross-sectional analysis of clinical trial and observational study samples",
            "authors": [
                {
                    "first": "B",
                    "middle": [
                        "A"
                    ],
                    "last": "Golomb",
                    "suffix": ""
                },
                {
                    "first": "V",
                    "middle": [
                        "T"
                    ],
                    "last": "Chan",
                    "suffix": ""
                },
                {
                    "first": "M",
                    "middle": [
                        "A"
                    ],
                    "last": "Evans",
                    "suffix": ""
                },
                {
                    "first": "S",
                    "middle": [],
                    "last": "Koperski",
                    "suffix": ""
                },
                {
                    "first": "H",
                    "middle": [
                        "L"
                    ],
                    "last": "White",
                    "suffix": ""
                },
                {
                    "first": "M",
                    "middle": [
                        "H"
                    ],
                    "last": "Criqui",
                    "suffix": ""
                }
            ],
            "year": 2012,
            "venue": "BMJ Open",
            "volume": "2",
            "issn": "",
            "pages": "",
            "other_ids": {}
        },
        "BIBREF21": {
            "ref_id": "b21",
            "title": "Eligibility criteria of randomized controlled trials published in high-impact general medical journals: a systematic sampling review",
            "authors": [
                {
                    "first": "Hgc",
                    "middle": [],
                    "last": "Van Spall",
                    "suffix": ""
                },
                {
                    "first": "A",
                    "middle": [],
                    "last": "Toren",
                    "suffix": ""
                },
                {
                    "first": "A",
                    "middle": [],
                    "last": "Kiss",
                    "suffix": ""
                },
                {
                    "first": "R",
                    "middle": [
                        "A"
                    ],
                    "last": "Fowler",
                    "suffix": ""
                }
            ],
            "year": 2007,
            "venue": "JAMA",
            "volume": "297",
            "issn": "",
            "pages": "1233--1273",
            "other_ids": {}
        },
        "BIBREF22": {
            "ref_id": "b22",
            "title": "Publisher's Note",
            "authors": [],
            "year": null,
            "venue": "",
            "volume": "",
            "issn": "",
            "pages": "",
            "other_ids": {}
        },
        "BIBREF23": {
            "ref_id": "b23",
            "title": "Springer Nature remains neutral with regard to jurisdictional claims in published maps and institutional affiliations",
            "authors": [],
            "year": null,
            "venue": "",
            "volume": "",
            "issn": "",
            "pages": "",
            "other_ids": {}
        }
    },
    "ref_entries": {
        "FIGREF0": {
            "text": "Flowchart of the recruitment process for the HAEL Study",
            "latex": null,
            "type": "figure"
        },
        "FIGREF1": {
            "text": "Yield rate per recruitment method (i.e., yield rate = individuals randomized/individuals screened). CC = coordinator center; PC = participating center",
            "latex": null,
            "type": "figure"
        },
        "FIGREF2": {
            "text": "Crude recruitment output per recruitment methods (i.e., crude recruitment output = individuals randomized per method/total of individuals randomized). CC = coordinator center; PC = participating center",
            "latex": null,
            "type": "figure"
        },
        "TABREF1": {
            "text": "The study was approved by the Ethics Committee/IRB from the Hospital de Cl\u00ednicas de Porto Alegre (CAAE: 62,427,616.0.1001.5327) and Universidade Federal de Pelotas (CAAE: 62,427,616.0.2001.5313). The study was conducted according to the World Medical Association Declaration of Helsinki.",
            "latex": null,
            "type": "table"
        },
        "TABREF2": {
            "text": "Trial registration: This SWAT was not registered.Keywords: Physical activity, Randomized clinical trial, Lifestyle intervention, Recruitment approaches",
            "latex": null,
            "type": "table"
        },
        "TABREF4": {
            "text": "Demographic characteristics of randomized participants a Based on the total sample (n = 168), b Based on 166 individuals of total sample",
            "latex": null,
            "type": "table"
        },
        "TABREF5": {
            "text": "Yield rate per recruitment method, considering age groups and sex",
            "latex": null,
            "type": "table"
        }
    },
    "back_matter": [
        {
            "text": "We are grateful to our HAEL coworkers who have hosted recruiting activities ( ",
            "cite_spans": [],
            "ref_spans": [],
            "section": "Acknowledgements"
        },
        {
            "text": "Botton et al. BMC Medical Research Methodology (2022) 22:42 the stress test was performed. Other cases were individuals who omitted crucial information during the face-toface interview, such as being physically active or leaving the study without explanation. The non-enrollment of participants is routine in any trial, but it can be disadvantageous, as there is an investment of financial and human resources. Therefore, future studies may try to refine the initial eligibility process before the start of baseline testing to avoid wasting resources. The present study has limitations. First, we did not estimate the costs for each method, which is important considering that many groups would expect to pay advertising costs in press media, which was not the case in our trial. Second, although we used different recruiting strategies between centers, there were differences that were not exhaustively explored regarding opportunities to advertise the trial in each center. Third, although unrelated to our methods, we experienced limitations in reaching a representative sample of older Brazilian adults with hypertension. We speculate that with wider access to electronic health records, we would have recruited a sample of more diverse participants; however, this claim needs further assessment.",
            "cite_spans": [
                {
                    "start": 14,
                    "end": 53,
                    "text": "BMC Medical Research Methodology (2022)",
                    "ref_id": null
                },
                {
                    "start": 54,
                    "end": 59,
                    "text": "22:42",
                    "ref_id": null
                }
            ],
            "ref_spans": [],
            "section": "Page 8 of 9"
        },
        {
            "text": "In summary, using multiple methods to recruit participants helped reach older adults to participate in the HAEL Study, in which calls in press media and word of mouth were valuable approaches in both study centers. However, none of the methods showed a clear advantage in yielding randomization of older (> 70 years old) or black participants. We believe that our experience can help future studies on physical exercise and help to recruit older adults with hypertension. ",
            "cite_spans": [],
            "ref_spans": [],
            "section": "Conclusions"
        },
        {
            "text": "The datasets used and/or analyzed during the current study are available from the corresponding author on reasonable request.",
            "cite_spans": [],
            "ref_spans": [],
            "section": "Availability of data and materials"
        },
        {
            "text": "The study was approved by the Ethics Committee/IRB from the Hospital de Cl\u00ednicas de Porto Alegre (CAAE: 62427616.0.1001.5327) and Federal University of Pelotas (CAAE: 62427616.0.2001.5313). The study obtained informed consent from all research participants.",
            "cite_spans": [],
            "ref_spans": [],
            "section": "Declarations Ethics approval and consent to participate"
        },
        {
            "text": "Not applicable.",
            "cite_spans": [],
            "ref_spans": [],
            "section": "Consent for publication"
        },
        {
            "text": "The authors declare that they have no competing interests. The funders had no role in the design of the study at any stage. ",
            "cite_spans": [],
            "ref_spans": [],
            "section": "Competing interests"
        }
    ]
}