{
    "paper_id": "001139d307c2329d2b34a25d5b35ba84c6deb382",
    "metadata": {
        "title": "",
        "authors": []
    },
    "abstract": [
        {
            "text": "Die Kontaktnachverfolgung per App bleibt weiterhin Gespr\u00e4chsthema. Nachdem mittels strenger Kontaktbeschr\u00e4nkungen und weiteren, das \u00f6ffentliche Leben beschr\u00e4nkenden Ma\u00dfnahmen versucht wurde, die Verbreitung des Corona-Virus einzud\u00e4mmen, werden diese Ma\u00dfnahmen nun langsam gelockert. Um trotz der Lockerungen einen erneuten Anstieg der Infektionszahlen zu verhindern, soll eine App helfen, Kontakte mit mit COVID-19 infizierten Personen schnell und einfach nachzuverfolgen.",
            "cite_spans": [],
            "ref_spans": [],
            "section": "Abstract"
        },
        {
            "text": "Es wurde viel dar\u00fcber diskutiert, welcher der effektivste Ansatz zur Nachverfolgung ist und wie man die Privatsph\u00e4re der B\u00fcrgerinnen und B\u00fcrger am besten sch\u00fctzen kann. Nachdem urspr\u00fcnglich funkzellenbasierte und GPS-basierte Ans\u00e4tze zur Kontaktnachverfolgung diskutiert wurden, die zu Recht auf heftige Kritik gesto\u00dfen sind, erfolgt die Kontaktnachverfolgung nun mittels Bluetooth.",
            "cite_spans": [],
            "ref_spans": [],
            "section": "Abstract"
        }
    ],
    "body_text": [
        {
            "text": "zogen. Es ist davon auszugehen, dass dies nicht zuletzt erfolgte, um mehr Akzeptanz f\u00fcr eine solche App in der Bev\u00f6lkerung zu schaffen. Ein weiterer ausschlaggebender Punkt k\u00f6nnte gewesen sein, dass die von Apple und Google entworfene API ausschlie\u00dflich einen dezentralen Ansatz unterst\u00fctzt. Die Nutzung dieser Schnittstelle ist aber mitentscheidend f\u00fcr die Effektivit\u00e4t der Kontaktnachverfolgung, da beim Betriebssystem iOS von Apple eine Hintergrundnutzung von Bluetooth durch Apps auf Systemebene unterbunden wird und somit eine fortw\u00e4hrende Nachverfolgung der Kontakte nur durch Nutzung der API mit dem dahinterliegenden Bluetooth-Service gew\u00e4hrleistet werden kann.",
            "cite_spans": [],
            "ref_spans": [],
            "section": ""
        },
        {
            "text": "Das Grundprinzip f\u00fcr eine Bluetooth basierte Kontaktnachverfolgung ist dabei in allen hier verglichenen Ans\u00e4tzen gleich: Die Smartphones aller Nutzerinnen und Nutzer der App senden permanent Daten \u00fcber BLE (Bluetooth Low Energy) an alle anderen sich in der N\u00e4he befindenden Smartphones mit kompatiblen Apps. Diese Daten enthalten Identifikationsdaten (IDs), welche den installierten Apps zugeordnet werden k\u00f6nnen. Um eine Reidentifizierbarkeit und eine damit verbundene Profilbildung zu erschweren, werden diese IDs regelm\u00e4\u00dfig ge\u00e4ndert. Mit Hilfe der IDs l\u00e4sst sich die Kontakthistorie der Nutzerinnen und Nutzer nachvollziehen und eine entsprechende Kontaktbenachrichtigung erstellen.",
            "cite_spans": [],
            "ref_spans": [],
            "section": ""
        },
        {
            "text": "\u00dcber den Datenschutz der Apps zur Kontaktnachverfolgung, insbesondere \u00fcber die Zul\u00e4ssigkeit der Datenverarbeitung, wurde bereits viel diskutiert. 1 ",
            "cite_spans": [
                {
                    "start": 146,
                    "end": 147,
                    "text": "1",
                    "ref_id": "BIBREF1"
                }
            ],
            "ref_spans": [],
            "section": "Datenschutz und Datensicherheit"
        },
        {
            "text": "F\u00fcr den Vergleich der Ans\u00e4tze sollen zun\u00e4chst ihre jeweiligen technischen Spezifikationen zur Kontaktnachverfolgung dargestellt werden. Hierbei gilt f\u00fcr alle Ans\u00e4tze, dass die Daten, die \u00fcber BLE gesendet werden, \u00f6ffentlich einsehbar sind. Nur so kann sichergestellt werden, dass jedes Empfangsger\u00e4t die Daten auch verwerten kann, was aber auch eine Kenntniserlangung durch Dritte, nicht am Versendevorgang beteiligte Akteure erm\u00f6glicht.",
            "cite_spans": [],
            "ref_spans": [],
            "section": "Vergleich der Ans\u00e4tze"
        },
        {
            "text": "Die Erzeugung der zu versendenden IDs findet auf dem Smartphone in drei Schritten statt: Zu Beginn wird auf dem Smartphone ein zuf\u00e4lliger Tagesschl\u00fcssel f\u00fcr den aktuellen Tag erzeugt (Schritt 1). Von diesem Schl\u00fcssel ausgehend werden nun mit Hilfe von kryptografischen Einweg-Funktionen mehrere IDs f\u00fcr den aktuellen Tag generiert. Diese werden \u00fcber BLE versendet und \u00e4ndern sich im Abstand von 10-20 min. Die Empf\u00e4ngerin oder der Empf\u00e4nger einer solchen ID kann anhand dieser nicht den initialen Tagesschl\u00fcssel herausfinden, da die kryptografischen Einweg-Funktionen nicht zur\u00fcckgerechnet werden k\u00f6nnen (Schritt 2). Zuletzt wird von dem urspr\u00fcnglichen Tagesschl\u00fcssel der Tagesschl\u00fcssel f\u00fcr den Folgetag abgeleitet, von dem wiederum neue IDs erzeugt werden k\u00f6nnen (Schritt 3).",
            "cite_spans": [],
            "ref_spans": [],
            "section": "Ansatz 1"
        },
        {
            "text": "Der Ablauf f\u00fcr die R\u00fcckmeldung einer COVID-19-Erkrankung ist nach beiden Ans\u00e4tzen des DP-3T-Konsortiums gleich. Eine Per-son erh\u00e4lt nach einer COVID-19-Diagnose einen Code (beispielsweise einen QR-Code) von einer autorisierten Stelle. Diesen gibt sie in der App ein, welche eine verschl\u00fcsselte TLS-Verbindung zum Server \u00f6ffnet und den Autorisierungscode und die Tageschl\u00fcssel des relevanten Zeitraums an den Server sendet. Nach dem Upload auf den Server verifiziert dieser den Autorisierungscode und speichert die Tagesschl\u00fcssel. Dadurch wird sichergestellt, dass alle Tagesschl\u00fcssel auf dem Server von erkrankten Personen stammen. Es werden keine anderen Informationen im Zusammenhang mit dem Upload (wie IP-Adressen oder Uhrzeit) gespeichert. Die installierten Apps laden nur die Tagesschl\u00fcssel (nicht alle ausgetauschten IDs) des relevanten Zeitraums von allen infizierten Personen von einem entsprechenden (zentralen) Server herunter, um dann lokal auf dem Ger\u00e4t einen Vergleich mit allen empfangenen IDs durchzuf\u00fchren. Jeder Tageschl\u00fcssel ist fest mit einem Datum verkn\u00fcpft. Dadurch wird verhindert, dass andere Personen get\u00e4uscht werden k\u00f6nnen, indem ein Schl\u00fcssel von einer infizierten Person verwendet wird, um neue IDs zu erzeugen und zu versenden. 9",
            "cite_spans": [],
            "ref_spans": [],
            "section": "Ansatz 1"
        },
        {
            "text": "Die Erzeugung der IDs erfolgt bei diesem Ansatz komplett zuf\u00e4llig. Es gibt also keinen Tagesschl\u00fcssel, von welchem die IDs abgeleitet werden. F\u00fcr jeden Zeitraum (10-20 min), in dem eine ID versendet wird, wird ein neuer zuf\u00e4lliger Wert generiert, von dem die ID abgeleitet wird. Au\u00dferdem wird nur ein wechselnder Teil dieser ID versendet. Diese einzelnen Teile der ID lassen sich nur zu einer vollst\u00e4ndigen ID zusammenf\u00fcgen, wenn zwei Nutzerinnen oder Nutzer sich f\u00fcr eine bestimmte Zeit (ca. 10-15 Minuten) in unmittelbarer N\u00e4he aufgehalten haben (Abstand 1,5 bis 2 m), weil sich dann aus mehreren \u00dcbermittlungen eine vollst\u00e4ndige ID ergibt. Dies hilft zugleich bei der Risiko-Bewertung, da somit auch die Dauer eines Kontakts abgesch\u00e4tzt werden kann.",
            "cite_spans": [],
            "ref_spans": [],
            "section": "Ansatz 2"
        },
        {
            "text": "Der Ablauf f\u00fcr die R\u00fcckmeldung einer COVID-19-Erkrankung an die App erfolgt hingegen genau wie im ersten Ansatz (s. o.). Nachdem die (vollst\u00e4ndigen) IDs der infizierten Personen auf den Server hochgeladen wurden, erzeugt dieser einen kryptografischen Filter, den alle Nutzerinnen und Nutzer erhalten, um lokal abgleichen zu k\u00f6nnen, welche IDs zu einer infizierten Person geh\u00f6ren. Dadurch besteht zwar weiterhin die M\u00f6glichkeit, herauszufinden, zu welcher Zeit man eine infizierte Person getroffen hat. Es ist aber nicht mehr m\u00f6glich, neue IDs aus den initialen Werten zu generieren. Auch hier gilt, dass keine weiteren Nutzerdaten erhoben werden.",
            "cite_spans": [],
            "ref_spans": [],
            "section": "Ansatz 2"
        },
        {
            "text": "\u00dcberdies kann eine Person mit Zugriff auf den Server keine sozialen Graphen erstellen und somit nicht nachvollziehen, welche Personen miteinander in Kontakt standen. Da alle auf dem Server gespeicherten Informationen allen Nutzerinnen und Nutzern der App zug\u00e4nglich sind, erhalten Angreiferinnen und Angreifer durch Zugriff auf den Server nicht mehr Informationen, als ohnehin bekannt sind. Somit k\u00f6nnen mit Hilfe der Serverdaten nur die IDs von Erkrankten mit eventuell vorher aufgenommenen IDs vergleichen werden.",
            "cite_spans": [],
            "ref_spans": [],
            "section": "Ansatz 2"
        },
        {
            "text": "Bei der zun\u00e4chst geplanten zentralisierten L\u00f6sung des PEPP-PT-Konsortiums w\u00e4re eine begrenzte Anzahl von IDs zuf\u00e4llig auf 9 vgl. zum Ablauf: Overview of Data Protection and Security, DP-3T https:// github.com/DP-3T/documents/blob/master/DP3T%20-%20Data%20Protec-tion%20and%20Security.pdf einem zentralen Server erzeugt und sodann an die Smartphones mit der Kontaktnachverfolgungs-App \u00fcbermittelt worden. Diese IDs k\u00f6nnen dann in einem bestimmten Zeitraum \u00fcber BLE versendet werden. Sobald die \u00fcbermittelten IDs verbraucht sind, werden vom Server neue IDs an die App \u00fcbermittelt. Falls zu diesem Zeitpunkt keine Verbindung zum Server besteht, kann die Kontaktnachverfolgung mangels IDs nicht erfolgen. Das hat hingegen nicht zur Folge, dass eine dauerhafte Verbindung zum Server notwendig w\u00e4re. Dem zentralen Server w\u00e4re jede jemals versendete ID bekannt gewesen. Ohne weitere Sicherheitsma\u00dfnahmen w\u00e4re es theoretisch m\u00f6glich gewesen, auf dem Server soziale Graphen zu erstellen. Solch ein Graph k\u00f6nnte eine Deanonymisierung der Daten und damit auch eine \u00dcberwachung erm\u00f6glichen, was als einer der gr\u00f6\u00dften Kritikpunkte gegen\u00fcber einer zentralisierten L\u00f6sung formuliert wurde. Die Protokolle des DP-3T-Konsortiums und die API von Apple und Google sehen als technische und organisatorische Ma\u00dfnahme i. S. d. Art. 25 DSGVO u. a. eine Pseudonymisierung vor. Eine echte und vollst\u00e4ndige Anonymisierung ist hingegen in keinem Ansatz vorgesehen. Allerdings d\u00fcrfte diese sich auch funktional nicht mit dem Zweck der App vertragen, sodass sie rechtlich nicht gefordert ist. Immerhin beabsichtigt keiner der Ans\u00e4tze Klarnamen oder Handynummern zu nutzen, da alle Ans\u00e4tze mindestens eine Pseudonymisierung vorsehen. Ansatz 1 des DP-3T-Konsortiums sieht vor, einen zuf\u00e4lligen Tagesschl\u00fcssel auf dem Smartphone zu erzeugen, welcher dann mit Hilfe kryptografischer Einweg-Funktionen IDs erzeugt. Ansatz 2 geht dar\u00fcber sogar noch hinaus, indem nur ein wechselnder Teil der zuf\u00e4llig erzeugten IDs versendet wird und sich erst nach einiger Zeit aus diesen Teilen die vollst\u00e4ndige ID zusammensetzen l\u00e4sst. Die Verbesserung der Datensicherheit erfolgt in diesem Ansatz durch das Aufbrechen der ID: Bewegt sich eine Nutzerin oder ein Nutzer, w\u00e4hrend die IDs von Ger\u00e4ten zur stillen Beobachtung empfangen werden, so werden wahrscheinlich nicht alle notwendigen Teile der ID empfangen und die Wahrscheinlichkeit der Zuordnung einer ID zu einer Nutzerin oder einem Nutzer sinkt.",
            "cite_spans": [],
            "ref_spans": [],
            "section": "PEPP-PT"
        },
        {
            "text": "Das PEPP-PT-Protokoll sieht hingegen vor, dass die IDs zuf\u00e4llig auf dem Server erzeugt werden, weswegen diesem Server alle IDs bekannt w\u00e4ren. Im Gegenzug m\u00fcssten die IDs der Infizierten jedoch nicht an alle Nutzerinnen und Nutzer versendet werden.",
            "cite_spans": [],
            "ref_spans": [],
            "section": "API von Apple & Google"
        },
        {
            "text": "Art. 32 DSGVO behandelt die Datensicherheit, also die Gesamtheit aller technischen und organisatorischen Ma\u00dfnahmen, die einen unzul\u00e4ssigen Umgang mit personenbezogenen Daten verhindert. Im Gegensatz zu Art. 25 DSGVO, welcher auf alle Datenschutzgrunds\u00e4tze verweist, setzt Art. 32 DSGVO vornehmlich am Datenschutzgrundsatz der Integrit\u00e4t und Vertraulichkeit aus Art. 5 Abs. 1 lit. f DSGVO an. 11 Da die Ma\u00dfnahmen zur Pseudonymisierung bereits im Rahmen des Art. 25 DSGVO aufgef\u00fchrt wurden, konzentrieren sich die Ausf\u00fchrungen im Folgenden auf die Punkte der Verf\u00fcgbarkeit, Vertraulichkeit und Integrit\u00e4t.",
            "cite_spans": [
                {
                    "start": 392,
                    "end": 394,
                    "text": "11",
                    "ref_id": "BIBREF11"
                }
            ],
            "ref_spans": [],
            "section": "Art. 32 DSGVO -Datensicherheit"
        },
        {
            "text": "Die Verf\u00fcgbarkeit von Dienstleistungen, Funktionen eines IT-Systems, IT-Anwendungen, IT-Netzen oder auch von Informationen ist vorhanden, wenn diese von den Anwendern stets wie vorgesehen genutzt werden k\u00f6nnen. 12 Dies gilt auch f\u00fcr den Fall eines Hackerangriffes oder einer Naturkatastrophe. Verf\u00fcgbarkeit kann z. B. dadurch erreicht werden, dass eine L\u00f6sung ohne die regelm\u00e4\u00dfige Verbindung zu einem Server auskommt oder durch die Verwendung resilienter Server-basierter L\u00f6sungen, die im Falle eines Angriffs automatisch ein zweites System starten.",
            "cite_spans": [
                {
                    "start": 211,
                    "end": 213,
                    "text": "12",
                    "ref_id": "BIBREF12"
                }
            ],
            "ref_spans": [],
            "section": "Verf\u00fcgbarkeit"
        },
        {
            "text": "Die Ans\u00e4tze von DP-3T haben den Vorteil, dass die auf dem Protokoll aufbauenden Apps auch bei einem l\u00e4ngeren Serverausfall weiterhin IDs versenden und empfangen k\u00f6nnen. Lediglich positiv Getestete k\u00f6nnen in diesem Zeitraum keine IDs mehr hochladen und auch andere Nutzerinnen und Nutzer k\u00f6nnen diese IDs nicht herunterladen. Somit kann zeitweise niemand mehr gewarnt werden, was im Falle eines Serverausfalls auch f\u00fcr den PEPP-PT-Ansatz gilt. Die Kontaktnachverfolgung der App bleibt jedoch nach den Protokollen des DP-3T-Konsortiums und bei der L\u00f6sung von Apple und Google auch bei einem Serverausfall verf\u00fcgbar. Bei der L\u00f6sung von PEPP-PT funktioniert die App nur so lange autonom weiter, bis alle zuvor vom Server \u00fcbermittelten IDs verbraucht wurden. Da bei einem Serverausfall keine IDs mehr \u00fcbermittelt werden k\u00f6nnen, ist eine Kontaktnachverfolgung zu dieser Zeit nicht m\u00f6glich und kann auch nicht nachgeholt werden.",
            "cite_spans": [],
            "ref_spans": [],
            "section": "Verf\u00fcgbarkeit"
        },
        {
            "text": "Ein Nachteil, zumindest im Hinblick auf die Verf\u00fcgbarkeit, ist der Umstand, dass die L\u00f6sung von Apple und Google in das Betriebssystem eingepflegt wird und damit jederzeit auf Grundlage einer eigenen Bewertung von den Herstellern deaktiviert werden kann. Daher bleibt es Apple und Google vorbehalten, \u00fcber das Fortbestehen der Notwendigkeit zu entscheiden, was Apple und Google auch bereits angek\u00fcndigt haben zu tun. Ein datenschutzrechtlicher Vorteil ist demgegen\u00fcber zweifelsfrei die F\u00f6rderung des Grundsatzes der Datenminimierung und die Einhaltung der Zweckbindung. Soweit der Zweck erf\u00fcllt ist, d\u00fcrfen auch keine weiteren personenbezogenen Daten verarbeitet werden. Kehrseite dieses Vorteils ist wiederum, dass man theoretisch der Bewertung der Zweckerreichung von Apple und Google \"ausgeliefert\" ist. Hierbei bleibt zu hoffen, dass eine Deaktivierung in Absprache mit den jeweiligen L\u00e4nderregierungen erfolgt.",
            "cite_spans": [],
            "ref_spans": [],
            "section": "Verf\u00fcgbarkeit"
        },
        {
            "text": "Weiterhin ist das Kriterium der Belastbarkeit als Unterpunkt der Verf\u00fcgbarkeit auf dessen Erf\u00fcllung hin zu untersuchen. Dieses Kriterium beschreibt die F\u00e4higkeit einer Organisation, einer Beeintr\u00e4chtigung durch St\u00f6rung zu widerstehen und eine rasche Wiederherstellung der Verf\u00fcgbarkeit von bzw. dem Zugang auf personenbezogene Daten bei einem physischen oder technischen Zwischenfall zu gew\u00e4hrleisten. 13 Die dezentralen Systeme haben in diesem Fall den Vorteil, dass das System selbst bei Verlust aller Daten durch Nutzung eines neuen Servers wieder starten kann. Auf dem Server liegen nur Daten, mit denen die IDs von infizierten Personen berechnet werden k\u00f6nnen. Da die Apps sich automatisch aktualisieren, ist es wahrscheinlich, dass viele bereits die aktuellen Datens\u00e4tze lokal gespeichert haben. Nach einem Neustart k\u00f6nnen sich die Apps wieder mit dem neuen Server verbinden und lokal die M\u00f6glichkeit eines Kontakts zu infizierten Personen pr\u00fcfen. Ein Verlust dieser Daten w\u00e4re also weniger dramatisch als bei einem zentralen System, da bei diesem alle versendeten IDs aller Nutzer und Nutzerinnen verloren gehen w\u00fcrden und eine Identifizierung im Nachhinein nicht mehr m\u00f6glich w\u00e4re. Wie die Belastbarkeit letztendlich zu bewerten ist, h\u00e4ngt von der konkreten Umsetzung dieser Systeme ab, die gegenw\u00e4rtig noch nicht zur Verf\u00fcgung steht.",
            "cite_spans": [
                {
                    "start": 402,
                    "end": 404,
                    "text": "13",
                    "ref_id": "BIBREF13"
                }
            ],
            "ref_spans": [],
            "section": "Verf\u00fcgbarkeit"
        },
        {
            "text": "Die Vertraulichkeit bezeichnet die Eigenschaft eines Systems, berechtigte Zugriffe festzulegen und das System vor unberechtigten",
            "cite_spans": [],
            "ref_spans": [],
            "section": "Vertraulichkeit"
        }
    ],
    "bib_entries": {
        "BIBREF0": {
            "ref_id": "b0",
            "title": "Die Dokumente und der Code der App sind \u00fcber die Open-Source-Plattform Github einsehbar. 16 Die App startete erfolgreich und hat schon innerhalb der ersten Woche rund 10 Millionen Downloads erreicht. Die Ma\u00dfnahmen zum Zweck der Datensicherheit des Ansatzes 2 des DP-3T-Konsortiums gehen noch \u00fcber die im Ansatz 1 vorgesehenen Ma\u00dfnahmen hinaus. Aus Sicht der Datensicherheit w\u00e4re daher eine Umsetzung der App nach dem Protokoll des Ansatzes 2 des DP-3T-Konsortiums w\u00fcnschenswert gewesen. Ansatz 1 ist jedoch im Zusammenspiel mit der Schnittstelle von Apple und Google leichter umzusetzen und daher praktikabler. Auch Ansatz 1 des DP-3T Protokolls erf\u00fcllt die Anforderungen der Datensicherheit aus der DSGVO. Eine Ver\u00f6ffentlichung des Quellcode der API w\u00e4re jedoch w\u00fcnschenswert",
            "authors": [],
            "year": null,
            "venue": "Gesellschaft und dem Helmholtz-Zentrum f\u00fcr Informationssicherheit CISPA beratend unterst\u00fctzt",
            "volume": "",
            "issn": "",
            "pages": "",
            "other_ids": {}
        },
        "BIBREF1": {
            "ref_id": "b1",
            "title": "Covid-19-Contact-Tracing-Apps -Leitlinien des EDSA, ZD-Aktuell 2020",
            "authors": [
                {
                    "first": "K",
                    "middle": [],
                    "last": "Blasek",
                    "suffix": ""
                }
            ],
            "year": null,
            "venue": "",
            "volume": "",
            "issn": "",
            "pages": "",
            "other_ids": {}
        },
        "BIBREF3": {
            "ref_id": "b3",
            "title": "So hilft die Corona-Warn-App",
            "authors": [
                {
                    "first": "Infektionsketten",
                    "middle": [],
                    "last": "Bundesregierung",
                    "suffix": ""
                },
                {
                    "first": "",
                    "middle": [],
                    "last": "Unterbrechen",
                    "suffix": ""
                }
            ],
            "year": null,
            "venue": "Beitrag vom 29.05.2020",
            "volume": "",
            "issn": "",
            "pages": "",
            "other_ids": {}
        },
        "BIBREF4": {
            "ref_id": "b4",
            "title": "Leitlinien 3/2020 f\u00fcr die Verarbeitung von Gesundheitsdaten f\u00fcr wissenschaftliche Forschungszwecke im Zusammenhang mit dem Covid-19-Ausbruch",
            "authors": [],
            "year": null,
            "venue": "Europ\u00e4ischer Datenschutzausschuss (EDSA)",
            "volume": "",
            "issn": "",
            "pages": "",
            "other_ids": {}
        },
        "BIBREF5": {
            "ref_id": "b5",
            "title": "Leitlinien 04/2020 f\u00fcr die Verwendung von Standortdaten und Tools zur Kontaktnachverfolgung im Zusammenhang mit dem Ausbruch von Covid-19",
            "authors": [],
            "year": null,
            "venue": "Europ\u00e4ischer Datenschutzausschuss (EDSA)",
            "volume": "",
            "issn": "",
            "pages": "",
            "other_ids": {}
        },
        "BIBREF6": {
            "ref_id": "b6",
            "title": "Datenschutz im Internet",
            "authors": [
                {
                    "first": "S",
                    "middle": [],
                    "last": "Jandt",
                    "suffix": ""
                },
                {
                    "first": "R",
                    "middle": [],
                    "last": "Steidle",
                    "suffix": ""
                }
            ],
            "year": 2018,
            "venue": "",
            "volume": "",
            "issn": "",
            "pages": "",
            "other_ids": {}
        },
        "BIBREF7": {
            "ref_id": "b7",
            "title": "Bedarf an und Inhalt eines Gesetzes f\u00fcr Corona-Tracing-Apps, ZD-Aktuell 2020",
            "authors": [
                {
                    "first": "P",
                    "middle": [],
                    "last": "Johannes",
                    "suffix": ""
                }
            ],
            "year": null,
            "venue": "",
            "volume": "",
            "issn": "",
            "pages": "",
            "other_ids": {}
        },
        "BIBREF8": {
            "ref_id": "b8",
            "title": "Formularhandbuch Datenschutzrecht",
            "authors": [
                {
                    "first": "A",
                    "middle": [],
                    "last": "Koreng",
                    "suffix": ""
                },
                {
                    "first": "M",
                    "middle": [],
                    "last": "/Lachenmann",
                    "suffix": ""
                }
            ],
            "year": 2018,
            "venue": "",
            "volume": "",
            "issn": "",
            "pages": "",
            "other_ids": {}
        },
        "BIBREF9": {
            "ref_id": "b9",
            "title": "Das neue Datenschutzrecht in der betrieblichen Praxis",
            "authors": [
                {
                    "first": "P",
                    "middle": [],
                    "last": "Laue",
                    "suffix": ""
                },
                {
                    "first": "S",
                    "middle": [],
                    "last": "Kremer",
                    "suffix": ""
                }
            ],
            "year": 2019,
            "venue": "",
            "volume": "",
            "issn": "",
            "pages": "",
            "other_ids": {}
        },
        "BIBREF10": {
            "ref_id": "b10",
            "title": "/Spiecker gen. D\u00f6hmann, I. (Hrsg.), Datenschutzrecht",
            "authors": [
                {
                    "first": "S",
                    "middle": [],
                    "last": "Simitis",
                    "suffix": ""
                },
                {
                    "first": "G",
                    "middle": [],
                    "last": "Hornung",
                    "suffix": ""
                }
            ],
            "year": 2019,
            "venue": "DSGVO mit BDSG",
            "volume": "",
            "issn": "",
            "pages": "",
            "other_ids": {}
        },
        "BIBREF11": {
            "ref_id": "b11",
            "title": "Europ\u00e4ische Datenschutzgrundverordnung, Handkommentar",
            "authors": [
                {
                    "first": "G",
                    "middle": [],
                    "last": "Sydow",
                    "suffix": ""
                }
            ],
            "year": 2018,
            "venue": "",
            "volume": "",
            "issn": "",
            "pages": "",
            "other_ids": {}
        },
        "BIBREF12": {
            "ref_id": "b12",
            "title": "Europ\u00e4ische Datenschutz-Grundverordnung",
            "authors": [
                {
                    "first": "A",
                    "middle": [],
                    "last": "Ro\u00dfnagel",
                    "suffix": ""
                }
            ],
            "year": 2017,
            "venue": "",
            "volume": "",
            "issn": "",
            "pages": "",
            "other_ids": {}
        },
        "BIBREF13": {
            "ref_id": "b13",
            "title": "Streit \u00fcber Datenschutz bei Tracing-Apps, ZD-Aktuell 2020",
            "authors": [
                {
                    "first": "A",
                    "middle": [],
                    "last": "Ro\u00dfnagel",
                    "suffix": ""
                }
            ],
            "year": null,
            "venue": "",
            "volume": "",
            "issn": "",
            "pages": "",
            "other_ids": {}
        },
        "BIBREF14": {
            "ref_id": "b14",
            "title": "Tracing-App: Verfassungsrechtliche Grundlagen und Kriterien f\u00fcr ihren Einsatz",
            "authors": [
                {
                    "first": "A",
                    "middle": [],
                    "last": "Ro\u00dfnagel",
                    "suffix": ""
                }
            ],
            "year": 2020,
            "venue": "",
            "volume": "",
            "issn": "",
            "pages": "",
            "other_ids": {}
        }
    },
    "ref_entries": {
        "TABREF0": {
            "text": "Doch wie sieht es mit den technischen Komponenten des Datenschutzes und der Datensicherheit aus? Die folgenden \u00dcberlegungen basieren, nach Betrachtung der bisherigen Protokolle der verschiedenen Ans\u00e4tze sowie der aktuellen Debatte, auf der Annahme, dass die Apps nicht vollst\u00e4ndig anonym funktionieren werden, sondern die Pseudonyme an verschiedenen Stellen ggf. einen R\u00fcckschluss auf Nutzerinnen und Nutzer der App zulassen und somit einen Personenbezug aufweisen k\u00f6nnten. Wenn dies der Fall ist, bedarf es f\u00fcr die Verarbeitung der Pseudonyme einer Rechtsgrundlage (Art. 6 Abs. 1 DSGVO). Als m\u00f6gliche Rechtsgrundlage k\u00e4me -solange weder auf europ\u00e4ischer noch auf nationaler Ebene entsprechende spezielle gesetzliche Regelungen bestehen -eine Einwilligung in Betracht. 2 Diese muss sich am Ma\u00dfstab des Art. 7 und Art. 4 Nr. 11 DSGVO orientieren, ggf. in Verbindung mit Art. 9 Abs. 2 lit. a DSGVO, wenn Gegenstand der Verarbeitung die Bereitstellung der Information \u00fcber ein positives COVID-19 Testergebnis mittels App ist. Die Einwilligung muss also nach Art. 4 Nr. 11 DSGVO zwingend freiwillig, f\u00fcr einen bestimmten Fall und in informierter Weise erfolgen, im Fall von Art. 9 Abs. 2 lit. a DSGVO zudem ausdr\u00fccklich. 3 Der Europ\u00e4ische Datenschutzausschuss betont daher auch in seinen Richtlinien f\u00fcr Kontaktnachverfolgungs-Apps vor allem das Erfordernis der Freiwilligkeit. B\u00fcrgerinnen und B\u00fcrgern d\u00fcrfen keine Nachteile aus der Nichtnutzung der App erwach-sen. 4 Neben diesen Anforderungen an die Einwilligung sind auch die allgemeinen Datenschutzgrunds\u00e4tze aus Art. 5 DSGVO sowie die weiteren Anforderungen der DSGVO zu beachten. 5 Dieser Beitrag konzentriert sich auf die Datensicherheit nach der DSGVO. Diese ist vor allem im Grundsatz der Integrit\u00e4t und Vertraulichkeit aus Art. 5 Abs. 1 lit. f DSGVO normiert, welcher in Art. 32 DSGVO konkretisiert wird. 6 Die von Art. 25 DSGVO geforderten Ma\u00dfnahmen des Datenschutzes durch Technikgestaltung gehen wiederum mit der Datensicherheit Hand in Hand und \u00fcberschneiden sich teilweise. 7 Sowohl Art. 25 als auch Art. 32",
            "latex": null,
            "type": "table"
        },
        "TABREF1": {
            "text": "Die von Apple und Google mit dem jeweiligen Betriebssystemupdate bereitgestellte API wird auch von der von SAP und der Telekom entwickelten deutschen Corona-Warn-App verwendet. Die API und das dahinterliegende Framework setzen das Protokoll um, welches sich im Wesentlichen an den Spezifikationen des Ansatzes 1 von DP-3T orientiert, und stellt eine m\u00f6glichst hohe Kompatibilit\u00e4t sicher. Die Tagesschl\u00fcssel werden dabei auch verwendet, um weitere Metadaten, gegenw\u00e4rtig nur die Signalst\u00e4rke und die Protokollversion, verschl\u00fcsselt mit den per BLE versendeten Nachrichten zu verbinden. Durch die Aufzeichnung der Signalst\u00e4rke wird eine Sch\u00e4tzung des Abstands zwischen den Smartphones erm\u00f6glicht. Die Tagesschl\u00fcssel bleiben dabei maximal 14 Tage auf dem eigenen Smartphone gespeichert. Wird eine Nutzerin oder ein Nutzer positiv auf COVID-19 getestet, dann werden diese Schl\u00fcssel an den Server \u00fcbertragen. Die Corona-Warn-App rekonstruiert aus den Tagesschl\u00fcsseln IDs und vergleicht diese. Soweit Kontakt zu einer erkrankten Person bestanden hat, k\u00f6nnen auch die Metadaten entschl\u00fcsselt werden. Dadurch kann beispielsweise ermittelt werden, wie viel Abstand die Personen zueinander hatten und \u00fcber welchen Zeitraum der Kontakt bestand. Demzufolge erm\u00f6glicht die API die Kommunikation zwischen den Apps auf den Smartphones und nimmt die erforderliche Risikoberechnung vor. Die Privatsph\u00e4re der Nutzer wird durch das komplexe kryptografische System gesch\u00fctzt. Da jedoch lediglich die Spezifikationen der API und nicht der Quellcode als Open Source ver\u00f6ffentlicht wurde, kann an dieser Stelle keine weitergehende Analyse der erm\u00f6glichten Verarbeitungsvorg\u00e4nge erfolgen.",
            "latex": null,
            "type": "table"
        }
    },
    "back_matter": [
        {
            "text": "Zugriffen zu sch\u00fctzen. 14 Bei der Vertraulichkeit der Daten kommt es darauf an, dass Dritte keinen einfachen Zugriff auf die Daten erhalten. Somit muss sichergestellt werden, dass sowohl die Daten auf dem Server als auch auf dem Ger\u00e4t ausreichend gesch\u00fctzt sind. Hinzu kommt, dass die Daten auch w\u00e4hrend der Kommunikation zum Server oder vom Server nicht ausgelesen werden k\u00f6nnen.Auch hier bietet ein dezentrales System einige Vorteile. Alle IDs (oder, je nach Ansatz, Tagesschl\u00fcssel) von Erkrankten, die an den Server gesendet werden, sind \u00f6ffentlich verf\u00fcgbar, damit alle Nutzerinnen und Nutzer von Kontaktnachverfolgungs-Apps diese mit ihren empfangenen IDs abgleichen k\u00f6nnen. Da die IDs pseudonym sind, ist ein Schutz vor Angreifern nicht n\u00f6tig. Auf dem Ger\u00e4t sollten alle empfangenen IDs gesch\u00fctzt werden, was jedoch eine Frage der Implementierung der App ist. Diese Frage ist nicht Gegenstand dieses Beitrags. Eine entsprechende Verschl\u00fcsselung der Daten auf dem Smartphone ist jedoch ohne weiteres m\u00f6glich.Da auch vom PEPP-PT-Konsortium keine fertige L\u00f6sung vorgestellt wurde, kann auch hier die Einhaltung dieses Kriteriums nicht bewerten werden. Wichtiger ist es ohnehin, einen entsprechenden Schutz der Server zu gew\u00e4hrleisten, auf denen s\u00e4mtliche von den Nutzerinnen und Nutzern geteilten IDs gesammelt vorliegen. Dazu z\u00e4hlt auch die Geheimhaltung der Zuordnungsregeln, da andernfalls die Pseudonyme aufgel\u00f6st und Personen identifiziert werden k\u00f6nnten.Letztlich muss auch der schreibende Zugriff auf den Server gesch\u00fctzt werden. Die App wird die M\u00f6glichkeit haben, nach einem positiven COVID-19-Test IDs an den Server zu senden. Daher muss sichergestellt werden, dass es f\u00fcr Angreifer keine M\u00f6glichkeit gibt, sich dieser Schnittstelle zu bedienen, um falsche IDs an den Server zu senden, da dies zu falschen Benachrichtigungen f\u00fchren w\u00fcrde.",
            "cite_spans": [
                {
                    "start": 23,
                    "end": 25,
                    "text": "14",
                    "ref_id": "BIBREF14"
                }
            ],
            "ref_spans": [],
            "section": "annex"
        },
        {
            "text": "Integrit\u00e4t bezeichnet die Sicherstellung der Korrektheit (Unversehrtheit) von Daten (dass die Daten vollst\u00e4ndig und unver\u00e4ndert sind) und der korrekten Funktionsweise von Systemen. 15 Dieses Kriterium gilt f\u00fcr jeden Ansatz und kann nicht ohne eine ver\u00f6ffentlichte Softwarel\u00f6sung validiert werden. Mit Hilfe von verbreiteten kryptografischen Funktionen ist es jedoch m\u00f6glich, die Einhaltung dieses Kriteriums zu gew\u00e4hrleisten. Ansatz 2 des DP-3T-Konsortiums sieht beispielsweise vor, nicht die initiale, zuf\u00e4llige ID einer infizierten Person mit allen Nutzerinnen und Nutzern der App zu teilen, sondern diese in einen kryptografischen Filter zu integrieren. Durch diesen Filter ist es nicht mehr m\u00f6glich, neue IDs aus den initialen Werten zu generieren und somit andere Menschen f\u00e4lschlicherweise zu benachrichtigen.",
            "cite_spans": [
                {
                    "start": 181,
                    "end": 183,
                    "text": "15",
                    "ref_id": null
                }
            ],
            "ref_spans": [],
            "section": "Integrit\u00e4t"
        },
        {
            "text": "Die Bundesregierung hat die Unternehmen SAP und Telekom mit der Entwicklung der Corona-Warn-App beauftragt, die auf einer dezentralen L\u00f6sung basiert. Dabei werden sie von der Fraunho-",
            "cite_spans": [],
            "ref_spans": [],
            "section": "Zusammenfassung und Ausblick"
        }
    ]
}