{
    "paper_id": "001392d7d857dcd3861c410d41033ce8c82f7edd",
    "metadata": {
        "title": "",
        "authors": [
            {
                "first": "J",
                "middle": [
                    "R"
                ],
                "last": "Garcia",
                "suffix": "",
                "affiliation": {},
                "email": ""
            },
            {
                "first": "A",
                "middle": [],
                "last": "Compte",
                "suffix": "",
                "affiliation": {},
                "email": ""
            },
            {
                "first": "P",
                "middle": [],
                "last": "Bassa",
                "suffix": "",
                "affiliation": {},
                "email": ""
            },
            {
                "first": "S",
                "middle": [],
                "last": "Mourelo",
                "suffix": "",
                "affiliation": {},
                "email": ""
            },
            {
                "first": "S",
                "middle": [],
                "last": "Ortiz",
                "suffix": "",
                "affiliation": {},
                "email": ""
            },
            {
                "first": "E",
                "middle": [],
                "last": "Riera",
                "suffix": "",
                "affiliation": {},
                "email": ""
            }
        ]
    },
    "abstract": [],
    "body_text": [
        {
            "text": "Linfadenopat\u00eda en PET/RM con 18F-colina relacionada con la vacuna contra el SARS-CoV-2 18F-Choline PET/MRI limphadenopathy related to SARS-CoV-2 vaccine JR Garcia, A Compte, P Bassa, S Mourelo, S Ortiz, E Riera. We present the case of a 71-year-old man with history of prostate cancer treated with prostatectomy in January 2020, who presented with progressively increasing levels of PSA, currently 0.9 ng/ml. Patient was referred for an [ 18 F]F-Choline PET/MRI.",
            "cite_spans": [],
            "ref_spans": [],
            "section": "[ 18 F]F-Choline PET/MRI lymphadenopathy related to SARS-CoV-2 vaccine"
        },
        {
            "text": "The whole-body PET/MRI study, acquired 1 hour after intravenous administration of [ 18 F]F-Choline, identified supraclavicular lymph nodes, as well as in the three levels of the left axilla ( Figure 1 ). However, no tracer uptake suspicious for local recurrence, infradiaphragmatic lymphadenopathy infiltration or bone metastases was detected.",
            "cite_spans": [],
            "ref_spans": [
                {
                    "start": 192,
                    "end": 200,
                    "text": "Figure 1",
                    "ref_id": null
                }
            ],
            "section": "[ 18 F]F-Choline PET/MRI lymphadenopathy related to SARS-CoV-2 vaccine"
        },
        {
            "text": "The Pfizer-BioNTech SARS-CoV-2 mRNA vaccine safety and efficacy clinical trial reported a regional lymphadenopathy rate of 0.3% in vaccinated patients. The reported incidence following the start of mass vaccination in developed countries against SARS-CoV-2 was 36.4% after the first vaccination, and 53.9% after the booster shot 1 .",
            "cite_spans": [],
            "ref_spans": [],
            "section": "[ 18 F]F-Choline PET/MRI lymphadenopathy related to SARS-CoV-2 vaccine"
        },
        {
            "text": "Our patient\u00b4s clinical history pointed out that he had received the first dose of SARS-CoV-2 vaccine in his left arm 7 days prior to the imaging study. We therefore considered our imaging findings consistent with reactive lymph nodes, even more so considering the absence of other relevant imaging findings found, and the patient PSA level.",
            "cite_spans": [],
            "ref_spans": [],
            "section": "[ 18 F]F-Choline PET/MRI lymphadenopathy related to SARS-CoV-2 vaccine"
        },
        {
            "text": "The high rate of lymph nodes with high [ 18 F]FDG uptake found in vaccinated patients mean a new challenge on the interpretation of [ 18 F]FDG PET/CT studies in oncology patients. The intensity of [ 18 F]FDG lymph node uptake overlaps with that of malignant involvement. It has been suggested that the imaging study should be postponed through 6 weeks after vaccination, but this recommendation implies also a diagnostic delay that is not acceptable in the oncology setting. Therefore, three \"time windows\" after vaccination have been described, in which the likelihood of depicting non-specific lymph node uptake is lower: over the first 5 days after the first vaccination, on the third week after the first vaccination (before the booster dose is administered), and at least 3 weeks after the booster dose is administered 2 .",
            "cite_spans": [],
            "ref_spans": [],
            "section": "[ 18 F]F-Choline PET/MRI lymphadenopathy related to SARS-CoV-2 vaccine"
        },
        {
            "text": "Garcia Vicente et al. have described in a patient submitted to a [ 18 F]F-Choline PET/CT for assessment of prostate cancer recurrence, findings consistent with COVID-19 pneumonia and with [ 18 F]F-Choline uptake. The authors suggested that the increased tracer uptake reflected a highly activated macrophage burden 3 .",
            "cite_spans": [],
            "ref_spans": [],
            "section": "[ 18 F]F-Choline PET/MRI lymphadenopathy related to SARS-CoV-2 vaccine"
        },
        {
            "text": "With this case report, we aimed to highlight the importance of being aware of the patients' vaccination history, and that the common presentation of benign reactive lymphadenopathy after vaccination developed against SARS-CoV-2, found also on [ 18 F]F-Choline studies, may avoid J o u r n a l P r e -p r o o f false positive cases, unnecessary additional imaging and further biopsy procedures, and therefore, other PET tracers should also be taken into consideration.",
            "cite_spans": [],
            "ref_spans": [],
            "section": "[ 18 F]F-Choline PET/MRI lymphadenopathy related to SARS-CoV-2 vaccine"
        },
        {
            "text": "Whole-body MIP image (A) Selected axial PET/MRI images: T2 MRI, diffusion MRI sequence, [ 18 F]F-Choline Clavicle fossa (B) Axilla (C, D, E).",
            "cite_spans": [],
            "ref_spans": [],
            "section": "FIGURE LEGENDS"
        },
        {
            "text": "Infracentimetric lymph nodes, with [ 18 F]F-Choline uptake and diffusion restriction, found in left clavicle fossa and at the three levels of the left axilla.",
            "cite_spans": [],
            "ref_spans": [],
            "section": "FIGURE LEGENDS"
        }
    ],
    "bib_entries": {
        "BIBREF0": {
            "ref_id": "b0",
            "title": "BNT162b2 mRNA Covid-19 vaccine in a nation wide mass vaccination setting",
            "authors": [
                {
                    "first": "N",
                    "middle": [],
                    "last": "Dagan",
                    "suffix": ""
                },
                {
                    "first": "N",
                    "middle": [],
                    "last": "Barda",
                    "suffix": ""
                },
                {
                    "first": "E",
                    "middle": [],
                    "last": "Kepten",
                    "suffix": ""
                },
                {
                    "first": "O",
                    "middle": [],
                    "last": "Miron",
                    "suffix": ""
                },
                {
                    "first": "S",
                    "middle": [],
                    "last": "Perchik",
                    "suffix": ""
                },
                {
                    "first": "M",
                    "middle": [
                        "A"
                    ],
                    "last": "Katz",
                    "suffix": ""
                }
            ],
            "year": 2021,
            "venue": "N Engl J Med",
            "volume": "",
            "issn": "",
            "pages": "",
            "other_ids": {
                "DOI": [
                    "10.1056/NEJMoa2101765"
                ]
            }
        },
        "BIBREF1": {
            "ref_id": "b1",
            "title": "Hypermetabolic lymphadenopathy following administration of BNT162b2 mRNA Covid-19 vaccine: incidence assessed by 18 F-FDG PET-CT and relevance to study interpretation",
            "authors": [
                {
                    "first": "Dan",
                    "middle": [],
                    "last": "Cohen",
                    "suffix": ""
                },
                {
                    "first": "D",
                    "middle": [],
                    "last": "Krauthammer",
                    "suffix": ""
                },
                {
                    "first": "S",
                    "middle": [
                        "H"
                    ],
                    "last": "Wolf",
                    "suffix": ""
                },
                {
                    "first": "I",
                    "middle": [],
                    "last": "Even-Sapir",
                    "suffix": ""
                },
                {
                    "first": "E",
                    "middle": [],
                    "last": "",
                    "suffix": ""
                }
            ],
            "year": 2021,
            "venue": "Eur J Nucl Med Mol Imaging",
            "volume": "48",
            "issn": "",
            "pages": "1854--1863",
            "other_ids": {
                "DOI": [
                    "10.1007/s00259-021-05314-2"
                ]
            }
        },
        "BIBREF2": {
            "ref_id": "b2",
            "title": "Incidental COVID-19 Pneumonia on 18F-Fluorocholine PET/CT",
            "authors": [
                {
                    "first": "Garc\u00eda",
                    "middle": [],
                    "last": "Vicente",
                    "suffix": ""
                },
                {
                    "first": "A",
                    "middle": [
                        "M"
                    ],
                    "last": "Soriano Castrej\u00f3n",
                    "suffix": ""
                },
                {
                    "first": "A",
                    "middle": [],
                    "last": "",
                    "suffix": ""
                }
            ],
            "year": 2020,
            "venue": "Clin Nucl Med",
            "volume": "45",
            "issn": "",
            "pages": "376--377",
            "other_ids": {
                "DOI": [
                    "10.1097/RLU.0000000000003189"
                ]
            }
        }
    },
    "ref_entries": {},
    "back_matter": []
}