{"paper_id": "0017d9ae8101a7f5e97a90d8e97c3ffc1097fd04", "metadata": {"title": "", "authors": []}, "abstract": [], "body_text": [{"text": "Several reports estimated a larger COV-ID-19 outbreak in Egypt than what is announced by the Egyptian authorities, raising a big question; Does Egypt have uncovered data about the real number of COVID-19 cases? Alternatively, a unique country situation could be the cause. no need to stop close airport travels, schools, or universities at this stage. Instead, Egypt started to examine all tourists coming to Egypt and to trace them for the development of fever or respiratory symptoms after arrival. Egypt discovered cases of COVID-19 in a cruise ship in Luxor, and subsequently, the authorities prevented the onboard passengers and the crew from leaving the ship and sent a medical team to take care of them. On March 8, Egypt announced that a 60 year-old German tourist died in the touristic town Hurghada, Egypt, and this was the first German fatality from the virus. The escalation in the number of cases by the middle of March to be >100 cases prompted the government to take more strict arrangements. Egypt suspended schools and universities for one month and encouraged electronic distance learning. Also, Egypt imposed a curfew from 7 pm until 6 am, during which all shops and markets are closed from 5 pm to 6 pm and are subjected to a complete shutdown on Fridays and Saturdays. Besides, all means of public and private transportation are suspended during curfew hours. Flight into or out of Egypt were also suspended in an attempt to reduce the risk of importing infection. All sports and many social activities were also banned to prevent the spread of COVID-19.", "cite_spans": [], "ref_spans": [], "section": ""}, {"text": "Egypt abandoned individual hospitals in every governate to be assigned as quarantine hospitals for CO-VID-19 patients. Egyptian MOH decided to relay on a medical team composed of different specialties (Pulmonology, Internal Medicine, Tropical Medicine, Infectious Diseases, Intensive care, Radiology, Clinical Pathology, Clinical Pharmacy, and Infection control) to take care of the inpatients in these quarantine hospitals. Each medical team stays in the hospital for 14 days, then all team members should be tested for SARS-CoV-2 through nasopharyngeal swabs, and infection negative team members are released for home self-isolation for another 14 days. Positive swab doctors (if any), are to stay in the quarantine hospital to get medical care.", "cite_spans": [], "ref_spans": [], "section": "HEALTH MEASURES TO CONTROL INFECTION"}, {"text": "Egyptian MOH issued a standardized guide for the diagnosis and management of COVID-19. According to this protocol, patients with COVID-19 infection are classified on clinical bases into mild, moderate, severe, and critical cases. Mild cases are patients in whom clinical symptoms are mild, with no signs of pneumonia in chest imaging. Moderate cases are those complaining of COVID-19 symptoms such as fever or manifestations of chest disease, or imaging results indicative of pneumonia. Severe cases are patients who meet any of the following criteria; (a) respiratory rate >30 breaths/min, (b) oxygen saturations <93% at a rest state, (c) arterial partial pressure of oxygen (PaO 2 )/ Fraction of inspired oxygen (FiO 2 )<300 mm Hg, or (d) patients with more than 50% lesions progression within 24 to 48 hours in lung imaging. Finally, critical patients are those who are meeting any of the following criteria; (a) occurrence of respiratory failure requiring mechanical ventilation, or (b) the presence of shock; other organ failures that require monitoring and treatment in the ICU. The setup of quarantine hospitals is prepared to match this protocol.", "cite_spans": [], "ref_spans": [], "section": "HEALTH MEASURES TO CONTROL INFECTION"}, {"text": "The relatively low rates of newly reported COVID-19 cases in Egypt, and the modest cumulative number of cases compared to other countries could be attributed to some country-specific factors:", "cite_spans": [], "ref_spans": [], "section": "FACTORS THAT MAY CONTRIBUTE TO LOWER THE RATE OF INFECTION IN EGYPT"}, {"text": "Previous studies about the outbreak of severe acute respiratory syndrome (SARS) declared a decline in the infection rate of the disease with the warming of weather. A Korean study Photo: Low reported numbers of COVID-19 in Egypt (created by the authors, and used with permission).", "cite_spans": [], "ref_spans": [], "section": "TEMPERATURE AND HUMIDITY"}, {"text": "The possible causes of such relatively lower rates of reported infections in Egypt could be the high temperature and humidity, early use of BCG vaccination, and possibly a different viral subtype. Additionally, the number of performed screening tests according to the national protocol could be fewer compared to other countries.", "cite_spans": [], "ref_spans": [], "section": "TEMPERATURE AND HUMIDITY"}, {"text": "found that low daily temperature and low relative humidity were associated with a significant increase in the incidence of influenza [4] . Absolute humidity also had significant correlations with influenza viral survival and transmission rates [5] . Additionally, some studies reported that meteorological factors could significantly affect COVID-19 rates of infection. Moreover, the doubling time of COVID-19 positively was found to be correlated with temperature and inversely with humidity, implying that a decline in the infection progression rate will occur in spring and summer, as a 20\u00b0C increase in temperature is expected to lag the doubling time 1.8 days [6] .", "cite_spans": [{"start": 133, "end": 136, "text": "[4]", "ref_id": "BIBREF3"}, {"start": 244, "end": 247, "text": "[5]", "ref_id": "BIBREF4"}, {"start": 665, "end": 668, "text": "[6]", "ref_id": "BIBREF5"}], "ref_spans": [], "section": "TEMPERATURE AND HUMIDITY"}, {"text": "Egypt is known to have a hot desert climate which is generally arid all over the country. Moreover, the temperature is extremely high during the summer months, especially in Upper Egypt. By comparing the average temperature during March 2020 in Cairo and other worldwide cities with a high incidence of COVID-19 infection (Milan, Albacete, New York, and Wuhan), noticeable differences are present with higher temperatures in Cairo. Moreover, Cairo had lower humidity during the same period (Table 1) [7] . What could support this theory is that the rate of infection is lower in Upper Egypt, where the higher temperature climate is encountered compared to other areas of country. Probably, the climate may have a significant impact on lowering the rate of COVID-19 infection in Egypt.", "cite_spans": [{"start": 500, "end": 503, "text": "[7]", "ref_id": "BIBREF6"}], "ref_spans": [], "section": "TEMPERATURE AND HUMIDITY"}, {"text": "Bacille Calmette-Gu\u00e9rin (BCG) is a live attenuated vaccine against Mycobacterium bovis (M. bovis). BCG vaccine has been shown to produce non-specific immune effects leading to enhanced response against other non-mycobacterial organisms [8] . Trained immunity is a term called to describe a proposed metabolic and epigenetic changes following BCG vaccination resulting in an advancement of genetic regions encoding for pro-inflammatory cytokines. BCG vaccination boosts the release of pro-inflammatory cytokines, specifically IL-1\u03b2, which has a potent antiviral effect [9] . Some recent studies claimed that BCG vaccination might play a role in reducing the rate of COVID-19, and rates of its related morbidity and mortality. In a recent report, countries that had never implemented universal vaccination policies (Italy, USA, and Nederland) have higher rates of COVID-19 infection and increased mortality. Countries that applied the universal BCG vaccination strategy late in the 20 th century, like Iran, were also noticed to have increased rates of infection and mortality, which might be due to unprotected older population [8] . Egypt included BCG vaccination in compulsory vaccination program early since 1974. According to this theory, the relatively low rates of COVID-19 infections and mortalities in Egypt may be partially attributed to the early intake of BCG vaccination in the country. However, no available data up till now could support such a relation or explain why some countries which have never provide BCG vaccination for the population has a low rate of infection.", "cite_spans": [{"start": 236, "end": 239, "text": "[8]", "ref_id": "BIBREF7"}, {"start": 568, "end": 571, "text": "[9]", "ref_id": "BIBREF8"}, {"start": 1127, "end": 1130, "text": "[8]", "ref_id": "BIBREF7"}], "ref_spans": [], "section": "BCG VACCINE USE"}, {"text": "Two significant subtypes of SARS-CoV-2 are detected based on two Single nucleotide polymorphism (SNP). The L type was found to be derived from the S type, but L ( ~ 70%) is more prevalent than S ( ~ 30%). This suggests that L has a higher transmission rate than the S type [10] . Clinical picture and mortality rates could be correlated with the prevalent type of COVID-19. Up to date, no data are available about the epigenetics of the type of COVID-19 in Egypt. The relatively low number of cases and low case fatality in the country may suggest a less aggressive type of COVID-19.", "cite_spans": [{"start": 273, "end": 277, "text": "[10]", "ref_id": "BIBREF9"}], "ref_spans": [], "section": "PREVALENT COVID-19 SUBTYPE"}, {"text": "The rapidly varying situation of the disease across the globe could easily make this report unsound at a particular stage, yet hopefully soon, and once the COVID-19 universal disaster is arrested, many facts for the future will be clarified. For the time being, we call for adhering to more conservative measures till reaching a downsloping curve for the number of reported cases in the country. ", "cite_spans": [], "ref_spans": [], "section": "THE EGYPTIAN SITUATION: A FUTURE POLL"}], "bib_entries": {"BIBREF0": {"ref_id": "b0", "title": "Early transmission dynamics in Wuhan, China, of novel Coronavirus-infected pneumonia", "authors": [{"first": "Q", "middle": [], "last": "Li", "suffix": ""}, {"first": "X", "middle": [], "last": "Guan", "suffix": ""}, {"first": "P", "middle": [], "last": "Wu", "suffix": ""}, {"first": "X", "middle": [], "last": "Wang", "suffix": ""}, {"first": "L", "middle": [], "last": "Zhou", "suffix": ""}, {"first": "Y", "middle": [], "last": "Tong", "suffix": ""}], "year": 2020, "venue": "N Engl J Med", "volume": "382", "issn": "", "pages": "", "other_ids": {"DOI": ["10.1056/NEJMoa2001316"]}}, "BIBREF1": {"ref_id": "b1", "title": "Preparedness and vulnerability of African countries against importations of COVID-19: a modelling study", "authors": [{"first": "M", "middle": [], "last": "Gilbert", "suffix": ""}, {"first": "G", "middle": [], "last": "Pullano", "suffix": ""}, {"first": "F", "middle": [], "last": "Pinotti", "suffix": ""}, {"first": "E", "middle": [], "last": "Valdano", "suffix": ""}, {"first": "C", "middle": [], "last": "Poletto", "suffix": ""}, {"first": "P-Y", "middle": [], "last": "Bo\u00eblle", "suffix": ""}], "year": 2020, "venue": "Lancet", "volume": "395", "issn": "20", "pages": "30411--30417", "other_ids": {"DOI": ["10.1016/S0140-6736(20)30411-6"]}}, "BIBREF2": {"ref_id": "b2", "title": "Estimation of the COVID-19 burden in Egypt through exported case detection", "authors": [{"first": "A", "middle": ["R"], "last": "Tuite", "suffix": ""}, {"first": "V", "middle": [], "last": "Ng", "suffix": ""}, {"first": "E", "middle": [], "last": "Rees", "suffix": ""}, {"first": "D", "middle": [], "last": "Fisman", "suffix": ""}, {"first": "A", "middle": [], "last": "Wilder-Smith", "suffix": ""}, {"first": "K", "middle": [], "last": "Khan", "suffix": ""}], "year": null, "venue": "Lancet Infect Dis", "volume": "", "issn": "20", "pages": "30233--30237", "other_ids": {"DOI": ["10.1016/S1473-3099(20)30233-4"]}}, "BIBREF3": {"ref_id": "b3", "title": "Effects of temperature, humidity, and diurnal temperature range on influenza incidence in a temperate region. Influenza Other Respir Viruses", "authors": [{"first": "J", "middle": ["E"], "last": "Park", "suffix": ""}, {"first": "W", "middle": ["S"], "last": "Son", "suffix": ""}, {"first": "Y", "middle": [], "last": "Ryu", "suffix": ""}, {"first": "S", "middle": ["B"], "last": "Choi", "suffix": ""}, {"first": "O", "middle": [], "last": "Kwon", "suffix": ""}, {"first": "I", "middle": [], "last": "Ahn", "suffix": ""}], "year": 2020, "venue": "", "volume": "14", "issn": "", "pages": "", "other_ids": {"DOI": ["10.1111/irv.12682"]}}, "BIBREF4": {"ref_id": "b4", "title": "Influenza and humidity-Why a bit more damp may be good for you!", "authors": [{"first": "J", "middle": ["A"], "last": "Metz", "suffix": ""}, {"first": "A", "middle": [], "last": "Finn", "suffix": ""}], "year": 2015, "venue": "J Infect", "volume": "71", "issn": "", "pages": "", "other_ids": {"DOI": ["10.1016/j.jinf.2015.04.013"]}}, "BIBREF5": {"ref_id": "b5", "title": "Temperature significant change COVID-19 Transmission in 429 cities", "authors": [{"first": "M", "middle": [], "last": "Wang", "suffix": ""}, {"first": "A", "middle": [], "last": "Jiang", "suffix": ""}, {"first": "L", "middle": [], "last": "Gong", "suffix": ""}, {"first": "L", "middle": [], "last": "Luo", "suffix": ""}, {"first": "W", "middle": [], "last": "Guo", "suffix": ""}, {"first": "C", "middle": [], "last": "Li", "suffix": ""}], "year": null, "venue": "", "volume": "", "issn": "", "pages": "", "other_ids": {"DOI": ["10.1101/2020.02.22.20025791"]}}, "BIBREF6": {"ref_id": "b6", "title": "Weather Averages & Monthly Temperatures", "authors": [], "year": 2020, "venue": "", "volume": "", "issn": "", "pages": "", "other_ids": {}}, "BIBREF7": {"ref_id": "b7", "title": "Correlation between universal BCG vaccination policy and reduced morbidity and mortality for COVID-19: an epidemiological study. medRxiv", "authors": [{"first": "A", "middle": [], "last": "Miller", "suffix": ""}, {"first": "M", "middle": ["J"], "last": "Reandelar", "suffix": ""}, {"first": "K", "middle": [], "last": "Fasciglione", "suffix": ""}, {"first": "V", "middle": [], "last": "Roumenova", "suffix": ""}, {"first": "Y", "middle": [], "last": "Li", "suffix": ""}, {"first": "G", "middle": ["H"], "last": "Otazu", "suffix": ""}], "year": 2020, "venue": "", "volume": "", "issn": "", "pages": "", "other_ids": {"DOI": ["https:/doi.org/10.1101/2020.03.24.20042937"]}}, "BIBREF8": {"ref_id": "b8", "title": "Long-lasting effects of BCG vaccination on both heterologous Th1/Th17 responses and innate trained immunity", "authors": [{"first": "J", "middle": [], "last": "Kleinnijenhuis", "suffix": ""}, {"first": "J", "middle": [], "last": "Quintin", "suffix": ""}, {"first": "F", "middle": [], "last": "Preijers", "suffix": ""}, {"first": "C", "middle": ["S"], "last": "Benn", "suffix": ""}, {"first": "L", "middle": ["A"], "last": "Joosten", "suffix": ""}, {"first": "C", "middle": [], "last": "Jacobs", "suffix": ""}], "year": 2014, "venue": "J Innate Immun", "volume": "6", "issn": "", "pages": "", "other_ids": {"DOI": ["10.1159/000355628"]}}, "BIBREF9": {"ref_id": "b9", "title": "On the origin and continuing evolution of SARS-CoV-2", "authors": [{"first": "X", "middle": [], "last": "Tang", "suffix": ""}, {"first": "C", "middle": [], "last": "Wu", "suffix": ""}, {"first": "X", "middle": [], "last": "Li", "suffix": ""}, {"first": "Y", "middle": [], "last": "Song", "suffix": ""}, {"first": "X", "middle": [], "last": "Yao", "suffix": ""}, {"first": "X", "middle": [], "last": "Wu", "suffix": ""}], "year": null, "venue": "Natl Sci Rev", "volume": "2020", "issn": "", "pages": "", "other_ids": {"DOI": ["10.1093/nsr/nwaa036"]}}}, "ref_entries": {"TABREF0": {"text": "Comparison between the weather in Cairo, Milan, Albacete, New York, and Wuhan during March 2020 Cairo Milan albaCete new York wuhan", "latex": null, "type": "table"}, "TABREF1": {"text": "Table 1. Comparison between the weather in Cairo, Milan, Albacete, New York, and Wuhan during March 2020", "latex": null, "type": "table", "html": "<html><body><table><tr><td>\u00a0</td><td>Cairo </td><td>Milan </td><td>Albacete </td><td>New York </td><td>Wuhan\n</td></tr><tr><td>Daytime temperature (\u00b0C) </td><td>24 </td><td>14.3 </td><td>16.3 </td><td>9.8 </td><td>14.8\n</td></tr><tr><td>Nightly temperature </td><td>11 </td><td>3.8 </td><td>3.3 </td><td>0.8 </td><td>6\n</td></tr><tr><td>Average temperature </td><td>17.5 </td><td>\u00a0</td><td>9.8 </td><td>5.3 </td><td>10.4\n</td></tr><tr><td>Daily sunshine (hours) </td><td>9.1 </td><td>4.9 </td><td>7 </td><td>7.5 </td><td>4.2\n</td></tr><tr><td>Average rainfall (mm) </td><td>2.2 </td><td>265 </td><td>27 </td><td>101.8 </td><td>95.1\n</td></tr><tr><td>Rainy days </td><td>2 </td><td>7 </td><td>5 </td><td>11 </td><td>15\n</td></tr><tr><td>Humidity (%) </td><td>54 </td><td>71 </td><td>63 </td><td>60 </td><td>79\n</td></tr></table></body></html>"}}, "back_matter": [{"text": "Funding: This is a non-funded work.Authorship contributions: MEK conceptualized the idea, MM and MEK planned the study and helped in data collection. Both authors contributed equally in manuscript revision and editing and approved the final version of this work.", "cite_spans": [], "ref_spans": [], "section": "annex"}, {"text": "The authors completed the ICMJE Unified Competing Interest form (available upon request from the corresponding author), and declare no conflicts of interest.", "cite_spans": [], "ref_spans": [], "section": "Competing interests:"}]}