{
    "paper_id": "001722468ce3ee15558b7ea17c13dd632268e27a",
    "metadata": {
        "title": "Journal Pre-proof Microchip RT-PCR Detection of Nasopharyngeal SARS-CoV-2 Samples Microchip RT-PCR Detection of Nasopharyngeal SARS-CoV-2 Samples Short Title: Microchip RT-PCR Detection of SARS-CoV-2",
        "authors": [
            {
                "first": "Razvan",
                "middle": [],
                "last": "Cojocaru",
                "suffix": "",
                "affiliation": {
                    "laboratory": "",
                    "institution": "Simon Fraser University",
                    "location": {
                        "addrLine": "8888 University Drive",
                        "postCode": "V5A 1S6",
                        "settlement": "Burnaby",
                        "region": "British Columbia",
                        "country": "Canada"
                    }
                },
                "email": ""
            },
            {
                "first": "Iqra",
                "middle": [],
                "last": "Yaseen",
                "suffix": "",
                "affiliation": {
                    "laboratory": "",
                    "institution": "Simon Fraser University",
                    "location": {
                        "addrLine": "8888 University Drive",
                        "postCode": "V5A 1S6",
                        "settlement": "Burnaby",
                        "region": "British Columbia",
                        "country": "Canada"
                    }
                },
                "email": ""
            },
            {
                "first": "Peter",
                "middle": [
                    "J"
                ],
                "last": "Unrau",
                "suffix": "",
                "affiliation": {
                    "laboratory": "",
                    "institution": "Simon Fraser University",
                    "location": {
                        "addrLine": "8888 University Drive",
                        "postCode": "V5A 1S6",
                        "settlement": "Burnaby",
                        "region": "British Columbia",
                        "country": "Canada"
                    }
                },
                "email": ""
            },
            {
                "first": "Christopher",
                "middle": [
                    "F"
                ],
                "last": "Lowe",
                "suffix": "",
                "affiliation": {
                    "laboratory": "",
                    "institution": "St. Paul's Hospital",
                    "location": {
                        "postCode": "V6Z 1Y6",
                        "settlement": "Vancouver",
                        "country": "Canada"
                    }
                },
                "email": ""
            },
            {
                "first": "Gordon",
                "middle": [],
                "last": "Ritchie",
                "suffix": "",
                "affiliation": {
                    "laboratory": "",
                    "institution": "St. Paul's Hospital",
                    "location": {
                        "postCode": "V6Z 1Y6",
                        "settlement": "Vancouver",
                        "country": "Canada"
                    }
                },
                "email": ""
            },
            {
                "first": "Marc",
                "middle": [
                    "G"
                ],
                "last": "Romney",
                "suffix": "",
                "affiliation": {
                    "laboratory": "",
                    "institution": "St. Paul's Hospital",
                    "location": {
                        "postCode": "V6Z 1Y6",
                        "settlement": "Vancouver",
                        "country": "Canada"
                    }
                },
                "email": ""
            },
            {
                "first": "Don",
                "middle": [
                    "D"
                ],
                "last": "Sin",
                "suffix": "",
                "affiliation": {
                    "laboratory": "",
                    "institution": "St. Paul's Hospital",
                    "location": {
                        "postCode": "V6Z 1Y6",
                        "settlement": "Vancouver",
                        "country": "Canada"
                    }
                },
                "email": ""
            },
            {
                "first": "Sikander",
                "middle": [],
                "last": "Gill",
                "suffix": "",
                "affiliation": {
                    "laboratory": "",
                    "institution": "Lumex Instruments Canada",
                    "location": {
                        "postCode": "V4S 0A3",
                        "settlement": "Mission",
                        "region": "BC",
                        "country": "Canada"
                    }
                },
                "email": ""
            },
            {
                "first": "Maxim",
                "middle": [],
                "last": "Slyadnev",
                "suffix": "",
                "affiliation": {
                    "laboratory": "",
                    "institution": "Lumex Instruments Canada",
                    "location": {
                        "postCode": "V4S 0A3",
                        "settlement": "Mission",
                        "region": "BC",
                        "country": "Canada"
                    }
                },
                "email": ""
            },
            {
                "first": "R",
                "middle": [
                    "C"
                ],
                "last": "",
                "suffix": "",
                "affiliation": {},
                "email": ""
            },
            {
                "first": "I",
                "middle": [
                    "Y"
                ],
                "last": "",
                "suffix": "",
                "affiliation": {},
                "email": ""
            }
        ]
    },
    "abstract": [
        {
            "text": "Fast, accurate and reliable diagnostic tests are critical for controlling the spread of the 2019 Coronavirus disease associated with SARS-CoV-2 infection. The current gold standard for testing is real time PCR (RT-PCR), however, during the current pandemic, supplies of testing kits and reagents have been limited. We report the validation of a rapid (30 min), user-friendly and accurate microchip RT-PCR assay for detection of SARS-CoV-2 from nasopharyngeal swab RNA extracts. Microchips pre-loaded with COVID-19 primers and probes for the N gene accommodate 1.2 \u00b5l reaction volumes, lowering the required reagents by 10-fold compared to tube-based RT-PCR. We validated our assay using contrived reference samples and 21 clinical samples from patients in Canada, determining a limit of detection of 1 copy per reaction. The microchip RT-PCR provides a significantly lower resource alternative to the CDC approved real-time RT-PCR assays with comparable sensitivity, showing 100% positive and negative predictive agreement of clinical samples. J o u r n a l P r e -p r o o f",
            "cite_spans": [],
            "ref_spans": [],
            "section": "Abstract"
        }
    ],
    "body_text": [
        {
            "text": "In late 2019, an outbreak of the novel human severe acute respiratory syndrome coronavirus 2 (SARS-CoV-2, known as began in Wuhan, Hubei province of China (1) and has rapidly spread around the globe. As of February 26, 2021, over 112.6 million cases and 2,501,229 deaths have been reported worldwide, resulting in enormous economic impact (https://covid19.who.int/). Rapid, sensitive and cost-effective diagnostics can play an important role in the containment of COVID-19 and in bringing society from pandemic to normalcy. Throughout the current pandemic, test kits and reagents required for manufacturing such test kits have been limiting, slowing down the rapid expansion of clinical testing (2) . These limitations have encouraged the search for alternative protocols that use reagents in a more cost effective manner, are userfriendly, and preserve the sensitivity and speed of conventional tests for early-stage detection (3) .",
            "cite_spans": [
                {
                    "start": 695,
                    "end": 698,
                    "text": "(2)",
                    "ref_id": "BIBREF1"
                },
                {
                    "start": 928,
                    "end": 931,
                    "text": "(3)",
                    "ref_id": null
                }
            ],
            "ref_spans": [],
            "section": "Introduction:"
        },
        {
            "text": "Multiple labs around the world are beginning to offer diverse diagnostic solutions, however quantitative reverse transcription polymerase chain reaction (qRT-PCR) remains the current gold standard test used in clinical diagnostics laboratories (4) (5) (6) (7) (8) (9) (10) .",
            "cite_spans": [
                {
                    "start": 244,
                    "end": 247,
                    "text": "(4)",
                    "ref_id": "BIBREF4"
                },
                {
                    "start": 248,
                    "end": 251,
                    "text": "(5)",
                    "ref_id": "BIBREF5"
                },
                {
                    "start": 252,
                    "end": 255,
                    "text": "(6)",
                    "ref_id": "BIBREF6"
                },
                {
                    "start": 256,
                    "end": 259,
                    "text": "(7)",
                    "ref_id": "BIBREF7"
                },
                {
                    "start": 260,
                    "end": 263,
                    "text": "(8)",
                    "ref_id": "BIBREF8"
                },
                {
                    "start": 264,
                    "end": 267,
                    "text": "(9)",
                    "ref_id": "BIBREF9"
                },
                {
                    "start": 268,
                    "end": 272,
                    "text": "(10)",
                    "ref_id": "BIBREF10"
                }
            ],
            "ref_spans": [],
            "section": "Introduction:"
        },
        {
            "text": "The current COVID-19 qRT-PCR test detects the virus by singleplex amplification of one or two segments of either the N, ORF1b, E or RdRp genes, while other assays have been developed to take advantage of multiplex amplification, amplifying multiple genes in a single reaction (4) (5) (6) (7) (8) (9) (10) .",
            "cite_spans": [
                {
                    "start": 276,
                    "end": 279,
                    "text": "(4)",
                    "ref_id": "BIBREF4"
                },
                {
                    "start": 280,
                    "end": 283,
                    "text": "(5)",
                    "ref_id": "BIBREF5"
                },
                {
                    "start": 284,
                    "end": 287,
                    "text": "(6)",
                    "ref_id": "BIBREF6"
                },
                {
                    "start": 288,
                    "end": 291,
                    "text": "(7)",
                    "ref_id": "BIBREF7"
                },
                {
                    "start": 292,
                    "end": 295,
                    "text": "(8)",
                    "ref_id": "BIBREF8"
                },
                {
                    "start": 296,
                    "end": 299,
                    "text": "(9)",
                    "ref_id": "BIBREF9"
                },
                {
                    "start": 300,
                    "end": 304,
                    "text": "(10)",
                    "ref_id": "BIBREF10"
                }
            ],
            "ref_spans": [],
            "section": "Introduction:"
        },
        {
            "text": "Regardless of the method, amidst the pandemic, most of these assays require supply-limited reagents in high volumes and significant technical labor for preparing complex reagent mixtures, resulting in high cost assays with potential for human error (11, 12) .",
            "cite_spans": [
                {
                    "start": 249,
                    "end": 253,
                    "text": "(11,",
                    "ref_id": "BIBREF11"
                },
                {
                    "start": 254,
                    "end": 257,
                    "text": "12)",
                    "ref_id": "BIBREF12"
                }
            ],
            "ref_spans": [],
            "section": "Introduction:"
        },
        {
            "text": "Microchip real-time PCR, an alternative to conventional real-time PCR, has been proven to be a user-friendly technology that can provide reliable, sensitive and specific results in less time (13) (14) (15) (16) (17) (18) . These advantages are attributed to the miniaturized reaction volumes, where the chip's high surface area to volume ratio offers high heat transfer efficiency (13) . This technology is expected to meet the current standards of existing detection assays J o u r n a l P r e -p r o o f (https://www.cdc.gov/flu/professionals/diagnosis/molecular-assays.htm, last accessed January 14, 2021), while giving accurate results in under 30 minutes and addressing the current supply-limiting situations by lowering the cost, labor and reagent consumption.",
            "cite_spans": [
                {
                    "start": 191,
                    "end": 195,
                    "text": "(13)",
                    "ref_id": "BIBREF13"
                },
                {
                    "start": 196,
                    "end": 200,
                    "text": "(14)",
                    "ref_id": "BIBREF14"
                },
                {
                    "start": 201,
                    "end": 205,
                    "text": "(15)",
                    "ref_id": "BIBREF15"
                },
                {
                    "start": 206,
                    "end": 210,
                    "text": "(16)",
                    "ref_id": "BIBREF16"
                },
                {
                    "start": 211,
                    "end": 215,
                    "text": "(17)",
                    "ref_id": "BIBREF17"
                },
                {
                    "start": 216,
                    "end": 220,
                    "text": "(18)",
                    "ref_id": "BIBREF18"
                },
                {
                    "start": 381,
                    "end": 385,
                    "text": "(13)",
                    "ref_id": "BIBREF13"
                }
            ],
            "ref_spans": [],
            "section": "Introduction:"
        },
        {
            "text": "This report presents the clinical validation of a microchip based real time PCR system consisting of a disposable microchip with 30 microreactors (6 columns x 5 rows) where each well can accommodate a miniature TaqMan chemistry-based reaction of 1.2 \u00b5l (Figure 1) . The protocol uses a singleplex assay based on 1-step qRT-PCR reactions targeting the SARS-CoV-2-specific N gene. The microchip is preloaded with lyophilized US-CDC recommended N1 and N2 primers and probes for detecting two regions of the N gene, along with HsRPP30 as a human specimen control.",
            "cite_spans": [],
            "ref_spans": [
                {
                    "start": 253,
                    "end": 263,
                    "text": "(Figure 1)",
                    "ref_id": "FIGREF0"
                }
            ],
            "section": "Introduction:"
        },
        {
            "text": "The accompanying lightweight AriaDNA microchip-based PCR analyzer, offers user-friendly, rapid real-time monitoring and analysis of PCR reactions while using significantly less resources than tube-based RT-PCR. Therefore, this robust and easy to operate system can be applied for COVID-19 testing in both clinical diagnostics laboratories and point-of-care scenarios.",
            "cite_spans": [],
            "ref_spans": [],
            "section": "Introduction:"
        },
        {
            "text": "Procurement of reagents. The CDC emergency authorization uses the 2019-nCoV CDC EUA Kit (Cat #10006770) which included primers & probes (Integrated DNA Technology Inc, USA). As per their kit, two primer-probe sets, N1 and N2, were used to detect regions of the N gene of the SARS-CoV-2 virus, and a third primer-probe set to detect HsRPP30, a house keeping gene of human subject as a sample control. UltraPlex 1-Step ToughMix (4X) (Cat # 95166-01K) purchased from Quanta Bio, USA, was utilized as the enzymatic premix for real-time PCR on the microchip. diagnostic test results (19) . In this case, a new sample would have to be collected from the patient and retested, which was not possible due to the wide sample collection timeframe and their subsequent transfer to the university testing laboratory. Further, a blind replication experiment was carried out with the available samples. Randomly, 4 positive and 3 negative patient samples were selected, re-labeled and shuffled by a third-party, to keep sample identity secret to the tester. The tester ran the samples on a microchip with no prior knowledge of the samples, correctly identifying all 7 samples as per previous qRT-PCR assays on the AriaDNA PCR analyzer and conventional qRT-PCR assay (Supplemental Table S5 ).",
            "cite_spans": [
                {
                    "start": 578,
                    "end": 582,
                    "text": "(19)",
                    "ref_id": "BIBREF19"
                }
            ],
            "ref_spans": [
                {
                    "start": 1266,
                    "end": 1274,
                    "text": "Table S5",
                    "ref_id": null
                }
            ],
            "section": "Materials & Methods:"
        },
        {
            "text": "To take advantage of the high heat transfer efficiency the system has to offer, a comparison was performed between the slow thermal cycling settings used in this study (51 min for 45 cycles) and a fast-thermal cycling (30 min for 45 cycles) to potentially speed up testing assays. Four replicates (n = 4) were run each day for 5 consecutive days using 25 copies/\u00b5l and 2500 copies/\u00b5l of synthetic Armored RNA Quant SARS-CoV-2 RNA. The dCt and CV% data of Ct values obtained for N1, N2 and HsRPP30 targets at slow-and fast-thermal cycling parameters suggest that assays can be performed in as fast as 30 minutes with 45 shorter cycles, satisfying the rapid tests criteria (https://www.cdc.gov/flu/professionals/diagnosis/molecular-assays.htm) (Supplemental Table S6 ).",
            "cite_spans": [],
            "ref_spans": [
                {
                    "start": 756,
                    "end": 764,
                    "text": "Table S6",
                    "ref_id": null
                }
            ],
            "section": "Assay duration optimization."
        },
        {
            "text": "The current golden standard for COVID-19 diagnostic testing is the qRT-PCR assay, a robust technology, but hindered by expensive instrumentation, relatively slow turn-around-times, high cost and low reagent availability, making it restrictive to clinical and public health laboratories amidst the current pandemic. In this report, we validated a microchip qRT-PCR technology for J o u r n a l P r e -p r o o f detection of SARS-CoV-2 in clinical samples. The microchip kit miniaturizes the reaction volumes by 10-fold, resulting in lower reagent consumption and faster assay times (as low as 30 min vs ~70 min), while maintaining the same gold standard in sensitivity as the higher volume techniques. As the kit comes pre-loaded with SARS-CoV-2 primers and probes, it can potentially reduce operatorassociated errors, improving the reliability of analysis in remote settings. The reported assay reliably shows a limit of detection of ~1 viral copy per reaction, with average Ct values that correlate with dilutions ranging from ~1,500 to 1 expected copies per reaction. Notably, the validated assay shows comparable accuracy to that of a clinically validated qRT-PCR assay for the tested 21 COVID-19 nasopharyngeal patient samples.",
            "cite_spans": [],
            "ref_spans": [],
            "section": "Discussion"
        },
        {
            "text": "Testing accuracy has been reported to be partially dependent on how the patient samples were collected, with sputum being the most accurate, followed by nasopharyngeal swabs and saliva, and lastly oropharyngeal swabs (23) (24) (25) (26) . Additionally, nasopharyngeal swabs potentially increase the viral exposure of the health care worker in situations where insufficient personal protective equipment is available, increasing the risk of transmission (27) . However, nasopharyngeal samples are currently widely used for diagnostics and have been reported essential for COVID-19 management, including risk assessment of transmission and decision-making regarding quarantine of patients (23) (24) (25) (26) . This study confirms that nasopharyngeal samples can be used to reliably detect SARS-CoV-2 by microchip analysis.",
            "cite_spans": [
                {
                    "start": 217,
                    "end": 221,
                    "text": "(23)",
                    "ref_id": "BIBREF23"
                },
                {
                    "start": 222,
                    "end": 226,
                    "text": "(24)",
                    "ref_id": "BIBREF24"
                },
                {
                    "start": 227,
                    "end": 231,
                    "text": "(25)",
                    "ref_id": "BIBREF25"
                },
                {
                    "start": 232,
                    "end": 236,
                    "text": "(26)",
                    "ref_id": "BIBREF26"
                },
                {
                    "start": 453,
                    "end": 457,
                    "text": "(27)",
                    "ref_id": "BIBREF27"
                },
                {
                    "start": 687,
                    "end": 691,
                    "text": "(23)",
                    "ref_id": "BIBREF23"
                },
                {
                    "start": 692,
                    "end": 696,
                    "text": "(24)",
                    "ref_id": "BIBREF24"
                },
                {
                    "start": 697,
                    "end": 701,
                    "text": "(25)",
                    "ref_id": "BIBREF25"
                },
                {
                    "start": 702,
                    "end": 706,
                    "text": "(26)",
                    "ref_id": "BIBREF26"
                }
            ],
            "ref_spans": [],
            "section": "Discussion"
        },
        {
            "text": "As the number of infections and transmissions continues to rise, there is an urgent need for rapid and inexpensive diagnostic tests. Available internationally, the low-energy (100 W), compact, ",
            "cite_spans": [],
            "ref_spans": [],
            "section": "Discussion"
        }
    ],
    "bib_entries": {
        "BIBREF0": {
            "ref_id": "b0",
            "title": "A novel coronavirus outbreak of global health concern. The Lancet",
            "authors": [
                {
                    "first": "C",
                    "middle": [],
                    "last": "Wang",
                    "suffix": ""
                },
                {
                    "first": "P",
                    "middle": [
                        "W"
                    ],
                    "last": "Horby",
                    "suffix": ""
                },
                {
                    "first": "F",
                    "middle": [
                        "G"
                    ],
                    "last": "Hayden",
                    "suffix": ""
                },
                {
                    "first": "G",
                    "middle": [
                        "F"
                    ],
                    "last": "Gao",
                    "suffix": ""
                }
            ],
            "year": 2020,
            "venue": "",
            "volume": "395",
            "issn": "",
            "pages": "470--473",
            "other_ids": {}
        },
        "BIBREF1": {
            "ref_id": "b1",
            "title": "SARS-CoV-2 Testing",
            "authors": [
                {
                    "first": "A",
                    "middle": [],
                    "last": "Babiker",
                    "suffix": ""
                },
                {
                    "first": "C",
                    "middle": [
                        "W"
                    ],
                    "last": "Myers",
                    "suffix": ""
                },
                {
                    "first": "C",
                    "middle": [
                        "E"
                    ],
                    "last": "Hill",
                    "suffix": ""
                },
                {
                    "first": "J",
                    "middle": [],
                    "last": "Guarner",
                    "suffix": ""
                }
            ],
            "year": 2020,
            "venue": "Am J Clin Pathol",
            "volume": "153",
            "issn": "",
            "pages": "706--708",
            "other_ids": {}
        },
        "BIBREF3": {
            "ref_id": "b3",
            "title": "A pneumonia outbreak associated with a new coronavirus of probable bat origin",
            "authors": [
                {
                    "first": "",
                    "middle": [],
                    "last": "Shi",
                    "suffix": ""
                }
            ],
            "year": 2020,
            "venue": "Nature",
            "volume": "579",
            "issn": "",
            "pages": "270--273",
            "other_ids": {}
        },
        "BIBREF4": {
            "ref_id": "b4",
            "title": "Rapid Molecular Detection of SARS-CoV-2 (COVID-19) Virus RNA Using Colorimetric LAMP",
            "authors": [
                {
                    "first": "Y",
                    "middle": [],
                    "last": "Zhang",
                    "suffix": ""
                },
                {
                    "first": "N",
                    "middle": [],
                    "last": "Odiwuor",
                    "suffix": ""
                },
                {
                    "first": "J",
                    "middle": [],
                    "last": "Xiong",
                    "suffix": ""
                },
                {
                    "first": "L",
                    "middle": [],
                    "last": "Sun",
                    "suffix": ""
                },
                {
                    "first": "R",
                    "middle": [
                        "O"
                    ],
                    "last": "Nyaruaba",
                    "suffix": ""
                },
                {
                    "first": "H",
                    "middle": [],
                    "last": "Wei",
                    "suffix": ""
                },
                {
                    "first": "N",
                    "middle": [
                        "A"
                    ],
                    "last": "Tanner",
                    "suffix": ""
                }
            ],
            "year": 2020,
            "venue": "medRxiv",
            "volume": "",
            "issn": "",
            "pages": "",
            "other_ids": {
                "DOI": [
                    "10.1101/2020.02.26.20028373"
                ]
            }
        },
        "BIBREF5": {
            "ref_id": "b5",
            "title": "Rapid Detection of Novel Coronavirus (COVID-19) by Reverse Transcription-Loop-Mediated Isothermal Amplification",
            "authors": [
                {
                    "first": "L",
                    "middle": [
                        "E"
                    ],
                    "last": "Lamb",
                    "suffix": ""
                },
                {
                    "first": "S",
                    "middle": [
                        "N"
                    ],
                    "last": "Bartolone",
                    "suffix": ""
                },
                {
                    "first": "E",
                    "middle": [],
                    "last": "Ward",
                    "suffix": ""
                },
                {
                    "first": "M",
                    "middle": [
                        "B"
                    ],
                    "last": "Chancellor",
                    "suffix": ""
                }
            ],
            "year": 2020,
            "venue": "medRxiv",
            "volume": "",
            "issn": "",
            "pages": "",
            "other_ids": {
                "DOI": [
                    "10.1101/2020.02.19.20025155"
                ]
            }
        },
        "BIBREF6": {
            "ref_id": "b6",
            "title": "A Single and Two-Stage, Closed-Tube, Molecular Test for the 2019 Novel Coronavirus (COVID-19) at Home, Clinic, and Points of Entry",
            "authors": [
                {
                    "first": "M",
                    "middle": [],
                    "last": "El-Tholoth",
                    "suffix": ""
                },
                {
                    "first": "H",
                    "middle": [
                        "H"
                    ],
                    "last": "Bau",
                    "suffix": ""
                },
                {
                    "first": "J",
                    "middle": [],
                    "last": "Song",
                    "suffix": ""
                }
            ],
            "year": 2020,
            "venue": "ChemRxiv",
            "volume": "",
            "issn": "",
            "pages": "",
            "other_ids": {
                "DOI": [
                    "10.26434/chemrxiv.11860137"
                ]
            }
        },
        "BIBREF7": {
            "ref_id": "b7",
            "title": "Rapid detection of COVID-19 coronavirus using a reverse transcriptional loop-mediated isothermal amplification (RT-LAMP) diagnostic platform",
            "authors": [
                {
                    "first": "L",
                    "middle": [],
                    "last": "Yu",
                    "suffix": ""
                },
                {
                    "first": "S",
                    "middle": [],
                    "last": "Wu",
                    "suffix": ""
                },
                {
                    "first": "X",
                    "middle": [],
                    "last": "Hao",
                    "suffix": ""
                },
                {
                    "first": "X",
                    "middle": [],
                    "last": "Dong",
                    "suffix": ""
                },
                {
                    "first": "L",
                    "middle": [],
                    "last": "Mao",
                    "suffix": ""
                },
                {
                    "first": "V",
                    "middle": [],
                    "last": "Pelechano",
                    "suffix": ""
                },
                {
                    "first": "W.-H",
                    "middle": [],
                    "last": "Chen",
                    "suffix": ""
                },
                {
                    "first": "X",
                    "middle": [],
                    "last": "Yin",
                    "suffix": ""
                }
            ],
            "year": 2020,
            "venue": "Clin Chem",
            "volume": "66",
            "issn": "",
            "pages": "975--977",
            "other_ids": {}
        },
        "BIBREF8": {
            "ref_id": "b8",
            "title": "SARS-CoV-2 Detection Using an Isothermal Amplification Reaction and a Rapid, Inexpensive Protocol for Sample Inactivation and Purification",
            "authors": [
                {
                    "first": "B",
                    "middle": [
                        "A"
                    ],
                    "last": "Rabe",
                    "suffix": ""
                },
                {
                    "first": "C",
                    "middle": [],
                    "last": "Cepko",
                    "suffix": ""
                }
            ],
            "year": 2020,
            "venue": "PNAS",
            "volume": "117",
            "issn": "",
            "pages": "24450--24458",
            "other_ids": {}
        },
        "BIBREF9": {
            "ref_id": "b9",
            "title": "RT-qPCR Testing of SARS-CoV-2: A Primer",
            "authors": [
                {
                    "first": "S",
                    "middle": [
                        "A"
                    ],
                    "last": "Bustin",
                    "suffix": ""
                },
                {
                    "first": "T",
                    "middle": [],
                    "last": "Nolan",
                    "suffix": ""
                }
            ],
            "year": 2020,
            "venue": "Int J Mol Sci",
            "volume": "21",
            "issn": "",
            "pages": "",
            "other_ids": {}
        },
        "BIBREF10": {
            "ref_id": "b10",
            "title": "Diagnosing COVID-19: The Disease and Tools for Detection",
            "authors": [
                {
                    "first": "B",
                    "middle": [],
                    "last": "Udugama",
                    "suffix": ""
                },
                {
                    "first": "P",
                    "middle": [],
                    "last": "Kadhiresan",
                    "suffix": ""
                },
                {
                    "first": "H",
                    "middle": [
                        "N"
                    ],
                    "last": "Kozlowski",
                    "suffix": ""
                },
                {
                    "first": "A",
                    "middle": [],
                    "last": "Malekjahani",
                    "suffix": ""
                },
                {
                    "first": "M",
                    "middle": [],
                    "last": "Osborne",
                    "suffix": ""
                },
                {
                    "first": "V",
                    "middle": [
                        "Y C"
                    ],
                    "last": "Li",
                    "suffix": ""
                },
                {
                    "first": "H",
                    "middle": [],
                    "last": "Chen",
                    "suffix": ""
                },
                {
                    "first": "S",
                    "middle": [],
                    "last": "Mubareka",
                    "suffix": ""
                },
                {
                    "first": "J",
                    "middle": [
                        "B"
                    ],
                    "last": "Gubbay",
                    "suffix": ""
                },
                {
                    "first": "W",
                    "middle": [
                        "C W"
                    ],
                    "last": "Chan",
                    "suffix": ""
                }
            ],
            "year": 2020,
            "venue": "ACS Nano",
            "volume": "14",
            "issn": "",
            "pages": "3822--3835",
            "other_ids": {}
        },
        "BIBREF11": {
            "ref_id": "b11",
            "title": "A Novel Multiplex qRT-PCR Assay to Detect SARS-CoV-2 Infection: High Sensitivity and Increased Testing Capacity. Microorganisms",
            "authors": [
                {
                    "first": "S",
                    "middle": [],
                    "last": "Petrillo",
                    "suffix": ""
                },
                {
                    "first": "G",
                    "middle": [],
                    "last": "Carr\u00e0",
                    "suffix": ""
                },
                {
                    "first": "P",
                    "middle": [],
                    "last": "Bottino",
                    "suffix": ""
                },
                {
                    "first": "E",
                    "middle": [],
                    "last": "Zanotto",
                    "suffix": ""
                },
                {
                    "first": "M",
                    "middle": [
                        "C"
                    ],
                    "last": "De Santis",
                    "suffix": ""
                },
                {
                    "first": "J",
                    "middle": [
                        "P"
                    ],
                    "last": "Margaria",
                    "suffix": ""
                },
                {
                    "first": "A",
                    "middle": [],
                    "last": "Giorgio",
                    "suffix": ""
                },
                {
                    "first": "G",
                    "middle": [],
                    "last": "Mandili",
                    "suffix": ""
                },
                {
                    "first": "M",
                    "middle": [],
                    "last": "Martini",
                    "suffix": ""
                },
                {
                    "first": "R",
                    "middle": [],
                    "last": "Cavallo",
                    "suffix": ""
                },
                {
                    "first": "D",
                    "middle": [],
                    "last": "Barberio",
                    "suffix": ""
                },
                {
                    "first": "F",
                    "middle": [],
                    "last": "Altruda",
                    "suffix": ""
                }
            ],
            "year": 2020,
            "venue": "",
            "volume": "8",
            "issn": "",
            "pages": "",
            "other_ids": {}
        },
        "BIBREF12": {
            "ref_id": "b12",
            "title": "COVID-19 diagnostic approaches: different roads to the same destination",
            "authors": [
                {
                    "first": "R",
                    "middle": [],
                    "last": "Kumar",
                    "suffix": ""
                },
                {
                    "first": "S",
                    "middle": [],
                    "last": "Nagpal",
                    "suffix": ""
                },
                {
                    "first": "S",
                    "middle": [],
                    "last": "Kaushik",
                    "suffix": ""
                },
                {
                    "first": "S",
                    "middle": [],
                    "last": "Mendiratta",
                    "suffix": ""
                }
            ],
            "year": 2020,
            "venue": "Virusdisease",
            "volume": "31",
            "issn": "",
            "pages": "97--105",
            "other_ids": {}
        },
        "BIBREF13": {
            "ref_id": "b13",
            "title": "A fully portable microchip real-time polymerase chain reaction for rapid detection of pathogen",
            "authors": [
                {
                    "first": "R",
                    "middle": [],
                    "last": "Tong",
                    "suffix": ""
                },
                {
                    "first": "L",
                    "middle": [],
                    "last": "Zhang",
                    "suffix": ""
                },
                {
                    "first": "Q",
                    "middle": [],
                    "last": "Song",
                    "suffix": ""
                },
                {
                    "first": "C",
                    "middle": [],
                    "last": "Hu",
                    "suffix": ""
                },
                {
                    "first": "X",
                    "middle": [],
                    "last": "Chen",
                    "suffix": ""
                },
                {
                    "first": "K",
                    "middle": [],
                    "last": "Lou",
                    "suffix": ""
                },
                {
                    "first": "X",
                    "middle": [],
                    "last": "Gong",
                    "suffix": ""
                },
                {
                    "first": "Y",
                    "middle": [],
                    "last": "Gao",
                    "suffix": ""
                },
                {
                    "first": "W",
                    "middle": [],
                    "last": "Wen",
                    "suffix": ""
                }
            ],
            "year": 2019,
            "venue": "Electrophoresis",
            "volume": "40",
            "issn": "",
            "pages": "1699--1707",
            "other_ids": {}
        },
        "BIBREF14": {
            "ref_id": "b14",
            "title": "Identification and Quantitation of Cashmere (Pashmina) Fiber and Wool Using Novel Microchip Based Real-Time PCR Technology",
            "authors": [
                {
                    "first": "R",
                    "middle": [],
                    "last": "Gill",
                    "suffix": ""
                },
                {
                    "first": "S",
                    "middle": [],
                    "last": "Gill",
                    "suffix": ""
                },
                {
                    "first": "M",
                    "middle": [],
                    "last": "Slyadnev",
                    "suffix": ""
                },
                {
                    "first": "A",
                    "middle": [],
                    "last": "Stroganov",
                    "suffix": ""
                }
            ],
            "year": 2018,
            "venue": "Journal of Textile Science and Technology",
            "volume": "4",
            "issn": "",
            "pages": "141--150",
            "other_ids": {}
        },
        "BIBREF15": {
            "ref_id": "b15",
            "title": "Matrix approach to the simultaneous detection of multiple potato pathogens by real-time PCR",
            "authors": [
                {
                    "first": "M",
                    "middle": [
                        "M"
                    ],
                    "last": "Nikitin",
                    "suffix": ""
                },
                {
                    "first": "N",
                    "middle": [
                        "V"
                    ],
                    "last": "Statsyuk",
                    "suffix": ""
                },
                {
                    "first": "P",
                    "middle": [
                        "A"
                    ],
                    "last": "Frantsuzov",
                    "suffix": ""
                },
                {
                    "first": "V",
                    "middle": [
                        "G"
                    ],
                    "last": "Dzhavakhiya",
                    "suffix": ""
                },
                {
                    "first": "A",
                    "middle": [
                        "G"
                    ],
                    "last": "Golikov",
                    "suffix": ""
                }
            ],
            "year": 2018,
            "venue": "Journal of Applied Microbiology",
            "volume": "124",
            "issn": "",
            "pages": "797--809",
            "other_ids": {}
        },
        "BIBREF16": {
            "ref_id": "b16",
            "title": "Rapid and simple detection of two potato cyst nematode species by real-time multiplex PCR using preserved microarray-based test systems",
            "authors": [
                {
                    "first": "M",
                    "middle": [
                        "M"
                    ],
                    "last": "Nikitin",
                    "suffix": ""
                },
                {
                    "first": "N",
                    "middle": [
                        "V"
                    ],
                    "last": "Statsyuk",
                    "suffix": ""
                },
                {
                    "first": "P",
                    "middle": [
                        "A"
                    ],
                    "last": "Frantsuzov",
                    "suffix": ""
                },
                {
                    "first": "M",
                    "middle": [
                        "V"
                    ],
                    "last": "Pridannikov",
                    "suffix": ""
                },
                {
                    "first": "A",
                    "middle": [
                        "G"
                    ],
                    "last": "Golikov",
                    "suffix": ""
                }
            ],
            "year": 2017,
            "venue": "Russian Journal of Nematology",
            "volume": "25",
            "issn": "",
            "pages": "51--60",
            "other_ids": {}
        },
        "BIBREF17": {
            "ref_id": "b17",
            "title": "Identification of oncogene mutations in leukemia patients using microchip-based PCR analysis",
            "authors": [
                {
                    "first": "K",
                    "middle": [
                        "V"
                    ],
                    "last": "Bogdanov",
                    "suffix": ""
                },
                {
                    "first": "T",
                    "middle": [
                        "S"
                    ],
                    "last": "Nikulina",
                    "suffix": ""
                },
                {
                    "first": "E",
                    "middle": [
                        "G"
                    ],
                    "last": "Lomaia",
                    "suffix": ""
                },
                {
                    "first": "M",
                    "middle": [
                        "N"
                    ],
                    "last": "Slyadnev",
                    "suffix": ""
                },
                {
                    "first": "A",
                    "middle": [
                        "Y"
                    ],
                    "last": "Zaritskey",
                    "suffix": ""
                }
            ],
            "year": 2017,
            "venue": "Russ J Bioorg Chem",
            "volume": "43",
            "issn": "",
            "pages": "544--551",
            "other_ids": {}
        },
        "BIBREF18": {
            "ref_id": "b18",
            "title": "Test-Systems for Monitoring of Corrosion-Relevant Sulfate-Reducting Bacteria Using Real-Time PCR Assay",
            "authors": [
                {
                    "first": "D",
                    "middle": [
                        "R"
                    ],
                    "last": "Abdulina",
                    "suffix": ""
                },
                {
                    "first": "L",
                    "middle": [
                        "M"
                    ],
                    "last": "Purish",
                    "suffix": ""
                },
                {
                    "first": "G",
                    "middle": [
                        "A"
                    ],
                    "last": "Iutynska",
                    "suffix": ""
                },
                {
                    "first": "M",
                    "middle": [
                        "M"
                    ],
                    "last": "Nikitin",
                    "suffix": ""
                },
                {
                    "first": "A",
                    "middle": [
                        "G"
                    ],
                    "last": "Golikov",
                    "suffix": ""
                }
            ],
            "year": 2016,
            "venue": "Biotechnol. acta",
            "volume": "9",
            "issn": "",
            "pages": "48--54",
            "other_ids": {}
        },
        "BIBREF19": {
            "ref_id": "b19",
            "title": "Suboptimal Biological Sampling as a Probable Cause of False-Negative COVID-19 Diagnostic Test Results",
            "authors": [
                {
                    "first": "N",
                    "middle": [
                        "N"
                    ],
                    "last": "Kinloch",
                    "suffix": ""
                },
                {
                    "first": "G",
                    "middle": [],
                    "last": "Ritchie",
                    "suffix": ""
                },
                {
                    "first": "C",
                    "middle": [
                        "J"
                    ],
                    "last": "Brumme",
                    "suffix": ""
                },
                {
                    "first": "W",
                    "middle": [],
                    "last": "Dong",
                    "suffix": ""
                },
                {
                    "first": "W",
                    "middle": [],
                    "last": "Dong",
                    "suffix": ""
                },
                {
                    "first": "T",
                    "middle": [],
                    "last": "Lawson",
                    "suffix": ""
                },
                {
                    "first": "R",
                    "middle": [
                        "B"
                    ],
                    "last": "Jones",
                    "suffix": ""
                },
                {
                    "first": "J",
                    "middle": [
                        "S G"
                    ],
                    "last": "Montaner",
                    "suffix": ""
                },
                {
                    "first": "V",
                    "middle": [],
                    "last": "Leung",
                    "suffix": ""
                },
                {
                    "first": "M",
                    "middle": [
                        "G"
                    ],
                    "last": "Romney",
                    "suffix": ""
                },
                {
                    "first": "A",
                    "middle": [],
                    "last": "Stefanovic",
                    "suffix": ""
                },
                {
                    "first": "N",
                    "middle": [],
                    "last": "Matic",
                    "suffix": ""
                },
                {
                    "first": "C",
                    "middle": [
                        "F"
                    ],
                    "last": "Lowe",
                    "suffix": ""
                },
                {
                    "first": "Z",
                    "middle": [
                        "L"
                    ],
                    "last": "Brumme",
                    "suffix": ""
                }
            ],
            "year": 2020,
            "venue": "The Journal of Infectious Diseases",
            "volume": "222",
            "issn": "",
            "pages": "899--902",
            "other_ids": {}
        },
        "BIBREF20": {
            "ref_id": "b20",
            "title": "Detection of 2019 novel coronavirus (2019-nCoV) by real-time RT-PCR",
            "authors": [
                {
                    "first": "V",
                    "middle": [
                        "M"
                    ],
                    "last": "Corman",
                    "suffix": ""
                },
                {
                    "first": "O",
                    "middle": [],
                    "last": "Landt",
                    "suffix": ""
                },
                {
                    "first": "M",
                    "middle": [],
                    "last": "Kaiser",
                    "suffix": ""
                },
                {
                    "first": "R",
                    "middle": [],
                    "last": "Molenkamp",
                    "suffix": ""
                },
                {
                    "first": "A",
                    "middle": [],
                    "last": "Meijer",
                    "suffix": ""
                },
                {
                    "first": "D",
                    "middle": [
                        "K"
                    ],
                    "last": "Chu",
                    "suffix": ""
                },
                {
                    "first": "T",
                    "middle": [],
                    "last": "Bleicker",
                    "suffix": ""
                },
                {
                    "first": "S",
                    "middle": [],
                    "last": "Br\u00fcnink",
                    "suffix": ""
                },
                {
                    "first": "J",
                    "middle": [],
                    "last": "Schneider",
                    "suffix": ""
                },
                {
                    "first": "M",
                    "middle": [
                        "L"
                    ],
                    "last": "Schmidt",
                    "suffix": ""
                },
                {
                    "first": "D",
                    "middle": [
                        "G"
                    ],
                    "last": "Mulders",
                    "suffix": ""
                },
                {
                    "first": "B",
                    "middle": [
                        "L"
                    ],
                    "last": "Haagmans",
                    "suffix": ""
                },
                {
                    "first": "B",
                    "middle": [],
                    "last": "Van Der",
                    "suffix": ""
                },
                {
                    "first": "S",
                    "middle": [],
                    "last": "Veer",
                    "suffix": ""
                },
                {
                    "first": "",
                    "middle": [],
                    "last": "Van Den",
                    "suffix": ""
                },
                {
                    "first": "L",
                    "middle": [],
                    "last": "Brink",
                    "suffix": ""
                },
                {
                    "first": "G",
                    "middle": [],
                    "last": "Wijsman",
                    "suffix": ""
                },
                {
                    "first": "J.-L",
                    "middle": [],
                    "last": "Goderski",
                    "suffix": ""
                },
                {
                    "first": "J",
                    "middle": [],
                    "last": "Romette",
                    "suffix": ""
                },
                {
                    "first": "M",
                    "middle": [],
                    "last": "Ellis",
                    "suffix": ""
                },
                {
                    "first": "M",
                    "middle": [],
                    "last": "Zambon",
                    "suffix": ""
                },
                {
                    "first": "H",
                    "middle": [],
                    "last": "Peiris",
                    "suffix": ""
                },
                {
                    "first": "C",
                    "middle": [],
                    "last": "Goossens",
                    "suffix": ""
                },
                {
                    "first": "M",
                    "middle": [
                        "P"
                    ],
                    "last": "Reusken",
                    "suffix": ""
                },
                {
                    "first": "C",
                    "middle": [],
                    "last": "Koopmans",
                    "suffix": ""
                },
                {
                    "first": "",
                    "middle": [],
                    "last": "Drosten",
                    "suffix": ""
                }
            ],
            "year": 2020,
            "venue": "",
            "volume": "25",
            "issn": "",
            "pages": "23--30",
            "other_ids": {}
        },
        "BIBREF21": {
            "ref_id": "b21",
            "title": "Improved real-time RT-PCR method for highthroughput measurements using second derivative calculation and double correction",
            "authors": [
                {
                    "first": "V",
                    "middle": [],
                    "last": "Luu-The",
                    "suffix": ""
                },
                {
                    "first": "N",
                    "middle": [],
                    "last": "Paquet",
                    "suffix": ""
                },
                {
                    "first": "E",
                    "middle": [],
                    "last": "Calvo",
                    "suffix": ""
                },
                {
                    "first": "J",
                    "middle": [],
                    "last": "Cumps",
                    "suffix": ""
                }
            ],
            "year": 2005,
            "venue": "BioTechniques",
            "volume": "38",
            "issn": "",
            "pages": "287--293",
            "other_ids": {}
        },
        "BIBREF22": {
            "ref_id": "b22",
            "title": "Comprehensive Algorithm for Quantitative Real-Time Polymerase Chain Reaction",
            "authors": [
                {
                    "first": "S",
                    "middle": [],
                    "last": "Zhao",
                    "suffix": ""
                },
                {
                    "first": "R",
                    "middle": [
                        "D"
                    ],
                    "last": "Fernald",
                    "suffix": ""
                }
            ],
            "year": 2005,
            "venue": "Journal of Computational Biology",
            "volume": "12",
            "issn": "",
            "pages": "1047--1064",
            "other_ids": {}
        },
        "BIBREF23": {
            "ref_id": "b23",
            "title": "Comparative Sensitivity of Different Respiratory Specimen Types for Molecular Diagnosis and Monitoring of SARS-CoV-2 Shedding. The Innovation",
            "authors": [
                {
                    "first": "Y",
                    "middle": [],
                    "last": "Yang",
                    "suffix": ""
                },
                {
                    "first": "M",
                    "middle": [],
                    "last": "Yang",
                    "suffix": ""
                },
                {
                    "first": "C",
                    "middle": [],
                    "last": "Shen",
                    "suffix": ""
                },
                {
                    "first": "F",
                    "middle": [],
                    "last": "Wang",
                    "suffix": ""
                },
                {
                    "first": "J",
                    "middle": [],
                    "last": "Yuan",
                    "suffix": ""
                },
                {
                    "first": "J",
                    "middle": [],
                    "last": "Li",
                    "suffix": ""
                },
                {
                    "first": "M",
                    "middle": [],
                    "last": "Zhang",
                    "suffix": ""
                },
                {
                    "first": "Z",
                    "middle": [],
                    "last": "Wang",
                    "suffix": ""
                },
                {
                    "first": "L",
                    "middle": [],
                    "last": "Xing",
                    "suffix": ""
                },
                {
                    "first": "J",
                    "middle": [],
                    "last": "Wei",
                    "suffix": ""
                },
                {
                    "first": "L",
                    "middle": [],
                    "last": "Peng",
                    "suffix": ""
                },
                {
                    "first": "G",
                    "middle": [],
                    "last": "Wong",
                    "suffix": ""
                },
                {
                    "first": "H",
                    "middle": [],
                    "last": "Zheng",
                    "suffix": ""
                },
                {
                    "first": "M",
                    "middle": [],
                    "last": "Liao",
                    "suffix": ""
                },
                {
                    "first": "K",
                    "middle": [],
                    "last": "Feng",
                    "suffix": ""
                },
                {
                    "first": "J",
                    "middle": [],
                    "last": "Li",
                    "suffix": ""
                },
                {
                    "first": "Q",
                    "middle": [],
                    "last": "Yang",
                    "suffix": ""
                },
                {
                    "first": "J",
                    "middle": [],
                    "last": "Zhao",
                    "suffix": ""
                },
                {
                    "first": "Z",
                    "middle": [],
                    "last": "Zhang",
                    "suffix": ""
                },
                {
                    "first": "L",
                    "middle": [],
                    "last": "Liu",
                    "suffix": ""
                },
                {
                    "first": "Y",
                    "middle": [],
                    "last": "Liu",
                    "suffix": ""
                }
            ],
            "year": 2020,
            "venue": "",
            "volume": "1",
            "issn": "",
            "pages": "",
            "other_ids": {}
        },
        "BIBREF24": {
            "ref_id": "b24",
            "title": "Nasopharyngeal Swabs Are More Sensitive Than Oropharyngeal Swabs for COVID-19 Diagnosis and Monitoring the SARS-CoV-2 Load",
            "authors": [
                {
                    "first": "H",
                    "middle": [],
                    "last": "Wang",
                    "suffix": ""
                },
                {
                    "first": "Q",
                    "middle": [],
                    "last": "Liu",
                    "suffix": ""
                },
                {
                    "first": "J",
                    "middle": [],
                    "last": "Hu",
                    "suffix": ""
                },
                {
                    "first": "M",
                    "middle": [],
                    "last": "Zhou",
                    "suffix": ""
                },
                {
                    "first": "M",
                    "middle": [],
                    "last": "Yu",
                    "suffix": ""
                },
                {
                    "first": "K",
                    "middle": [],
                    "last": "Li",
                    "suffix": ""
                },
                {
                    "first": "D",
                    "middle": [],
                    "last": "Xu",
                    "suffix": ""
                },
                {
                    "first": "Y",
                    "middle": [],
                    "last": "Xiao",
                    "suffix": ""
                },
                {
                    "first": "J",
                    "middle": [],
                    "last": "Yang",
                    "suffix": ""
                },
                {
                    "first": "Y",
                    "middle": [],
                    "last": "Lu",
                    "suffix": ""
                },
                {
                    "first": "F",
                    "middle": [],
                    "last": "Wang",
                    "suffix": ""
                },
                {
                    "first": "P",
                    "middle": [],
                    "last": "Yin",
                    "suffix": ""
                },
                {
                    "first": "S",
                    "middle": [],
                    "last": "Xu",
                    "suffix": ""
                }
            ],
            "year": 2020,
            "venue": "Front Med (Lausanne)",
            "volume": "7",
            "issn": "",
            "pages": "",
            "other_ids": {}
        },
        "BIBREF25": {
            "ref_id": "b25",
            "title": "Comparison of SARS-CoV-2 detection in nasopharyngeal swab and saliva",
            "authors": [
                {
                    "first": "S",
                    "middle": [],
                    "last": "Iwasaki",
                    "suffix": ""
                },
                {
                    "first": "S",
                    "middle": [],
                    "last": "Fujisawa",
                    "suffix": ""
                },
                {
                    "first": "S",
                    "middle": [],
                    "last": "Nakakubo",
                    "suffix": ""
                },
                {
                    "first": "K",
                    "middle": [],
                    "last": "Kamada",
                    "suffix": ""
                },
                {
                    "first": "Y",
                    "middle": [],
                    "last": "Yamashita",
                    "suffix": ""
                },
                {
                    "first": "T",
                    "middle": [],
                    "last": "Fukumoto",
                    "suffix": ""
                },
                {
                    "first": "K",
                    "middle": [],
                    "last": "Sato",
                    "suffix": ""
                },
                {
                    "first": "S",
                    "middle": [],
                    "last": "Oguri",
                    "suffix": ""
                },
                {
                    "first": "K",
                    "middle": [],
                    "last": "Taki",
                    "suffix": ""
                },
                {
                    "first": "H",
                    "middle": [],
                    "last": "Senjo",
                    "suffix": ""
                },
                {
                    "first": "J",
                    "middle": [],
                    "last": "Sugita",
                    "suffix": ""
                },
                {
                    "first": "K",
                    "middle": [],
                    "last": "Hayasaka",
                    "suffix": ""
                },
                {
                    "first": "S",
                    "middle": [],
                    "last": "Konno",
                    "suffix": ""
                },
                {
                    "first": "M",
                    "middle": [],
                    "last": "Nishida",
                    "suffix": ""
                },
                {
                    "first": "T",
                    "middle": [],
                    "last": "Teshima",
                    "suffix": ""
                }
            ],
            "year": 2020,
            "venue": "J Infect",
            "volume": "81",
            "issn": "",
            "pages": "145--147",
            "other_ids": {}
        },
        "BIBREF26": {
            "ref_id": "b26",
            "title": "Saliva or Nasopharyngeal Swab Specimens for Detection of SARS-CoV-2",
            "authors": [
                {
                    "first": "A",
                    "middle": [
                        "L"
                    ],
                    "last": "Wyllie",
                    "suffix": ""
                },
                {
                    "first": "J",
                    "middle": [],
                    "last": "Fournier",
                    "suffix": ""
                },
                {
                    "first": "A",
                    "middle": [],
                    "last": "Casanovas-Massana",
                    "suffix": ""
                },
                {
                    "first": "M",
                    "middle": [],
                    "last": "Campbell",
                    "suffix": ""
                },
                {
                    "first": "M",
                    "middle": [],
                    "last": "Tokuyama",
                    "suffix": ""
                },
                {
                    "first": "P",
                    "middle": [],
                    "last": "Vijayakumar",
                    "suffix": ""
                },
                {
                    "first": "B",
                    "middle": [],
                    "last": "Geng",
                    "suffix": ""
                },
                {
                    "first": "M",
                    "middle": [
                        "C"
                    ],
                    "last": "Muenker",
                    "suffix": ""
                },
                {
                    "first": "A",
                    "middle": [
                        "J"
                    ],
                    "last": "Moore",
                    "suffix": ""
                },
                {
                    "first": "C",
                    "middle": [
                        "B F"
                    ],
                    "last": "Vogels",
                    "suffix": ""
                },
                {
                    "first": "M",
                    "middle": [
                        "E"
                    ],
                    "last": "Petrone",
                    "suffix": ""
                },
                {
                    "first": "I",
                    "middle": [
                        "M"
                    ],
                    "last": "Ott",
                    "suffix": ""
                },
                {
                    "first": "P",
                    "middle": [],
                    "last": "Lu",
                    "suffix": ""
                },
                {
                    "first": "A",
                    "middle": [],
                    "last": "Lu-Culligan",
                    "suffix": ""
                },
                {
                    "first": "J",
                    "middle": [],
                    "last": "Klein",
                    "suffix": ""
                },
                {
                    "first": "A",
                    "middle": [],
                    "last": "Venkataraman",
                    "suffix": ""
                },
                {
                    "first": "R",
                    "middle": [],
                    "last": "Earnest",
                    "suffix": ""
                },
                {
                    "first": "M",
                    "middle": [],
                    "last": "Simonov",
                    "suffix": ""
                },
                {
                    "first": "R",
                    "middle": [],
                    "last": "Datta",
                    "suffix": ""
                },
                {
                    "first": "R",
                    "middle": [],
                    "last": "Handoko",
                    "suffix": ""
                },
                {
                    "first": "N",
                    "middle": [],
                    "last": "Naushad",
                    "suffix": ""
                },
                {
                    "first": "L",
                    "middle": [
                        "R"
                    ],
                    "last": "Sewanan",
                    "suffix": ""
                },
                {
                    "first": "J",
                    "middle": [],
                    "last": "Valdez",
                    "suffix": ""
                },
                {
                    "first": "E",
                    "middle": [
                        "B"
                    ],
                    "last": "White",
                    "suffix": ""
                },
                {
                    "first": "S",
                    "middle": [],
                    "last": "Lapidus",
                    "suffix": ""
                },
                {
                    "first": "C",
                    "middle": [
                        "C"
                    ],
                    "last": "Kalinich",
                    "suffix": ""
                },
                {
                    "first": "X",
                    "middle": [],
                    "last": "Jiang",
                    "suffix": ""
                },
                {
                    "first": "D",
                    "middle": [
                        "J"
                    ],
                    "last": "Kim",
                    "suffix": ""
                },
                {
                    "first": "E",
                    "middle": [],
                    "last": "Kudo",
                    "suffix": ""
                },
                {
                    "first": "M",
                    "middle": [],
                    "last": "Linehan",
                    "suffix": ""
                },
                {
                    "first": "T",
                    "middle": [],
                    "last": "Mao",
                    "suffix": ""
                },
                {
                    "first": "M",
                    "middle": [],
                    "last": "Moriyama",
                    "suffix": ""
                },
                {
                    "first": "J",
                    "middle": [
                        "E"
                    ],
                    "last": "Oh",
                    "suffix": ""
                },
                {
                    "first": "A",
                    "middle": [],
                    "last": "Park",
                    "suffix": ""
                },
                {
                    "first": "J",
                    "middle": [],
                    "last": "Silva",
                    "suffix": ""
                },
                {
                    "first": "E",
                    "middle": [],
                    "last": "Song",
                    "suffix": ""
                },
                {
                    "first": "T",
                    "middle": [],
                    "last": "Takahashi",
                    "suffix": ""
                },
                {
                    "first": "M",
                    "middle": [],
                    "last": "Taura",
                    "suffix": ""
                },
                {
                    "first": "O.-E",
                    "middle": [],
                    "last": "Weizman",
                    "suffix": ""
                },
                {
                    "first": "P",
                    "middle": [],
                    "last": "Wong",
                    "suffix": ""
                },
                {
                    "first": "Y",
                    "middle": [],
                    "last": "Yang",
                    "suffix": ""
                },
                {
                    "first": "S",
                    "middle": [],
                    "last": "Bermejo",
                    "suffix": ""
                },
                {
                    "first": "C",
                    "middle": [],
                    "last": "Odio",
                    "suffix": ""
                },
                {
                    "first": "S",
                    "middle": [
                        "B"
                    ],
                    "last": "Omer",
                    "suffix": ""
                },
                {
                    "first": "C",
                    "middle": [
                        "S D"
                    ],
                    "last": "Cruz",
                    "suffix": ""
                },
                {
                    "first": "S",
                    "middle": [],
                    "last": "Farhadian",
                    "suffix": ""
                },
                {
                    "first": "R",
                    "middle": [
                        "A"
                    ],
                    "last": "Martinello",
                    "suffix": ""
                },
                {
                    "first": "A",
                    "middle": [],
                    "last": "Iwasaki",
                    "suffix": ""
                },
                {
                    "first": "N",
                    "middle": [
                        "D"
                    ],
                    "last": "Grubaugh",
                    "suffix": ""
                },
                {
                    "first": "A",
                    "middle": [
                        "I"
                    ],
                    "last": "Ko",
                    "suffix": ""
                }
            ],
            "year": 2020,
            "venue": "",
            "volume": "383",
            "issn": "",
            "pages": "1283--1286",
            "other_ids": {}
        },
        "BIBREF27": {
            "ref_id": "b27",
            "title": "Swabs Collected by Patients or Health Care Workers for SARS-CoV-2 Testing",
            "authors": [
                {
                    "first": "Y",
                    "middle": [
                        "P"
                    ],
                    "last": "Tu",
                    "suffix": ""
                },
                {
                    "first": "R",
                    "middle": [],
                    "last": "Jennings",
                    "suffix": ""
                },
                {
                    "first": "B",
                    "middle": [],
                    "last": "Hart",
                    "suffix": ""
                },
                {
                    "first": "G",
                    "middle": [
                        "A"
                    ],
                    "last": "Cangelosi",
                    "suffix": ""
                },
                {
                    "first": "R",
                    "middle": [
                        "C"
                    ],
                    "last": "Wood",
                    "suffix": ""
                },
                {
                    "first": "K",
                    "middle": [],
                    "last": "Wehber",
                    "suffix": ""
                },
                {
                    "first": "P",
                    "middle": [],
                    "last": "Verma",
                    "suffix": ""
                },
                {
                    "first": "D",
                    "middle": [],
                    "last": "Vojta",
                    "suffix": ""
                },
                {
                    "first": "E",
                    "middle": [
                        "M"
                    ],
                    "last": "Berke",
                    "suffix": ""
                }
            ],
            "year": 2020,
            "venue": "N Engl J Med",
            "volume": "83",
            "issn": "",
            "pages": "494--543",
            "other_ids": {}
        }
    },
    "ref_entries": {
        "FIGREF0": {
            "text": "For limit of detection (LoD) determination, Heat-Inactivated SARS-Related Coronavirus 2,Isolate USA-WA1/2020 (Cat # NR-52347) was procured from BEI Resources, USA. As a positive control in all experiments, in vitro transcribed Armored RNA Quant SARS-CoV-2 (1x10 11 copies/ml, Cat # 52030) was used as a SARS-CoV-2 control and Armored RNA Quant RNase P (1x1011 J o u r n a l P r e -p r o o f copies/mL, Cat # 52031) was used as an alternative template to the human housekeeping gene HsRPP30, both obtained from Asuragen, USA.Preparation of disposable pre-filled microchips. Empty microchips with 30 microwells (6 columns x 5 rows) were manufactured from aluminum sheets by metal stamping technology and coated with surface modifiers (Figure 1B). This coating imparts hydrophilicity to the microwells of 1.2 \u00b5l capacity and hydrophobicity to the upper surface of the microchips. The empty microchips were then filled with a 1.2 \u00b5l solution of primers and probes of N1, N2 and HsRPP30 along with stabilizing agents using an OT2 robotic workstation from Opentrons, USA, in a pre-defined layout (Figure 1C).The prefilled microchips were then lyophilized by Lumex Instruments, Canada, using a SJIA-10NLyophilizer from Ningbo Shuangjia Instrument Co. Ltd, China, and each microchip was individually packaged in a moisture free package (Figure 1B). These microchips were supplied to the Unrau Lab in the Molecular Biology and Biochemistry Department of Simon Fraser University, Burnaby, BC, Canada for sample validation and testing. Viral RNA Preparation. Limit of detection (LoD) measurements were carried out using Quantitative PCR (qPCR) Control RNA from Heat-Inactivated SARS-Related Coronavirus 2, Isolate USA-WA1/2020. As described by the provider, nucleic acid was extracted using a QIAamp Viral RNA Mini Kit (Qiagen 52906) and vialed in TE buffer (10 mM Tris-HCl, 1 mM EDTA, pH 8.0). Samples were verified by RT-PCR amplification of the ORF1ab gene and viral genome copy number determined using a BioRad QX200 Droplet Digital PCR (ddPCR) System. The resultant sample of ~50,000 copies per \u00b5l was diluted in RNA Storage Solution (Cat #AM7001) from Thermofisher, Canada, and used in measuring LoD experiments with ~1,500, 150, 15, 4, 2, 1.5, 1, 0.72, 0.5, 0.25, 0.15 and 0.015 copies per reaction. Human clinical sample collection and preparation. Nasopharyngeal (NP) swabs of 8 positive and 13 negative patients were collected and tested by a clinical team at St. Paul's Hospital in Vancouver, British Columbia, Canada between March 30 th and May 5 th , 2020. Due to a shortage of J o u r n a l P r e -p r o o f supplies early during the pandemic, samples were collected with a combination of COPAN UTM collection kit and BD universal viral transport system (19). Viral RNA was extracted from 500 \u00b5l NP swab media using the MagNA Pure 96 DNA and Viral NA LV extraction kit (Cat #06374891001) on the MagNA Pure Compact Instrument from Roche, USA, prior to eluting in 50 \u00b5l. St. Paul's Hospital Real-time qRT-PCR Assays. RT-PCR (20 \u00b5l reactions) was performed on the extracted samples described above using the LightCycler Multiplex RNA virus Master kit (Cat #07083173001, Roche) with LightMix Modular SARS-CoV-2 (COVID-19) primers targeting the E gene (Cat #53-0776-10, TIB MolBiol, USA). An EAV Extraction Control (EC) (Cat #66-0909-96) was added during the extraction and was detected by RT-PCR using LightMix Modular EAV RNA extraction Control primers (20) (Cat #66-0909-96). RT-PCR was carried out on a LightCycler 480 II instrument (Roche) as per company guidelines. Microchip-based qRT-PCR. Quantitative real-time PCR was performed on the microchip-based PCR analyzer, AriaDNA (Figure 1A, Lumex Instruments Canada, Canada) using manufacturer's software (AriaDNA Software ver.1.4b.129) to control the instrument and obtain PCR results. For LoD determinations, qRT-PCR assays were performed in a mixture of two parts ddH 2 O, one part viral RNA (to a final expected concentration of 1copies per reaction of 1.2 \u00b5l) and one part UltraPlex 1-Step ToughMix, a 4X concentrated master mix for 1-step qRT-PCR containing dATP, dCTP, dGTP, dTTP, magnesium, qScript XLT reverse transcriptase, RNase inhibitor protein and AccuStart II hot-start Taq DNA polymerase. For testing patient clinical samples, reactions were carried out in a mixture of three parts viral RNA extracted from Nasopharyngeal (NP) swabs and one-part 4X UltraPlex 1-Step ToughMix. Each microchip was loaded with the prepared reaction samples alongside two Negative Template Controls (NTC, one-part ddH 2 O or RNA Storage Solution, two parts ddH 2 O and one-part 4X UltraPlex 1-Step ToughMix) and a Positive Template Control (PTC, one-part equivolume in vitrotranscribed SARS-Cov-2 n-RNA (1x10 5 cp/ul) and HsRPP30 RNA (1x10 5 cp/ul), two parts ddH 2 O /well. Reactions were carried out on the AriaDNA PCR analyzer as two-step PCR cycling, eliminating the standard extension step at 72\u00b0C. Slow thermal settings were applied, including a reverse transcription step at 50\u00b0C for 900 s, followed by a denaturing step at 95\u00b0C for 120 s and 45 cycles of 95\u00b0C for 3 s followed by extension and signal recording at 55\u00b0C for 30 s. Ct values were determined as a second derivative maximum (SDM) once fluorescence passed an auto-set SDM threshold. PCR curves representing a dependence of Fluorescent signal (S) vs Cycle (C) was used by the AriaDNA software to obtain its first (dS/dC) and second (d 2 S/d 2 C) derivatives. A cycle corresponding to a maximum of the second derivative was obtained, as described in(21,22). Thisvalue is termed the SDM value, and reported as Ct. SDM values are reported only when an amplitude of the fluorescent signal and an amplitude of its first derivative are both above the pre-set thresholds. Those threshold values can be adjusted within AriaDNA software and were set at 150 and 50 arbitrary units, respectively. No edge effect was detected in the microwells as the thermal conductivity of the microchip material is high and the entire chip sits on a uniformly heated Peltier element. The equilibration of temperature across the microchip is rapid and temperature differences across the chip are below 0.2 \u00b0C.Assay duration optimization. A comparison was performed at Lumex Instruments Canada's R&D laboratory between the slow thermal cycling settings at 50\u00b0C for 900 s, 95\u00b0C for 120 s, 95\u00b0C for 3 s, 55\u00b0C for 30 s and fast thermal cycling settings at 50\u00b0C for 300 s, 95\u00b0C for 120 s, 95\u00b0C for 1 s, 55\u00b0C for 20 s. Four replicates (n = 4) were run each day for 5 consecutive days using 25 copies/\u00b5l and 2500 copies/\u00b5l of in vitro transcribed Armored RNA Quant SARS-CoV-The capability of the qRT-PCR assay on the AriaDNA PCR analyzer was assessed by measuring the limit of detection (LoD) using serially diluted extracted viral RNA from Heat-Inactivated SARS-Related Coronavirus 2 with a known titer (BEI Resources) as validated by Droplet Digital PCR (see methods). Initially, a preliminary LoD was determined by measuring a 10fold serial dilution in triplicate of expected concentrations of 1500 to 0.015 copies per well and two fold dilutions form 4 to 0.5 copies per well, resulting in the following samples: 0.015 copies per well. The N1 and N2 primer sets could detect as low as 1 copy/reaction with 100% reproducibility, while below these expected concentrations results were stochastic in nature for both primer sets(Figure 2A& B, SupplementalFigure S1and Supplemental Tables S1 and S2). Twenty viral RNA replicates of approximately 1, 0.72 or 0.25 expected copies per reaction and 36 replicates containing no template (water) were then tested for both the N1 and N2 primer sets. As before, results become stochastic below 1 copy per well confirming with 95% confidence a detection limit of at least 1 copy per reaction on the AriaDNA analyzer (Figure 2 C & D, Supplemental Figure S2 and Supplemental Table S3). A Probit analysis (Figure 3) found a confidence limit of 0.58 and 0.84 copies per well for N1 and N2 primers respectively, suggesting that the reported Droplet Digital PCR determined concentration of the acquired viral RNA was in fact slightly lower than what it was found to be on the AriaDNA device. Clinical Patient Samples. Using the microchip qRT-PCR assay on the AriaDNA analyzer, extracted RNA from 21 nasopharyngeal (NP) swab samples collected from 8 COVID-19 positive and 13negative patients were tested. By CDC standards (SupplementalTable S4), out of the 21 patient samples, 8 were positive for COVID-19 infection, 12 were negative and 1 sample was invalid (Table 1, SupplementalFigure S3). There was 100% positive and negative agreement relative to the conventional CDC RT-qPCR assay performed at St. Paul's Hospital. The invalid sample, identified as negative by hospital testing, similarly showed no amplification of COVID-19 target on the microchip gRT-PCR assay, however the corresponding lack of the HsRPP30 sample control J o u r n a l P r e -p r o o f detection deemed this sample invalid by CDC standards. It is likely that this result reflects an error in patient sampling, as this has been reported as a probable cause in many false-negative COVID-19",
            "latex": null,
            "type": "figure"
        },
        "FIGREF1": {
            "text": "lightweight system and rapid processing presented here can not only benefit clinical diagnostic laboratories but also enable point-of-care testing in remote locations, clinics and airports while maintaining a similar detection sensitivity as observed with traditional qRT-PCR. While further testing of additional clinical samples and sample types may be needed before this assay can be widely deployed in clinical and public health settings, these preliminary results demonstrate a promising versatile technology that can be easily configured and mobilized to detect infections of J o u r n a l P r e -p r o o f current and future emerging viruses, overcoming current bottlenecks and ensuring a faster response in the future.",
            "latex": null,
            "type": "figure"
        },
        "FIGREF2": {
            "text": "(A) AriaDNA Analyzer. (B) Microchip for COVID-19 detection with lyophilized reagents in the microwells displayed along with its packaging. (C) Layout of the microchip. Each sample and its associated control reactions are loaded into 3 wells, nCoVN1 (SARS-CoV-2 N1 primer/probe), nCoVN2 (SARS-CoV-2 N2 primer/probe), HsRPP30 (human sample control primer/probe) at 1.2 \u00b5l each. Three controls are loaded per chip: NEC (Negative extraction control), NTC (Negative template control), and PTC (Positive template control).",
            "latex": null,
            "type": "figure"
        },
        "FIGREF3": {
            "text": "LoD determination with extracted cultured SARS-CoV-2 RNA. Ct values of 10-fold and 2fold serial dilutions of extracted cultured viral RNA (n = 3) obtained by microchip qRT-PCR assay and measured on the AriaDNA analyzer with (A) N1 (green dots) and (B) N2 (blue dots) primers/probes. Ct values of 20 positive replicates per concentration of viral RNA (1 cp/well, 0.72 cp/well and 0.25 cp/well) and 12 ddH 2 O negative controls per viral concentration, n= 36 total for (C) N1 and (D) N2 primers/probes. Ct values are determined as described in the methods and a Ct value of zero indicates that the fluorescence signal did not cross the threshold limit within 45 cycles.",
            "latex": null,
            "type": "figure"
        },
        "FIGREF4": {
            "text": "SARS-CoV-2 detection of (A) nCoV-N1 target, (B) nCoV-N2 target. X-axis shows input RNA copies per well. Y-axis shows positive results across all parallel reactions performed. Diamonds are experimental data points resulting from replicate testing at given concentrations (xaxis) (20 replicate reactions per datum point for RNA concentrations up to 1.0 cp/well and 3 replicates for RNA concentrations above 1.0 cp/well). The inner bold line represents a Probit curve with outer dotted lines representing 95% confidence intervals. (C) LoD calculated from Probit analysis.",
            "latex": null,
            "type": "figure"
        },
        "TABREF0": {
            "text": "Conventional qRT-PCR (St. Paul's Hospital) Microchip qRT-PCR Conventional vs Microchip qRT-PCR of Patient Nasopharyngeal (NP) swab samples. Ct values for 8 positive and 13 negative patient NP samples with nCoV-E (E gene) and EAV (extraction control) primers/probes using conventional qRT-PCR vs nCoV-N1 (N gene), nCoV-N2 (N gene) and HsRPP30 (sample control) primers/probes using microchip qRT-PCR. (-) Indicates that signal did not cross the threshold limit within 45 cycles, so a CT value was not determined.",
            "latex": null,
            "type": "table"
        }
    },
    "back_matter": [
        {
            "text": "Acknowledgements: The authors are grateful to Dr. Rajwant Gill, Dr. Irina Gelimson, and Er.Steven Hao for the R&D, QC and technical support concerning the production of lyophilized microchips.",
            "cite_spans": [],
            "ref_spans": [],
            "section": "acknowledgement"
        }
    ]
}