{
    "paper_id": "001ad8768d4b7bf3d1a8a1e69d3729aa06eba4ae",
    "metadata": {
        "title": "Journal Pre-proof The stalk domain of SARS-CoV-2 NSP13 is essential for its helicase activity The stalk domain of SARS-CoV-2 NSP13 is essential for its helicase activity The stalk domain of SARS-CoV-2 NSP13 is essential for its helicase activity",
        "authors": [
            {
                "first": "Kun",
                "middle": [],
                "last": "Yue",
                "suffix": "",
                "affiliation": {
                    "laboratory": "State Key Laboratory of Medical Molecular Biology",
                    "institution": "Peking Union Medical College",
                    "location": {
                        "postCode": "100005",
                        "settlement": "Beijing",
                        "country": "China"
                    }
                },
                "email": ""
            },
            {
                "first": "Bin",
                "middle": [],
                "last": "Yao",
                "suffix": "",
                "affiliation": {
                    "laboratory": "State Key Laboratory of Medical Molecular Biology",
                    "institution": "Peking Union Medical College",
                    "location": {
                        "postCode": "100005",
                        "settlement": "Beijing",
                        "country": "China"
                    }
                },
                "email": ""
            },
            {
                "first": "Yingchao",
                "middle": [],
                "last": "Shi",
                "suffix": "",
                "affiliation": {
                    "laboratory": "State Key Laboratory of Medical Molecular Biology",
                    "institution": "Peking Union Medical College",
                    "location": {
                        "postCode": "100005",
                        "settlement": "Beijing",
                        "country": "China"
                    }
                },
                "email": ""
            },
            {
                "first": "Yang",
                "middle": [],
                "last": "Yang",
                "suffix": "",
                "affiliation": {
                    "laboratory": "State Key Laboratory of Medical Molecular Biology",
                    "institution": "Peking Union Medical College",
                    "location": {
                        "postCode": "100005",
                        "settlement": "Beijing",
                        "country": "China"
                    }
                },
                "email": ""
            },
            {
                "first": "Zhaohui",
                "middle": [],
                "last": "Qian",
                "suffix": "",
                "affiliation": {
                    "laboratory": "",
                    "institution": "Chinese Academy of Medical Sciences",
                    "location": {
                        "postCode": "100176",
                        "settlement": "Beijing",
                        "country": "China"
                    }
                },
                "email": ""
            },
            {
                "first": "Yali",
                "middle": [],
                "last": "Ci",
                "suffix": "",
                "affiliation": {
                    "laboratory": "State Key Laboratory of Medical Molecular Biology",
                    "institution": "Peking Union Medical College",
                    "location": {
                        "postCode": "100005",
                        "settlement": "Beijing",
                        "country": "China"
                    }
                },
                "email": ""
            },
            {
                "first": "Lei",
                "middle": [],
                "last": "Shi",
                "suffix": "",
                "affiliation": {
                    "laboratory": "State Key Laboratory of Medical Molecular Biology",
                    "institution": "Peking Union Medical College",
                    "location": {
                        "postCode": "100005",
                        "settlement": "Beijing",
                        "country": "China"
                    }
                },
                "email": ""
            },
            {
                "first": "K",
                "middle": [],
                "last": "Yue",
                "suffix": "",
                "affiliation": {},
                "email": ""
            },
            {
                "first": "B",
                "middle": [],
                "last": "Yao",
                "suffix": "",
                "affiliation": {},
                "email": ""
            },
            {
                "first": "Y",
                "middle": [],
                "last": "Shi",
                "suffix": "",
                "affiliation": {},
                "email": ""
            },
            {
                "first": "Y",
                "middle": [],
                "last": "Yang",
                "suffix": "",
                "affiliation": {},
                "email": ""
            },
            {
                "first": "Z",
                "middle": [],
                "last": "Qian",
                "suffix": "",
                "affiliation": {},
                "email": ""
            },
            {
                "first": "Y",
                "middle": [],
                "last": "Ci",
                "suffix": "",
                "affiliation": {},
                "email": ""
            },
            {
                "first": "L",
                "middle": [],
                "last": "Shi",
                "suffix": "",
                "affiliation": {},
                "email": ""
            }
        ]
    },
    "abstract": [
        {
            "text": "COVID-19, caused by SARS-CoV-2, has been spreading worldwide for more than two years and has led to immense challenges to human health. Despite the great efforts that have been made, our understanding of SARS-CoV-2 is still limited. The viral helicase, NSP13 is an important enzyme involved in SARS-CoV-2 replication and transcription. Here we highlight the important role of the stalk domain in the enzymatic activity of NSP13. Without the stalk domain, NSP13 loses its dsRNA unwinding ability due to the lack of ATPase activity. The stalk domain of NSP13 also provides a rigid connection between the ZBD and helicase domain. We found that the tight connection between the stalk and helicase is necessary for NSP13-mediated dsRNA unwinding. When a short flexible linker was inserted between the stalk and helicase domains, the helicase activity of NSP13 was impaired, although its ATPase activity remained intact. Further study demonstrated that linker insertion between the stalk and helicase domains attenuated the RNA binding ability and affected the thermal stability of NSP13. In summary, our results suggest the crucial role of the stalk domain in NSP13 enzymatic activity and provide mechanistic insight into dsRNA unwinding by SARS-CoV-2 NSP13.",
            "cite_spans": [],
            "ref_spans": [],
            "section": "Abstract"
        },
        {
            "text": "The coronavirus disease 2019 (COVID-19) pandemic has changed the world in an unprecedently way, leading to more than 4 billion infections and 5 million deaths. It has been proclaimed a public health emergency by the WHO for two years. Currently, SARS-CoV-2 variants are constantly still spreading worldwide [1,2]. However, our understanding of SARS-J o u r n a l P r e -p r o o f CoV-2 remains limited. It is necessary to explore the mechanism of viral replication, to potentially provide new antiviral targets and strategies. SARS-CoV-2 is a beta-coronavirus (CoV) belonging to the family Coronaviridae[3-5]. The other two CoVs that have caused serious threats in recent years are severe acute respiratory syndrome coronavirus (SARS-CoV, in 2003) [6,7]and Middle East respiratory syndrome coronavirus (MERS-CoV, in 2012)[8,9]. SARS-CoV-2 is an enveloped virus with a positivesense single-stranded RNA genome of ~30 kb [10,11]. The SARS-CoV-2 genome encodes 16 nonstructural proteins (NSP1-16), four structural proteins (membrane (M), spike (S), envelope",
            "cite_spans": [],
            "ref_spans": [],
            "section": "Abstract"
        },
        {
            "text": "(E) and nucleocapsid (N)) and several accessory proteins (ORF3a, 3b, p6, 7a, 7b, 8b, 9b, and 14) [12, 13] .",
            "cite_spans": [
                {
                    "start": 102,
                    "end": 105,
                    "text": "13]",
                    "ref_id": "BIBREF19"
                }
            ],
            "ref_spans": [],
            "section": "Abstract"
        },
        {
            "text": "SARS-CoV-2 NSP13 is a virus-encoded helicase that unwinds viral dsRNA intermediates to provide a single-stranded template for viral RNA amplification [14] . NSP13 of SARS-CoV-2 is highly conserved relative to that of SARS-CoV, with 99.8% protein sequence identity [15] . It is a member of the superfamily 1 (SF1) helicases, and has several conserved motifs and similar unwinding activity [16, 17] . SARS-CoV or SARS-CoV-2 NSP13 unwinds dsDNA/dsRNA strands with a 5' overhang in the 5' to 3' direction in a manner dependent on ATP hydrolysis, without discrimination between dsRNA and dsDNA [18] [19] [20] [21] . It is composed of an N-terminal zinc-binding domain (ZBD), a stalk domain and a helicase domain at the C-terminus [22] . The ZBD domain of SARS-CoV NSP13 has been shown to be necessary for its helicase activity [23] . However, the function and mechanism of the NSP13 stalk domain are still unclear.",
            "cite_spans": [
                {
                    "start": 150,
                    "end": 154,
                    "text": "[14]",
                    "ref_id": "BIBREF20"
                },
                {
                    "start": 264,
                    "end": 268,
                    "text": "[15]",
                    "ref_id": "BIBREF21"
                },
                {
                    "start": 388,
                    "end": 392,
                    "text": "[16,",
                    "ref_id": "BIBREF23"
                },
                {
                    "start": 393,
                    "end": 396,
                    "text": "17]",
                    "ref_id": "BIBREF24"
                },
                {
                    "start": 589,
                    "end": 593,
                    "text": "[18]",
                    "ref_id": "BIBREF25"
                },
                {
                    "start": 594,
                    "end": 598,
                    "text": "[19]",
                    "ref_id": "BIBREF26"
                },
                {
                    "start": 599,
                    "end": 603,
                    "text": "[20]",
                    "ref_id": "BIBREF27"
                },
                {
                    "start": 604,
                    "end": 608,
                    "text": "[21]",
                    "ref_id": "BIBREF28"
                },
                {
                    "start": 725,
                    "end": 729,
                    "text": "[22]",
                    "ref_id": "BIBREF29"
                },
                {
                    "start": 822,
                    "end": 826,
                    "text": "[23]",
                    "ref_id": "BIBREF31"
                }
            ],
            "ref_spans": [],
            "section": "Abstract"
        },
        {
            "text": "Here we investigated the contribution of the stalk domain to the enzymatic activity of SARS-CoV-2 NSP13. We found that deletion of the stalk domain almost completely abolishes the J o u r n a l P r e -p r o o f R AATTTGTGGCCATTGAAATTGCTGCAAAGACAACTA TATCTGCT Protein expression and purification J o u r n a l P r e -p r o o f",
            "cite_spans": [],
            "ref_spans": [],
            "section": "Abstract"
        }
    ],
    "body_text": [
        {
            "text": "ATPase activity of SARS-CoV-2 NSP13, indicating its essential role in NSP13 activity.",
            "cite_spans": [],
            "ref_spans": [],
            "section": ""
        },
        {
            "text": "Moreover, NSP13 helicase activity was also disrupted when we inserted a flexible linker between the stalk and helicase domains. Further investigation showed that insertion of the flexible linker affected the RNA binding but not the ATPase activity of NSP13. Linker insertion between the stalk and helicase domains also reduced the protein stability of NSP13.",
            "cite_spans": [],
            "ref_spans": [],
            "section": ""
        },
        {
            "text": "Collectively, these findings indicate that the stalk domain provides a rigid connection between the ZBD and helicase domain, contributing to the RNA binding and enzyme activity of NSP13.",
            "cite_spans": [],
            "ref_spans": [],
            "section": ""
        },
        {
            "text": "The SARS-CoV-2 NSP13 gene fragment was constructed into pET15b vector between NdeI and XhoI. D374A/E375A mutation was generated with QuikChange\u00ae II Site-Directed Mutagenesis kit. ",
            "cite_spans": [],
            "ref_spans": [],
            "section": "Clone Construction"
        },
        {
            "text": "The helicase activity of SARS-CoV-2 NSP13 was measured by FRET based unwinding assay. Wash the beads to remove unbound proteins, resuspend the beads with 30\u03bcl 2\u00d7SDS loading buffer and boil for 10min. The protein samples were analyzed by Western blot.",
            "cite_spans": [],
            "ref_spans": [],
            "section": "Unwinding assay"
        },
        {
            "text": "The thermal stability of SARS-CoV-2 NSP13 was assessed using fluorescence-based thermal shift assay. 0.4mg/ml proteins and SYPRO Orange fluorescent dye (Invitrogen) were incubated with or without 2mM ATP. Samples were subjected to an increase in temperature from 25\u00b0C to 90\u00b0C in 0.5\u00b0C increments per 20 seconds. Procedure was performed on a real time PCR machine. Fluorescence measurements were plotted and Tm values were calculated using GraphPad Prism.",
            "cite_spans": [],
            "ref_spans": [],
            "section": "Thermal Shift assay"
        },
        {
            "text": "The error bars in the figures represent the standard error of mean of three repeats or duplicates J o u r n a l P r e -p r o o f as indicated. The statistical significance of differences between groups was analyzed by t-test.",
            "cite_spans": [],
            "ref_spans": [],
            "section": "Statistical analysis"
        },
        {
            "text": "*P < 0.05, **P < 0.01, ***P < 0.001.",
            "cite_spans": [],
            "ref_spans": [],
            "section": "Statistical analysis"
        },
        {
            "text": "The enzymatic activity of SARS-CoV-2 NSP13.",
            "cite_spans": [],
            "ref_spans": [],
            "section": "Results"
        },
        {
            "text": "We expressed SARS-CoV-2 NSP13 with an N-terminal 6\u00d7His tag and C-terminal Myc tag in Escherichia coli and purified the proteins by Ni-NTA agarose beads and size-exclusion chromatography ( Fig. 1A and B). We first examined the ATPase activity of SARS-CoV-2 NSP13. NSP13 exhibited ATPase activity in the absence of nucleic acids (Fig. 1C ). When we mutated D374 and E375, which lie in the active pocket of the ATP binding site, to alanine (D374A/E375A) [23] , NSP13 ATPase activity was dramatically impaired ( Fig. 1C and D). We set up an in vitro dsRNA unwinding system based on FRET (fluorescence resonance energy transfer) [24] to evaluate the helicase activity of SARS-CoV-2 NSP13. A serial complementary ssRNA labeled with Cy3 or BHQ2 (Black Hole Quencher) was synthesized. When the complementary ssRNA was annealed to form an RNA duplex, Cy3 fluorescence was quenched by BHQ2 due to FRET. As the dsRNA is unwounded by the helicase, the quenching is alleviated (Fig. 1E) . The data showed that SARS-CoV-2 NSP13 unwound dsRNA only when ATP was present (Fig. 1F ). In addition, the D374A/E375A mutant showed little helicase activity, indicating that NSP13 helicase activity is dependent on ATP hydrolysis (Fig. 1G ). The dsRNA unwinding activity of NSP13 was dose-dependent; as the concentration of NSP13 added increased, the unwinding rate increased ( Fig. 1H and I). We also detected the processivity of NSP13 on dsRNA substrates with duplex regions of different lengths and found that unwinding of dsRNA decreased with increasing of duplex length, indicating that less unwinding events J o u r n a l P r e -p r o o f were complete for dsRNA substrates with longer duplex regions ( Fig. 1J and Supplementary   Table) .",
            "cite_spans": [
                {
                    "start": 451,
                    "end": 455,
                    "text": "[23]",
                    "ref_id": "BIBREF31"
                },
                {
                    "start": 624,
                    "end": 628,
                    "text": "[24]",
                    "ref_id": "BIBREF32"
                }
            ],
            "ref_spans": [
                {
                    "start": 188,
                    "end": 195,
                    "text": "Fig. 1A",
                    "ref_id": "FIGREF3"
                },
                {
                    "start": 327,
                    "end": 335,
                    "text": "(Fig. 1C",
                    "ref_id": "FIGREF3"
                },
                {
                    "start": 508,
                    "end": 515,
                    "text": "Fig. 1C",
                    "ref_id": "FIGREF3"
                },
                {
                    "start": 964,
                    "end": 973,
                    "text": "(Fig. 1E)",
                    "ref_id": "FIGREF3"
                },
                {
                    "start": 1054,
                    "end": 1062,
                    "text": "(Fig. 1F",
                    "ref_id": "FIGREF3"
                },
                {
                    "start": 1206,
                    "end": 1214,
                    "text": "(Fig. 1G",
                    "ref_id": "FIGREF3"
                },
                {
                    "start": 1354,
                    "end": 1361,
                    "text": "Fig. 1H",
                    "ref_id": "FIGREF3"
                },
                {
                    "start": 1685,
                    "end": 1692,
                    "text": "Fig. 1J",
                    "ref_id": "FIGREF3"
                },
                {
                    "start": 1697,
                    "end": 1719,
                    "text": "Supplementary   Table)",
                    "ref_id": null
                }
            ],
            "section": "Results"
        },
        {
            "text": "The stalk domain of NSP13 is essential for its helicase activity.",
            "cite_spans": [],
            "ref_spans": [],
            "section": "Results"
        },
        {
            "text": "As the role of the SARS-CoV-2 NSP13 stalk domain is not yet clear, we next explored whether the stalk domain is necessary for NSP13 activity. We constructed a NSP13 stalk deletion mutant (\u0394stalk) by replacing the stalk domain with a flexible linker (GGGS\u00d74) ( Fig. 2A and B) . We examined ATPase activity and found that NSP13 ATPase activity was disrupted when the stalk domain was deleted ( Fig. 2C and D) . Accordingly, deletion of the stalk domain abolished NSP13 helicase activity ( Fig. 2E and F) . These data demonstrated that the stalk domain is essential for the ATPase activity and helicase activity of NSP13, and that it functions as more than a linker connecting the ZBD and helicase domain.",
            "cite_spans": [],
            "ref_spans": [
                {
                    "start": 260,
                    "end": 274,
                    "text": "Fig. 2A and B)",
                    "ref_id": "FIGREF4"
                },
                {
                    "start": 392,
                    "end": 406,
                    "text": "Fig. 2C and D)",
                    "ref_id": "FIGREF4"
                },
                {
                    "start": 487,
                    "end": 501,
                    "text": "Fig. 2E and F)",
                    "ref_id": "FIGREF4"
                }
            ],
            "section": "Results"
        },
        {
            "text": "SF1 helicases, such as Upf1 and NSP10 of EAV (equine arteritis virus), and NSP13 of MERS and SARS-CoV, share similar structural topologies [25] . Upf1, a eukaryotic RNA helicase, is the classical SF1 helicase [26] . The Upf1 CH domain (Cys/His rich domain, the counterpart of the NSP13 ZBD domain) may connect with the helicase domain through a flexible loop (invisible in electron density maps) and stalk domain (Fig. 3A ) [27] . Compared to Upf1, the stalk domains of NSP13 of SARS-CoV-2 seem to provide relatively rigid connection between the ZBD and helicase domains (Fig. 3B) . The stalk domains of NSP13 of SARS-CoV-2, SARS-CoV and MERS-CoV are highly conserved in sequence and structure ( Fig. 3C and Fig. S1 ), and the stalk domain of NSP13 may affect its helicase activity through a tight interaction with the helicase domain.",
            "cite_spans": [
                {
                    "start": 139,
                    "end": 143,
                    "text": "[25]",
                    "ref_id": "BIBREF33"
                },
                {
                    "start": 209,
                    "end": 213,
                    "text": "[26]",
                    "ref_id": "BIBREF34"
                },
                {
                    "start": 424,
                    "end": 428,
                    "text": "[27]",
                    "ref_id": "BIBREF35"
                }
            ],
            "ref_spans": [
                {
                    "start": 413,
                    "end": 421,
                    "text": "(Fig. 3A",
                    "ref_id": "FIGREF5"
                },
                {
                    "start": 571,
                    "end": 580,
                    "text": "(Fig. 3B)",
                    "ref_id": "FIGREF5"
                },
                {
                    "start": 696,
                    "end": 715,
                    "text": "Fig. 3C and Fig. S1",
                    "ref_id": "FIGREF3"
                }
            ],
            "section": "The stalk domain mediated the rigid connection between the ZBD and helicase domain"
        },
        {
            "text": "J o u r n a l P r e -p r o o f Next, we sought to investigate whether the tight connection mediated by the stalk domain is needed for NSP13 function. To increase the flexibility between the ZBD and stalk domains or between the stalk and helicase domains of NSP13, we inserted a short flexible linker (GGGS\u00d7 2) between the ZBD and stalk domains (Z-linker-SH mutant) or between stalk and helicase domains (ZS-linker-H mutant) (Fig. 3D and E) . We measured the ATP hydrolysis activity of these mutants. One mutant, ZS-linker-H, showed ATPase activity similar to that of WT NSP13.",
            "cite_spans": [],
            "ref_spans": [
                {
                    "start": 424,
                    "end": 439,
                    "text": "(Fig. 3D and E)",
                    "ref_id": "FIGREF5"
                }
            ],
            "section": "The stalk domain mediated the rigid connection between the ZBD and helicase domain"
        },
        {
            "text": "The other one, the Z-linker-SH mutant had slightly higher ATPase activity. These data indicated that increasing the flexibility between the ZBD and helicase domains by inserting a short flexible linker does not impair the ATPase activity of NSP13 ( Fig. 3F and G) . However, we found that the linker insertion at the two sites resulted in completely opposite effects on the dsRNA unwinding ability of NSP13. The unwinding activity of the Z-linker-SH mutant was not affected, whereas the ZS-linker-H mutant failed to unwind dsRNA ( Fig. 3H and I) . These findings implied that the rigid connection between the stalk and helicase domains is critical for the helicase activity without affecting the ATPase activity.",
            "cite_spans": [],
            "ref_spans": [
                {
                    "start": 249,
                    "end": 263,
                    "text": "Fig. 3F and G)",
                    "ref_id": "FIGREF5"
                },
                {
                    "start": 531,
                    "end": 545,
                    "text": "Fig. 3H and I)",
                    "ref_id": "FIGREF5"
                }
            ],
            "section": "The stalk domain mediated the rigid connection between the ZBD and helicase domain"
        },
        {
            "text": "The structure of NSP13 indicates that the stalk domain is located close to the RNA binding pocket, and it is predicted that the stalk domain might directly contribute to the interaction between NSP13 and RNA, although a structure of NSP13 and RNA in complex is lacking (Fig.   S2 ) [15, 28] . We examined the interaction of ssRNA with NSP13 by RNA pull down and found that linker insertion between the ZBD and stalk domains (Z-linker-SH) did not affect the RNA binding of NSP13, consistent with the unaffected RNA unwinding activity we showed above.",
            "cite_spans": [
                {
                    "start": 282,
                    "end": 286,
                    "text": "[15,",
                    "ref_id": "BIBREF21"
                },
                {
                    "start": 287,
                    "end": 290,
                    "text": "28]",
                    "ref_id": "BIBREF36"
                }
            ],
            "ref_spans": [
                {
                    "start": 269,
                    "end": 279,
                    "text": "(Fig.   S2",
                    "ref_id": "FIGREF4"
                }
            ],
            "section": "Linker insertion between the stalk and helicase domains interfered with the RNA binding of NSP13."
        },
        {
            "text": "In contrast, linker insertion between the stalk and helicase domains (ZS-linker-H) partially interfered with the binding of RNA to NSP13, indicating that the tight connection between the stalk and helicase domains is important for the interaction between NSP13 and RNA ( Fig. 4A and B).",
            "cite_spans": [],
            "ref_spans": [
                {
                    "start": 271,
                    "end": 278,
                    "text": "Fig. 4A",
                    "ref_id": "FIGREF6"
                }
            ],
            "section": "J o u r n a l P r e -p r o o f"
        },
        {
            "text": "Finally, we explored the stability of WT and mutated NSP13 by a fluorescence-based thermal shift assay. ATP stabilized NSP13 as the Tm (melting temperature) of NPS13 increased (1.91\u00b0C) when ATP was present (Fig. S3) . However, linker insertion between the stalk and helicase ",
            "cite_spans": [],
            "ref_spans": [
                {
                    "start": 206,
                    "end": 215,
                    "text": "(Fig. S3)",
                    "ref_id": "FIGREF5"
                }
            ],
            "section": "Linker insertion between the stalk and helicase domains reduced the stability of NSP13"
        },
        {
            "text": "SARS-CoV-2 NSP13 is an SF1 helicase [22] . Here we showed that SARS-CoV-2 NSP13 has ATPase activity in the absence of nucleic acids. It unwinds dsRNA in a manner dependent on ATP hydrolysis. The processivity of SARS-CoV-2 NSP13 in dsRNA unwinding seems better than that of the flavivirus NS3 helicase. It has been reported that the flavivirus NS3 helicase might dissociate every 18 bp in RNA unwinding, and it was not very efficient in duplex unwinding beyond 18bp in a bulk assay [29, 30] . However, SARS-CoV-2 NSP13 could unwind dsRNA substrates with 35 bp or longer duplex regions, similar processivity was observed with J o u r n a l P r e -p r o o f SARS-CoV NSP13 [21] . As coronavirus has longest RNA genome (~30 kb) among RNA viruses, coronavirus helicases may also have better processivity in viral dsRNA unwinding during replication.",
            "cite_spans": [
                {
                    "start": 36,
                    "end": 40,
                    "text": "[22]",
                    "ref_id": "BIBREF29"
                },
                {
                    "start": 481,
                    "end": 485,
                    "text": "[29,",
                    "ref_id": "BIBREF37"
                },
                {
                    "start": 486,
                    "end": 489,
                    "text": "30]",
                    "ref_id": "BIBREF38"
                },
                {
                    "start": 670,
                    "end": 674,
                    "text": "[21]",
                    "ref_id": "BIBREF28"
                }
            ],
            "ref_spans": [],
            "section": "Discussion"
        },
        {
            "text": "We as its ATPase activity remained intact, implying that a rigid connection between the stalk domain and helicase domain is essential. According to the structure of NSP13, the stalk domain is predicted to located near the RNA binding pocket and may directly interact with the 3'end of RNA [15, 28] . In addition, the stalk domain also affects NSP13 binding to RNA through its tight interaction with the Rec1A and Rec2A domains [15] . This was supported by the attenuated NSP13 plays an important role in viral replication. Cryo-EM has solved the structure of the SARS-CoV-2 RTC, which comprises two NSP13 helicase proteins and one RNA polymerase NSP12 protein as well as one NSP7 and two NSP8 proteins, in complex with RNA [32, 33] . In the complex structure, NSP13 did not directly interact with the RNA; therefore, no information about how RNA is unwound by the SARS-CoV-2 RTC could be obtained. Thus, although different models of dsRNA unwinding by NSP13 have been proposed based on the RTC structure [32, 33] , the detailed mechanism is still unclear. Further studies using an in vitro RNA unwinding assay with the RTC may provide more insights into SARS-CoV-2 replication.",
            "cite_spans": [
                {
                    "start": 289,
                    "end": 293,
                    "text": "[15,",
                    "ref_id": "BIBREF21"
                },
                {
                    "start": 294,
                    "end": 297,
                    "text": "28]",
                    "ref_id": "BIBREF36"
                },
                {
                    "start": 427,
                    "end": 431,
                    "text": "[15]",
                    "ref_id": "BIBREF21"
                },
                {
                    "start": 723,
                    "end": 727,
                    "text": "[32,",
                    "ref_id": null
                },
                {
                    "start": 728,
                    "end": 731,
                    "text": "33]",
                    "ref_id": null
                },
                {
                    "start": 1004,
                    "end": 1008,
                    "text": "[32,",
                    "ref_id": null
                },
                {
                    "start": 1009,
                    "end": 1012,
                    "text": "33]",
                    "ref_id": null
                }
            ],
            "ref_spans": [],
            "section": "Discussion"
        },
        {
            "text": "The authors declare no competing interests. H&I. Linker insertion between stalk and helicase domains abolished dsRNA unwinding activity of NSP13.",
            "cite_spans": [],
            "ref_spans": [],
            "section": "Declaration of interests"
        },
        {
            "text": "(H) The unwinding assay of WT NSP13 and linker insertion mutants. (I) Initial unwinding rate of WT NSP13",
            "cite_spans": [],
            "ref_spans": [],
            "section": "Figure Legends"
        },
        {
            "text": "and linker insertion mutants. The initial unwinding rate was calculated by kinetics in the first 5min. The significance was analyzed by t-test, ***p<0.001. ",
            "cite_spans": [],
            "ref_spans": [],
            "section": "Figure Legends"
        }
    ],
    "bib_entries": {
        "BIBREF0": {
            "ref_id": "b0",
            "title": "Omicron SARS-CoV-2 variant: a new chapter in the COVID-19 pandemic",
            "authors": [
                {
                    "first": "S",
                    "middle": [
                        "S A"
                    ],
                    "last": "Karim",
                    "suffix": ""
                },
                {
                    "first": "Q",
                    "middle": [
                        "A"
                    ],
                    "last": "Karim",
                    "suffix": ""
                }
            ],
            "year": 2021,
            "venue": "Lancet",
            "volume": "398",
            "issn": "",
            "pages": "",
            "other_ids": {
                "DOI": [
                    "2126-2128.10.1016/S0140-6736(21)02758-6"
                ]
            }
        },
        "BIBREF1": {
            "ref_id": "b1",
            "title": "Delta coronavirus variant: scientists brace for impact",
            "authors": [
                {
                    "first": "E",
                    "middle": [],
                    "last": "Callaway",
                    "suffix": ""
                }
            ],
            "year": 2021,
            "venue": "Nature",
            "volume": "595",
            "issn": "",
            "pages": "",
            "other_ids": {
                "DOI": [
                    "17-18.10.1038/d41586-021-01696-3"
                ]
            }
        },
        "BIBREF4": {
            "ref_id": "b4",
            "title": "A pneumonia outbreak associated with a new coronavirus of probable bat origin",
            "authors": [
                {
                    "first": "L",
                    "middle": [
                        "L"
                    ],
                    "last": "Deng",
                    "suffix": ""
                },
                {
                    "first": "B",
                    "middle": [],
                    "last": "Liu",
                    "suffix": ""
                },
                {
                    "first": "F",
                    "middle": [
                        "X"
                    ],
                    "last": "Yan",
                    "suffix": ""
                },
                {
                    "first": "Y",
                    "middle": [
                        "Y"
                    ],
                    "last": "Zhan",
                    "suffix": ""
                },
                {
                    "first": "G",
                    "middle": [
                        "F"
                    ],
                    "last": "Wang",
                    "suffix": ""
                },
                {
                    "first": "Z",
                    "middle": [
                        "L"
                    ],
                    "last": "Xiao",
                    "suffix": ""
                },
                {
                    "first": "",
                    "middle": [],
                    "last": "Shi",
                    "suffix": ""
                }
            ],
            "year": 2020,
            "venue": "Nature",
            "volume": "579",
            "issn": "",
            "pages": "270--273",
            "other_ids": {
                "DOI": [
                    "10.1038/s41586-020-2012-7"
                ]
            }
        },
        "BIBREF6": {
            "ref_id": "b6",
            "title": "A new coronavirus associated with human respiratory disease in China",
            "authors": [
                {
                    "first": "F",
                    "middle": [
                        "H"
                    ],
                    "last": "Zhang",
                    "suffix": ""
                },
                {
                    "first": "Y",
                    "middle": [],
                    "last": "Dai",
                    "suffix": ""
                },
                {
                    "first": "Q",
                    "middle": [
                        "M"
                    ],
                    "last": "Liu",
                    "suffix": ""
                },
                {
                    "first": "J",
                    "middle": [
                        "J"
                    ],
                    "last": "Wang",
                    "suffix": ""
                },
                {
                    "first": "L",
                    "middle": [],
                    "last": "Zheng",
                    "suffix": ""
                },
                {
                    "first": "E",
                    "middle": [
                        "C"
                    ],
                    "last": "Xu",
                    "suffix": ""
                },
                {
                    "first": "Y",
                    "middle": [
                        "Z"
                    ],
                    "last": "Holmes",
                    "suffix": ""
                },
                {
                    "first": "",
                    "middle": [],
                    "last": "Zhang",
                    "suffix": ""
                }
            ],
            "year": 2020,
            "venue": "Nature",
            "volume": "579",
            "issn": "",
            "pages": "",
            "other_ids": {
                "DOI": [
                    "265-269.10.1038/s41586-020-2008-3"
                ]
            }
        },
        "BIBREF7": {
            "ref_id": "b7",
            "title": "Study Group of the International Committee on Taxonomy of, The species Severe acute respiratory syndrome-related coronavirus: classifying 2019-nCoV and naming it SARS-CoV-2",
            "authors": [
                {
                    "first": "V",
                    "middle": [],
                    "last": "Coronaviridae",
                    "suffix": ""
                }
            ],
            "year": 2020,
            "venue": "Nat Microbiol",
            "volume": "5",
            "issn": "",
            "pages": "",
            "other_ids": {
                "DOI": [
                    "536-544.10.1038/s41564-020-0695-z"
                ]
            }
        },
        "BIBREF10": {
            "ref_id": "b10",
            "title": "Identification of a novel coronavirus in patients with severe acute respiratory syndrome",
            "authors": [
                {
                    "first": "J",
                    "middle": [
                        "C"
                    ],
                    "last": "Kramme",
                    "suffix": ""
                },
                {
                    "first": "S",
                    "middle": [],
                    "last": "Manuguerra",
                    "suffix": ""
                },
                {
                    "first": "V",
                    "middle": [],
                    "last": "Muller",
                    "suffix": ""
                },
                {
                    "first": "M",
                    "middle": [],
                    "last": "Rickerts",
                    "suffix": ""
                },
                {
                    "first": "S",
                    "middle": [],
                    "last": "Sturmer",
                    "suffix": ""
                },
                {
                    "first": "H",
                    "middle": [
                        "D"
                    ],
                    "last": "Vieth",
                    "suffix": ""
                },
                {
                    "first": "A",
                    "middle": [
                        "D"
                    ],
                    "last": "Klenk",
                    "suffix": ""
                },
                {
                    "first": "H",
                    "middle": [],
                    "last": "Osterhaus",
                    "suffix": ""
                },
                {
                    "first": "H",
                    "middle": [
                        "W"
                    ],
                    "last": "Schmitz",
                    "suffix": ""
                },
                {
                    "first": "",
                    "middle": [],
                    "last": "Doerr",
                    "suffix": ""
                }
            ],
            "year": 2003,
            "venue": "N Engl J Med",
            "volume": "348",
            "issn": "",
            "pages": "1967--1976",
            "other_ids": {
                "DOI": [
                    "10.1056/NEJMoa030747"
                ]
            }
        },
        "BIBREF12": {
            "ref_id": "b12",
            "title": "A novel coronavirus associated with severe acute respiratory syndrome",
            "authors": [
                {
                    "first": "P",
                    "middle": [
                        "E"
                    ],
                    "last": "Lim",
                    "suffix": ""
                },
                {
                    "first": "S",
                    "middle": [
                        "F"
                    ],
                    "last": "Rollin",
                    "suffix": ""
                },
                {
                    "first": "A",
                    "middle": [
                        "E"
                    ],
                    "last": "Dowell",
                    "suffix": ""
                },
                {
                    "first": "C",
                    "middle": [
                        "D"
                    ],
                    "last": "Ling",
                    "suffix": ""
                },
                {
                    "first": "W",
                    "middle": [
                        "J"
                    ],
                    "last": "Humphrey",
                    "suffix": ""
                },
                {
                    "first": "J",
                    "middle": [],
                    "last": "Shieh",
                    "suffix": ""
                },
                {
                    "first": "C",
                    "middle": [
                        "D"
                    ],
                    "last": "Guarner",
                    "suffix": ""
                },
                {
                    "first": "P",
                    "middle": [],
                    "last": "Paddock",
                    "suffix": ""
                },
                {
                    "first": "B",
                    "middle": [],
                    "last": "Rota",
                    "suffix": ""
                },
                {
                    "first": "J",
                    "middle": [],
                    "last": "Fields",
                    "suffix": ""
                },
                {
                    "first": "J",
                    "middle": [
                        "Y"
                    ],
                    "last": "Derisi",
                    "suffix": ""
                },
                {
                    "first": "N",
                    "middle": [],
                    "last": "Yang",
                    "suffix": ""
                },
                {
                    "first": "J",
                    "middle": [
                        "M"
                    ],
                    "last": "Cox",
                    "suffix": ""
                },
                {
                    "first": "J",
                    "middle": [
                        "W"
                    ],
                    "last": "Hughes",
                    "suffix": ""
                },
                {
                    "first": "W",
                    "middle": [
                        "J"
                    ],
                    "last": "Leduc",
                    "suffix": ""
                },
                {
                    "first": "L",
                    "middle": [
                        "J"
                    ],
                    "last": "Bellini",
                    "suffix": ""
                },
                {
                    "first": "S",
                    "middle": [
                        "W"
                    ],
                    "last": "Anderson",
                    "suffix": ""
                },
                {
                    "first": "",
                    "middle": [],
                    "last": "Group",
                    "suffix": ""
                }
            ],
            "year": 2003,
            "venue": "N Engl J Med",
            "volume": "348",
            "issn": "",
            "pages": "1953--1966",
            "other_ids": {
                "DOI": [
                    "10.1056/NEJMoa030781"
                ]
            }
        },
        "BIBREF13": {
            "ref_id": "b13",
            "title": "Isolation of a novel coronavirus from a man with pneumonia in Saudi Arabia",
            "authors": [
                {
                    "first": "A",
                    "middle": [
                        "M"
                    ],
                    "last": "Zaki",
                    "suffix": ""
                },
                {
                    "first": "S",
                    "middle": [],
                    "last": "Van Boheemen",
                    "suffix": ""
                },
                {
                    "first": "T",
                    "middle": [
                        "M"
                    ],
                    "last": "Bestebroer",
                    "suffix": ""
                },
                {
                    "first": "A",
                    "middle": [
                        "D"
                    ],
                    "last": "Osterhaus",
                    "suffix": ""
                },
                {
                    "first": "R",
                    "middle": [
                        "A"
                    ],
                    "last": "Fouchier",
                    "suffix": ""
                }
            ],
            "year": 2012,
            "venue": "N Engl J Med",
            "volume": "367",
            "issn": "",
            "pages": "",
            "other_ids": {
                "DOI": [
                    "1814-1820.10.1056/NEJMoa1211721"
                ]
            }
        },
        "BIBREF14": {
            "ref_id": "b14",
            "title": "Middle East respiratory syndrome",
            "authors": [
                {
                    "first": "A",
                    "middle": [],
                    "last": "Zumla",
                    "suffix": ""
                },
                {
                    "first": "D",
                    "middle": [
                        "S"
                    ],
                    "last": "Hui",
                    "suffix": ""
                },
                {
                    "first": "S",
                    "middle": [],
                    "last": "Perlman",
                    "suffix": ""
                }
            ],
            "year": 2015,
            "venue": "Lancet",
            "volume": "386",
            "issn": "",
            "pages": "995--1007",
            "other_ids": {}
        },
        "BIBREF15": {
            "ref_id": "b15",
            "title": "Coronavirus pathogenesis and the emerging pathogen severe acute respiratory syndrome coronavirus",
            "authors": [
                {
                    "first": "S",
                    "middle": [
                        "R"
                    ],
                    "last": "Weiss",
                    "suffix": ""
                },
                {
                    "first": "S",
                    "middle": [],
                    "last": "Navas-Martin",
                    "suffix": ""
                }
            ],
            "year": 2005,
            "venue": "Microbiol Mol Biol Rev",
            "volume": "69",
            "issn": "",
            "pages": "",
            "other_ids": {
                "DOI": [
                    "635-664.10.1128/MMBR.69.4.635-664"
                ]
            }
        },
        "BIBREF16": {
            "ref_id": "b16",
            "title": "Genetic Recombination, and Pathogenesis of Coronaviruses",
            "authors": [
                {
                    "first": "S",
                    "middle": [],
                    "last": "Su",
                    "suffix": ""
                },
                {
                    "first": "G",
                    "middle": [],
                    "last": "Wong",
                    "suffix": ""
                },
                {
                    "first": "W",
                    "middle": [],
                    "last": "Shi",
                    "suffix": ""
                },
                {
                    "first": "J",
                    "middle": [],
                    "last": "Liu",
                    "suffix": ""
                },
                {
                    "first": "A",
                    "middle": [
                        "C K"
                    ],
                    "last": "Lai",
                    "suffix": ""
                },
                {
                    "first": "J",
                    "middle": [],
                    "last": "Zhou",
                    "suffix": ""
                },
                {
                    "first": "W",
                    "middle": [],
                    "last": "Liu",
                    "suffix": ""
                },
                {
                    "first": "Y",
                    "middle": [],
                    "last": "Bi",
                    "suffix": ""
                },
                {
                    "first": "G",
                    "middle": [
                        "F"
                    ],
                    "last": "Gao",
                    "suffix": ""
                }
            ],
            "year": 2016,
            "venue": "",
            "volume": "24",
            "issn": "",
            "pages": "490--502",
            "other_ids": {
                "DOI": [
                    "10.1016/j.tim.2016.03.003"
                ]
            }
        },
        "BIBREF18": {
            "ref_id": "b18",
            "title": "Genome Composition and Divergence of the Novel Coronavirus (2019-nCoV) Originating in China",
            "authors": [
                {
                    "first": "Z",
                    "middle": [],
                    "last": "Quan",
                    "suffix": ""
                },
                {
                    "first": "W",
                    "middle": [],
                    "last": "Xia",
                    "suffix": ""
                },
                {
                    "first": "G",
                    "middle": [],
                    "last": "Tan",
                    "suffix": ""
                },
                {
                    "first": "T",
                    "middle": [],
                    "last": "Cheng",
                    "suffix": ""
                },
                {
                    "first": "",
                    "middle": [],
                    "last": "Jiang",
                    "suffix": ""
                }
            ],
            "year": 2020,
            "venue": "Cell Host Microbe",
            "volume": "27",
            "issn": "",
            "pages": "325--328",
            "other_ids": {
                "DOI": [
                    "10.1016/j.chom.2020.02.001"
                ]
            }
        },
        "BIBREF19": {
            "ref_id": "b19",
            "title": "The Nonstructural Proteins Directing Coronavirus RNA Synthesis and Processing",
            "authors": [
                {
                    "first": "E",
                    "middle": [
                        "J"
                    ],
                    "last": "Snijder",
                    "suffix": ""
                },
                {
                    "first": "E",
                    "middle": [],
                    "last": "Decroly",
                    "suffix": ""
                },
                {
                    "first": "J",
                    "middle": [],
                    "last": "Ziebuhr",
                    "suffix": ""
                }
            ],
            "year": 2016,
            "venue": "Adv Virus Res",
            "volume": "96",
            "issn": "",
            "pages": "59--126",
            "other_ids": {
                "DOI": [
                    "10.1016/bs.aivir.2016.08.008"
                ]
            }
        },
        "BIBREF20": {
            "ref_id": "b20",
            "title": "What we know but do not understand about nidovirus helicases",
            "authors": [
                {
                    "first": "K",
                    "middle": [
                        "C"
                    ],
                    "last": "Lehmann",
                    "suffix": ""
                },
                {
                    "first": "E",
                    "middle": [
                        "J"
                    ],
                    "last": "Snijder",
                    "suffix": ""
                },
                {
                    "first": "C",
                    "middle": [
                        "C"
                    ],
                    "last": "Posthuma",
                    "suffix": ""
                },
                {
                    "first": "A",
                    "middle": [
                        "E"
                    ],
                    "last": "Gorbalenya",
                    "suffix": ""
                }
            ],
            "year": 2015,
            "venue": "Virus Res",
            "volume": "202",
            "issn": "",
            "pages": "",
            "other_ids": {
                "DOI": [
                    "12-32.10.1016/j.virusres.2014.12.001"
                ]
            }
        },
        "BIBREF21": {
            "ref_id": "b21",
            "title": "Discovery of COVID-19 Inhibitors Targeting the SARS-CoV-2 Nsp13",
            "authors": [
                {
                    "first": "M",
                    "middle": [
                        "A"
                    ],
                    "last": "White",
                    "suffix": ""
                },
                {
                    "first": "W",
                    "middle": [],
                    "last": "Lin",
                    "suffix": ""
                },
                {
                    "first": "X",
                    "middle": [],
                    "last": "Cheng",
                    "suffix": ""
                }
            ],
            "year": null,
            "venue": "",
            "volume": "",
            "issn": "",
            "pages": "",
            "other_ids": {}
        },
        "BIBREF23": {
            "ref_id": "b23",
            "title": "Structural basis for the regulatory function of a complex zinc-binding domain in a replicative arterivirus helicase resembling a nonsensemediated mRNA decay helicase",
            "authors": [
                {
                    "first": "Z",
                    "middle": [],
                    "last": "Deng",
                    "suffix": ""
                },
                {
                    "first": "K",
                    "middle": [
                        "C"
                    ],
                    "last": "Lehmann",
                    "suffix": ""
                },
                {
                    "first": "X",
                    "middle": [],
                    "last": "Li",
                    "suffix": ""
                },
                {
                    "first": "C",
                    "middle": [],
                    "last": "Feng",
                    "suffix": ""
                },
                {
                    "first": "G",
                    "middle": [],
                    "last": "Wang",
                    "suffix": ""
                },
                {
                    "first": "Q",
                    "middle": [],
                    "last": "Zhang",
                    "suffix": ""
                },
                {
                    "first": "X",
                    "middle": [],
                    "last": "Qi",
                    "suffix": ""
                },
                {
                    "first": "L",
                    "middle": [],
                    "last": "Yu",
                    "suffix": ""
                },
                {
                    "first": "X",
                    "middle": [],
                    "last": "Zhang",
                    "suffix": ""
                },
                {
                    "first": "W",
                    "middle": [],
                    "last": "Feng",
                    "suffix": ""
                },
                {
                    "first": "W",
                    "middle": [],
                    "last": "Wu",
                    "suffix": ""
                },
                {
                    "first": "P",
                    "middle": [],
                    "last": "Gong",
                    "suffix": ""
                },
                {
                    "first": "Y",
                    "middle": [],
                    "last": "Tao",
                    "suffix": ""
                },
                {
                    "first": "C",
                    "middle": [
                        "C"
                    ],
                    "last": "Posthuma",
                    "suffix": ""
                },
                {
                    "first": "E",
                    "middle": [
                        "J"
                    ],
                    "last": "Snijder",
                    "suffix": ""
                },
                {
                    "first": "A",
                    "middle": [
                        "E"
                    ],
                    "last": "Gorbalenya",
                    "suffix": ""
                },
                {
                    "first": "Z",
                    "middle": [],
                    "last": "Chen",
                    "suffix": ""
                }
            ],
            "year": 2014,
            "venue": "Nucleic Acids Res",
            "volume": "42",
            "issn": "",
            "pages": "3464--3477",
            "other_ids": {
                "DOI": [
                    "10.1093/nar/gkt1310"
                ]
            }
        },
        "BIBREF24": {
            "ref_id": "b24",
            "title": "SF1 and SF2 helicases: family matters",
            "authors": [
                {
                    "first": "M",
                    "middle": [
                        "E"
                    ],
                    "last": "Fairman-Williams",
                    "suffix": ""
                },
                {
                    "first": "U",
                    "middle": [
                        "P"
                    ],
                    "last": "Guenther",
                    "suffix": ""
                },
                {
                    "first": "E",
                    "middle": [],
                    "last": "Jankowsky",
                    "suffix": ""
                }
            ],
            "year": 2010,
            "venue": "Curr Opin Struct Biol",
            "volume": "20",
            "issn": "",
            "pages": "313--324",
            "other_ids": {
                "DOI": [
                    "10.1016/j.sbi.2010.03.011"
                ]
            }
        },
        "BIBREF25": {
            "ref_id": "b25",
            "title": "Mechanism of nucleic acid unwinding by SARS-CoV helicase",
            "authors": [
                {
                    "first": "A",
                    "middle": [
                        "O"
                    ],
                    "last": "Adedeji",
                    "suffix": ""
                },
                {
                    "first": "B",
                    "middle": [],
                    "last": "Marchand",
                    "suffix": ""
                },
                {
                    "first": "A",
                    "middle": [
                        "J"
                    ],
                    "last": "Velthuis",
                    "suffix": ""
                },
                {
                    "first": "E",
                    "middle": [
                        "J"
                    ],
                    "last": "Snijder",
                    "suffix": ""
                },
                {
                    "first": "S",
                    "middle": [],
                    "last": "Weiss",
                    "suffix": ""
                },
                {
                    "first": "R",
                    "middle": [
                        "L"
                    ],
                    "last": "Eoff",
                    "suffix": ""
                },
                {
                    "first": "K",
                    "middle": [],
                    "last": "Singh",
                    "suffix": ""
                },
                {
                    "first": "S",
                    "middle": [
                        "G"
                    ],
                    "last": "Sarafianos",
                    "suffix": ""
                }
            ],
            "year": 2012,
            "venue": "PLoS One",
            "volume": "7",
            "issn": "",
            "pages": "",
            "other_ids": {}
        },
        "BIBREF26": {
            "ref_id": "b26",
            "title": "Multiple enzymatic activities associated with severe acute respiratory syndrome coronavirus helicase",
            "authors": [
                {
                    "first": "K",
                    "middle": [
                        "A"
                    ],
                    "last": "Ivanov",
                    "suffix": ""
                },
                {
                    "first": "V",
                    "middle": [],
                    "last": "Thiel",
                    "suffix": ""
                },
                {
                    "first": "J",
                    "middle": [
                        "C"
                    ],
                    "last": "Dobbe",
                    "suffix": ""
                },
                {
                    "first": "Y",
                    "middle": [],
                    "last": "Van Der Meer",
                    "suffix": ""
                },
                {
                    "first": "E",
                    "middle": [
                        "J"
                    ],
                    "last": "Snijder",
                    "suffix": ""
                },
                {
                    "first": "J",
                    "middle": [],
                    "last": "Ziebuhr",
                    "suffix": ""
                }
            ],
            "year": 2004,
            "venue": "J Virol",
            "volume": "78",
            "issn": "",
            "pages": "",
            "other_ids": {
                "DOI": [
                    "5619-5632.10.1128/JVI.78.11.5619-5632.2004"
                ]
            }
        },
        "BIBREF27": {
            "ref_id": "b27",
            "title": "Force-dependent stimulation of RNA unwinding by SARS-CoV-2 nsp13 helicase",
            "authors": [
                {
                    "first": "K",
                    "middle": [
                        "J"
                    ],
                    "last": "Mickolajczyk",
                    "suffix": ""
                },
                {
                    "first": "P",
                    "middle": [
                        "M M"
                    ],
                    "last": "Shelton",
                    "suffix": ""
                },
                {
                    "first": "M",
                    "middle": [],
                    "last": "Grasso",
                    "suffix": ""
                },
                {
                    "first": "X",
                    "middle": [],
                    "last": "Cao",
                    "suffix": ""
                },
                {
                    "first": "S",
                    "middle": [
                        "E"
                    ],
                    "last": "Warrington",
                    "suffix": ""
                },
                {
                    "first": "A",
                    "middle": [],
                    "last": "Aher",
                    "suffix": ""
                },
                {
                    "first": "S",
                    "middle": [],
                    "last": "Liu",
                    "suffix": ""
                },
                {
                    "first": "T",
                    "middle": [
                        "M"
                    ],
                    "last": "Kapoor",
                    "suffix": ""
                }
            ],
            "year": 2021,
            "venue": "Biophys J",
            "volume": "120",
            "issn": "",
            "pages": "",
            "other_ids": {
                "DOI": [
                    "1020-1030.10.1016/j.bpj.2020.11.2276"
                ]
            }
        },
        "BIBREF28": {
            "ref_id": "b28",
            "title": "Cooperative translocation enhances the unwinding of duplex DNA by SARS coronavirus helicase nsP13",
            "authors": [
                {
                    "first": "N",
                    "middle": [
                        "R"
                    ],
                    "last": "Lee",
                    "suffix": ""
                },
                {
                    "first": "H",
                    "middle": [
                        "M"
                    ],
                    "last": "Kwon",
                    "suffix": ""
                },
                {
                    "first": "K",
                    "middle": [],
                    "last": "Park",
                    "suffix": ""
                },
                {
                    "first": "S",
                    "middle": [],
                    "last": "Oh",
                    "suffix": ""
                },
                {
                    "first": "Y",
                    "middle": [
                        "J"
                    ],
                    "last": "Jeong",
                    "suffix": ""
                },
                {
                    "first": "D",
                    "middle": [
                        "E"
                    ],
                    "last": "Kim",
                    "suffix": ""
                }
            ],
            "year": 2010,
            "venue": "Nucleic Acids Res",
            "volume": "38",
            "issn": "",
            "pages": "7626--7636",
            "other_ids": {}
        },
        "BIBREF29": {
            "ref_id": "b29",
            "title": "Role of ATP in the RNA Translocation Mechanism of SARS-CoV-2 NSP13",
            "authors": [
                {
                    "first": "R",
                    "middle": [],
                    "last": "Weber",
                    "suffix": ""
                },
                {
                    "first": "M",
                    "middle": [],
                    "last": "Mccullagh",
                    "suffix": ""
                }
            ],
            "year": null,
            "venue": "",
            "volume": "",
            "issn": "",
            "pages": "",
            "other_ids": {}
        },
        "BIBREF31": {
            "ref_id": "b31",
            "title": "Delicate structural coordination of the Severe Acute Respiratory Syndrome coronavirus Nsp13 upon ATP hydrolysis",
            "authors": [
                {
                    "first": "Z",
                    "middle": [],
                    "last": "Jia",
                    "suffix": ""
                },
                {
                    "first": "L",
                    "middle": [],
                    "last": "Yan",
                    "suffix": ""
                },
                {
                    "first": "Z",
                    "middle": [],
                    "last": "Ren",
                    "suffix": ""
                },
                {
                    "first": "L",
                    "middle": [],
                    "last": "Wu",
                    "suffix": ""
                },
                {
                    "first": "J",
                    "middle": [],
                    "last": "Wang",
                    "suffix": ""
                },
                {
                    "first": "J",
                    "middle": [],
                    "last": "Guo",
                    "suffix": ""
                },
                {
                    "first": "L",
                    "middle": [],
                    "last": "Zheng",
                    "suffix": ""
                },
                {
                    "first": "Z",
                    "middle": [],
                    "last": "Ming",
                    "suffix": ""
                },
                {
                    "first": "L",
                    "middle": [],
                    "last": "Zhang",
                    "suffix": ""
                },
                {
                    "first": "Z",
                    "middle": [],
                    "last": "Lou",
                    "suffix": ""
                },
                {
                    "first": "Z",
                    "middle": [],
                    "last": "Rao",
                    "suffix": ""
                }
            ],
            "year": 2019,
            "venue": "Nucleic Acids Res",
            "volume": "47",
            "issn": "",
            "pages": "",
            "other_ids": {
                "DOI": [
                    "6538-6550.10.1093/nar/gkz409"
                ]
            }
        },
        "BIBREF32": {
            "ref_id": "b32",
            "title": "Real-time fluorescence assays to monitor duplex unwinding and ATPase activities of helicases",
            "authors": [
                {
                    "first": "A",
                    "middle": [
                        "R"
                    ],
                    "last": "Ozes",
                    "suffix": ""
                },
                {
                    "first": "K",
                    "middle": [],
                    "last": "Feoktistova",
                    "suffix": ""
                },
                {
                    "first": "B",
                    "middle": [
                        "C"
                    ],
                    "last": "Avanzino",
                    "suffix": ""
                },
                {
                    "first": "E",
                    "middle": [
                        "P"
                    ],
                    "last": "Baldwin",
                    "suffix": ""
                },
                {
                    "first": "C",
                    "middle": [
                        "S"
                    ],
                    "last": "Fraser",
                    "suffix": ""
                }
            ],
            "year": 2014,
            "venue": "Nat Protoc",
            "volume": "9",
            "issn": "",
            "pages": "",
            "other_ids": {
                "DOI": [
                    "1645-1661.10.1038/nprot.2014.112"
                ]
            }
        },
        "BIBREF33": {
            "ref_id": "b33",
            "title": "Crystal structure of Middle East respiratory syndrome coronavirus helicase",
            "authors": [
                {
                    "first": "W",
                    "middle": [],
                    "last": "Hao",
                    "suffix": ""
                },
                {
                    "first": "J",
                    "middle": [
                        "A"
                    ],
                    "last": "Wojdyla",
                    "suffix": ""
                },
                {
                    "first": "R",
                    "middle": [],
                    "last": "Zhao",
                    "suffix": ""
                },
                {
                    "first": "R",
                    "middle": [],
                    "last": "Han",
                    "suffix": ""
                },
                {
                    "first": "R",
                    "middle": [],
                    "last": "Das",
                    "suffix": ""
                },
                {
                    "first": "I",
                    "middle": [],
                    "last": "Zlatev",
                    "suffix": ""
                },
                {
                    "first": "M",
                    "middle": [],
                    "last": "Manoharan",
                    "suffix": ""
                },
                {
                    "first": "M",
                    "middle": [],
                    "last": "Wang",
                    "suffix": ""
                },
                {
                    "first": "S",
                    "middle": [],
                    "last": "Cui",
                    "suffix": ""
                }
            ],
            "year": 2017,
            "venue": "PLoS Pathog",
            "volume": "13",
            "issn": "",
            "pages": "",
            "other_ids": {}
        },
        "BIBREF34": {
            "ref_id": "b34",
            "title": "Cloning and characterization of HUPF1, a human homolog of the Saccharomyces cerevisiae nonsense mRNA-reducing UPF1 protein",
            "authors": [
                {
                    "first": "S",
                    "middle": [
                        "E"
                    ],
                    "last": "Applequist",
                    "suffix": ""
                },
                {
                    "first": "M",
                    "middle": [],
                    "last": "Selg",
                    "suffix": ""
                },
                {
                    "first": "C",
                    "middle": [],
                    "last": "Raman",
                    "suffix": ""
                },
                {
                    "first": "H",
                    "middle": [
                        "M"
                    ],
                    "last": "Jack",
                    "suffix": ""
                }
            ],
            "year": null,
            "venue": "Nucleic Acids Res",
            "volume": "25",
            "issn": "",
            "pages": "",
            "other_ids": {}
        },
        "BIBREF35": {
            "ref_id": "b35",
            "title": "Unusual bipartite mode of interaction between the nonsense-mediated decay factors, UPF1 and UPF2",
            "authors": [
                {
                    "first": "M",
                    "middle": [],
                    "last": "Clerici",
                    "suffix": ""
                },
                {
                    "first": "A",
                    "middle": [],
                    "last": "Mourao",
                    "suffix": ""
                },
                {
                    "first": "I",
                    "middle": [],
                    "last": "Gutsche",
                    "suffix": ""
                },
                {
                    "first": "N",
                    "middle": [
                        "H"
                    ],
                    "last": "Gehring",
                    "suffix": ""
                },
                {
                    "first": "M",
                    "middle": [
                        "W"
                    ],
                    "last": "Hentze",
                    "suffix": ""
                },
                {
                    "first": "A",
                    "middle": [],
                    "last": "Kulozik",
                    "suffix": ""
                },
                {
                    "first": "J",
                    "middle": [],
                    "last": "Kadlec",
                    "suffix": ""
                },
                {
                    "first": "M",
                    "middle": [],
                    "last": "Sattler",
                    "suffix": ""
                },
                {
                    "first": "S",
                    "middle": [],
                    "last": "Cusack",
                    "suffix": ""
                }
            ],
            "year": 2009,
            "venue": "EMBO J",
            "volume": "28",
            "issn": "",
            "pages": "2293--2306",
            "other_ids": {
                "DOI": [
                    "10.1038/emboj.2009.175"
                ]
            }
        },
        "BIBREF36": {
            "ref_id": "b36",
            "title": "Structure, mechanism and crystallographic fragment screening of the SARS-CoV-2 NSP13 helicase",
            "authors": [
                {
                    "first": "J",
                    "middle": [
                        "A"
                    ],
                    "last": "Newman",
                    "suffix": ""
                },
                {
                    "first": "A",
                    "middle": [],
                    "last": "Douangamath",
                    "suffix": ""
                },
                {
                    "first": "S",
                    "middle": [],
                    "last": "Yadzani",
                    "suffix": ""
                },
                {
                    "first": "Y",
                    "middle": [],
                    "last": "Yosaatmadja",
                    "suffix": ""
                },
                {
                    "first": "A",
                    "middle": [],
                    "last": "Aimon",
                    "suffix": ""
                },
                {
                    "first": "J",
                    "middle": [],
                    "last": "Brandao-Neto",
                    "suffix": ""
                },
                {
                    "first": "L",
                    "middle": [],
                    "last": "Dunnett",
                    "suffix": ""
                },
                {
                    "first": "T",
                    "middle": [],
                    "last": "Gorrie-Stone",
                    "suffix": ""
                },
                {
                    "first": "R",
                    "middle": [],
                    "last": "Skyner",
                    "suffix": ""
                },
                {
                    "first": "D",
                    "middle": [],
                    "last": "Fearon",
                    "suffix": ""
                },
                {
                    "first": "M",
                    "middle": [],
                    "last": "Schapira",
                    "suffix": ""
                },
                {
                    "first": "F",
                    "middle": [],
                    "last": "Delft",
                    "suffix": ""
                },
                {
                    "first": "O",
                    "middle": [],
                    "last": "Gileadi",
                    "suffix": ""
                }
            ],
            "year": 2021,
            "venue": "Nat Commun",
            "volume": "12",
            "issn": "",
            "pages": "",
            "other_ids": {
                "DOI": [
                    "4848.10.1038/s41467-021-25166-6"
                ]
            }
        },
        "BIBREF37": {
            "ref_id": "b37",
            "title": "Zika virus NS3 is a canonical RNA helicase stimulated by NS5 RNA polymerase",
            "authors": [
                {
                    "first": "S",
                    "middle": [],
                    "last": "Xu",
                    "suffix": ""
                },
                {
                    "first": "Y",
                    "middle": [],
                    "last": "Ci",
                    "suffix": ""
                },
                {
                    "first": "L",
                    "middle": [],
                    "last": "Wang",
                    "suffix": ""
                },
                {
                    "first": "Y",
                    "middle": [],
                    "last": "Yang",
                    "suffix": ""
                },
                {
                    "first": "L",
                    "middle": [],
                    "last": "Zhang",
                    "suffix": ""
                },
                {
                    "first": "C",
                    "middle": [],
                    "last": "Xu",
                    "suffix": ""
                },
                {
                    "first": "C",
                    "middle": [],
                    "last": "Qin",
                    "suffix": ""
                },
                {
                    "first": "L",
                    "middle": [],
                    "last": "Shi",
                    "suffix": ""
                }
            ],
            "year": 2019,
            "venue": "Nucleic Acids Res",
            "volume": "47",
            "issn": "",
            "pages": "8693--8707",
            "other_ids": {
                "DOI": [
                    "10.1093/nar/gkz650"
                ]
            }
        },
        "BIBREF38": {
            "ref_id": "b38",
            "title": "Spring-loaded mechanism of DNA unwinding by hepatitis C J o u r n a l P r e -p r o o f virus NS3 helicase",
            "authors": [
                {
                    "first": "S",
                    "middle": [],
                    "last": "Myong",
                    "suffix": ""
                },
                {
                    "first": "M",
                    "middle": [
                        "M"
                    ],
                    "last": "Bruno",
                    "suffix": ""
                },
                {
                    "first": "A",
                    "middle": [
                        "M"
                    ],
                    "last": "Pyle",
                    "suffix": ""
                },
                {
                    "first": "T",
                    "middle": [],
                    "last": "Ha",
                    "suffix": ""
                }
            ],
            "year": 2007,
            "venue": "Science",
            "volume": "317",
            "issn": "",
            "pages": "513--516",
            "other_ids": {
                "DOI": [
                    "10.1126/science.1144130"
                ]
            }
        },
        "BIBREF39": {
            "ref_id": "b39",
            "title": "A complex zinc finger controls the enzymatic activities of nidovirus helicases",
            "authors": [
                {
                    "first": "A",
                    "middle": [],
                    "last": "Seybert",
                    "suffix": ""
                },
                {
                    "first": "C",
                    "middle": [
                        "C"
                    ],
                    "last": "Posthuma",
                    "suffix": ""
                },
                {
                    "first": "L",
                    "middle": [
                        "C"
                    ],
                    "last": "Van Dinten",
                    "suffix": ""
                },
                {
                    "first": "E",
                    "middle": [
                        "J"
                    ],
                    "last": "Snijder",
                    "suffix": ""
                },
                {
                    "first": "A",
                    "middle": [
                        "E"
                    ],
                    "last": "Gorbalenya",
                    "suffix": ""
                },
                {
                    "first": "J",
                    "middle": [],
                    "last": "Ziebuhr",
                    "suffix": ""
                }
            ],
            "year": 2005,
            "venue": "J Virol",
            "volume": "79",
            "issn": "",
            "pages": "696--704",
            "other_ids": {}
        },
        "BIBREF42": {
            "ref_id": "b42",
            "title": "Structural Basis for Helicase-Polymerase Coupling in the SARS-CoV-2 Replication-Transcription Complex",
            "authors": [
                {
                    "first": "B",
                    "middle": [
                        "T"
                    ],
                    "last": "Vatandaslar",
                    "suffix": ""
                },
                {
                    "first": "T",
                    "middle": [
                        "M"
                    ],
                    "last": "Chait",
                    "suffix": ""
                },
                {
                    "first": "S",
                    "middle": [
                        "A"
                    ],
                    "last": "Kapoor",
                    "suffix": ""
                },
                {
                    "first": "E",
                    "middle": [
                        "A"
                    ],
                    "last": "Darst",
                    "suffix": ""
                },
                {
                    "first": "",
                    "middle": [],
                    "last": "Campbell",
                    "suffix": ""
                }
            ],
            "year": 2020,
            "venue": "Cell",
            "volume": "182",
            "issn": "",
            "pages": "1560--1573",
            "other_ids": {
                "DOI": [
                    "e1513.10.1016/j.cell.2020.07.033"
                ]
            }
        },
        "BIBREF44": {
            "ref_id": "b44",
            "title": "Architecture of a SARS-CoV-2 mini replication and transcription complex",
            "authors": [
                {
                    "first": "",
                    "middle": [],
                    "last": "Lou",
                    "suffix": ""
                }
            ],
            "year": null,
            "venue": "Nat Commun",
            "volume": "11",
            "issn": "",
            "pages": "",
            "other_ids": {
                "DOI": [
                    "2020)5874.10.1038/s41467-020-19770-1"
                ]
            }
        }
    },
    "ref_entries": {
        "FIGREF0": {
            "text": "domains (ZS-linker-H) resulted in a lower Tm in both the absence and presence of ATP (Fig. 4C-F), which suggested a lower stability of the ZS-linker-H mutant. The stability of the Zlinker-SH mutant was similar to that of WT NSP13 in the thermal shift assay, in agreement with the finding that its enzymatic activity was similar to that of WT NSP13. Thus, increasing the flexibility between the stalk and helicase domains also reduces the protein stability of NSP13.",
            "latex": null,
            "type": "figure"
        },
        "FIGREF1": {
            "text": "verified the crucial role of the stalk domain in the enzymatic function of SARS-CoV-2 NSP13. We showed that deletion of the stalk domain impaired the ATPase activity of NSP13 and thus affected its helicase activity. Earlier studies demonstrated that several substitutions of Cys and His in the ZBD domain interfered with human coronavirus 229E NSP13 ATPase activity[31]. Although the ZBD and stalk domains are located far from the NSP13 ATP binding site and may not be directly involved in ATP hydrolysis, they may help to maintain the structure of the nearby helicase domain and facilitate the function of the helicase domain. Additional evidence indicated that the flexibility of the connections among the ZBD, stalk and helicase domains also affects NSP13 function. Insertion of the short flexible linker between the ZBD domain and stalk domain (Z-linker-SH) seemed to barely affect either the ATPase or helicase activity of NSP13, suggesting that a more flexible linkage between the ZBD and stalk domains is permissive. However, linker insertion between the stalk domain and helicase domain (ZSlinker-H) dramatically impaired NSP13 unwinding activity in an ATPase-independent manner,",
            "latex": null,
            "type": "figure"
        },
        "FIGREF2": {
            "text": "RNA binding ability of the ZS-linker-H mutant. Moreover, insertion of the short linker led to J o u r n a l P r e -p r o o f instability of NSP13, which also accounted for the compromised enzyme activity. These results suggest a tight structural and functional association between the stalk domain and helicase domain, suggesting the important role of the stalk domain in NSP13 activity.NSP13 is conserved among beta-coronaviruses. There is only one different residue (I570 vs.V570) between NSP13 of SARS-CoV and NSP13 of SARS-CoV-2, and approximately 70% of the amino acids of NSP13 of SARS-CoV and MERS-CoV are identical[15,25]. This conservation suggests similarity in the enzymatic function of NSP13 among different coronaviruses. As an important component of replication and transcription complex (RTC),",
            "latex": null,
            "type": "figure"
        },
        "FIGREF3": {
            "text": "NSP13 possesses ATP dependent dsRNA unwinding activity. A. Recombinant SARS-CoV-2 NSP13 protein purification. SDS-PAGE analysis of the purified NSP13 protein, and the gel was stained with Coomassie Blue. B. Western blot analysis of the purified NSP13 protein with anti-Myc antibody. C&D. ATPase activity of NSP13. (C) The ATPase activities of wild type (WT) and mutant (D374A/E375A) SARS-CoV-2 NSP13, the data were calculated by the Michaelis-Menten equation. (D) The Kcat, Km and Kcat/Km values of NSP13 WT and D374A/E375A mutant. E. Schematic illustration of the FRET-based dsRNA unwinding assay. Two complementary nucleic acid strands are labeled with Cy3 and the quencher BHQ2, respectively. The fluorescence of Cy3 is quenched by BHQ2 upon annealing of the RNA. With the unwinding of RNA duplexes by NSP13 protein, the fluorescence of Cy3 increases. F. The unwinding activity of SARS-CoV-2 NSP13 in the presence or absence of ATP. G. The unwinding assay of WT and mutant (D374A/E375A) NSP13. H&I. The unwinding rate increases with the increment of NSP13 concentration (0, 10, 20 and 50 nM). (H) Real-time dsRNA unwinding kinetics. (I) Initial unwinding rate of NSP13 at different concentrations. The J o u r n a l P r e -p r o o f initial unwinding rate was calculated by the kinetics in the first 5min.J. The unwinding activity of NSP13 upon dsRNA with different length of duplexes region(20,25, 35, 50    and 60 bp).",
            "latex": null,
            "type": "figure"
        },
        "FIGREF4": {
            "text": "The stalk domain plays a critical role in dsRNA unwinding by NSP13. A. Schematic illustration of WT NSP13 and \u0394stalk mutant. B. Western blot analysis of the purified WT and \u0394stalk mutant NSP13 proteins with anti-Myc antibody. C&D. Deletion of stalk domain abolished ATPase activity of SARS-CoV-2 NSP13. (C) ATPase activities of WT NSP13 and \u0394stalk mutant. (D) The Kcat, Km and Kcat/Km values of NSP13 WT and \u0394stalk mutant. E&F. Deletion of stalk domain disrupted dsRNA unwinding ability of NSP13. (E) The unwinding activity of WT NSP13 and \u0394stalk mutant. (F) The initial unwinding rate of WT NSP13 and \u0394stalk mutant. The initial unwinding rate was calculated by the kinetics in the first 5min. The significance was analyzed by t-test, ***p<0.001.",
            "latex": null,
            "type": "figure"
        },
        "FIGREF5": {
            "text": "The rigid connection between stalk and helicase is essential to helicase activity but not ATPase activity. A&B. Overall structures of (A) Upf1 (PDB ID: 2wjy) and (B) SARS-CoV-2 NSP13 (PDB ID:6zsl) which were colored by different domains. The stalk domain was colored in magenta. C. Superimposition of NSP13 stalk domains from SARS-CoV-2 (magenta) and MERS-CoV (blue, PDB ID:5wwp). D. Schematic illustration of WT NSP13 and linker insertion mutants (Z-linker-SH and ZS-linker-H). E. Western blot analysis of the purified WT NSP13 and linker insertion mutants with anti-Myc antibody. F&G. Linker insertion did not affect ATPase activity of NSP13. (F) ATPase activity analysis of WT NSP13 and linker insertion mutants. (G) The Kcat, Km and Kcat/Km values of WT NSP13 and linker insertion",
            "latex": null,
            "type": "figure"
        },
        "FIGREF6": {
            "text": "Linker insertion between stalk and helicase domains affects the RNA binding and the stability of NSP13. A. RNA pull down assay to examine RNA binding of WT SARS-CoV-2 NSP13, and linker insertion mutants. B. Quantification of RNA binding ability of NSP13. The amount of WT NSP13 binding to RNA was set as 100%. The significance was analyzed by t-test, ***p<0.001. C-F. Linker insertion between stalk and helicase domains affected the thermal stability of NSP13 in the absence or presence of ATP. (C&D) Thermal stability analysis of WT NSP13 and linker insertion mutants in the absence of ATP. (C) Fluorescence intensity of WT NSP13 and linker insertion mutants in the absence of ATP. (D) Melting curves of WT NSP13 and linker insertion mutants in the absence of ATP. In the absence of ATP, the melting temperature of WT NSP13, Z-linker-SH and ZS-linker-H were 35.33\u00b0C, 34.97\u00b0C and 31.61\u00b0C, respectively. Compared with NSP13 WT, the melting temperature of Z-linker-SH showed a slight shift (-0.36\u00b0C), while that of ZS-linker-H significantly decreased (-3.72\u00b0C). (E&F) Thermal stability analysis of WT NSP13 and linker insertion mutants in the presence of ATP. (E) Fluorescence intensity of WT NSP13 and linker insertion mutants in the presence of ATP. (F) Melting curves of WT NSP13 and linker insertion mutants in the presence of ATP. In the presence of ATP, the melting temperature of WT NSP13, Z-linker-SH",
            "latex": null,
            "type": "figure"
        },
        "TABREF0": {
            "text": "EDTA) at 30\u00b0C for 25min. Equal amount of SEC buffer was used as control. The ATP hydrolysis reaction was terminated by adding 200\u03bcl Stop Reagent. After incubation for another",
            "latex": null,
            "type": "table"
        },
        "TABREF1": {
            "text": "beads for 2h at 4\u00b0C. Remove the unbound ssRNA and wash the beads with unwinding buffer for three times. Then incubate beads with 500nM proteins in unwinding buffer at 4\u00b0C for 1h.",
            "latex": null,
            "type": "table"
        }
    },
    "back_matter": [
        {
            "text": "We thank the funding from National Key ",
            "cite_spans": [],
            "ref_spans": [],
            "section": "Acknowledgements"
        }
    ]
}