{
    "paper_id": "0020d1a1ecdb388ae4256beb78bcbb3194ad4192",
    "metadata": {
        "title": "",
        "authors": []
    },
    "abstract": [],
    "body_text": [
        {
            "text": "There has been a dramatic increase in the cases as well as mortality related to the coronavirus disease 2019 also known as COVID-19 ever since being first reported [1] . The cause of this current global crisis is a special strain of the coronavirus family. Primarily affecting the lung parenchyma, however, its manifestations on the human body are protean and not completely known. Rare cases of its correlation with pulmonary embolism (PE), presumed to be due to a virus-related inflammatory and prothrombotic state have been reported [2] . We describe a case of a patient with COVID-19 infection who developed acute PE that was diagnosed with multiorgan ultrasonography (MOU). The utility of MOU in limiting exposure to COVID-19 in healthcare settings as well as guiding the management of acute PE in these patients is discussed.",
            "cite_spans": [
                {
                    "start": 164,
                    "end": 167,
                    "text": "[1]",
                    "ref_id": "BIBREF0"
                },
                {
                    "start": 536,
                    "end": 539,
                    "text": "[2]",
                    "ref_id": "BIBREF1"
                }
            ],
            "ref_spans": [],
            "section": "Introduction"
        },
        {
            "text": "A 74-year-old Caucasian male presented to the ED with worsening shortness of breath and elevated blood pressure. On presentation, he was markedly tachypneic and in severe respiratory distress. Vital signs include an elevated blood pressure of 165/114 mmHg, a pulse of 122 beats per minute, a temperature of 99.1\u00b0F and a respiratory rate of 28/minute. On physical 1 2 3 4, 5 6 examination, the patient was in acute distress, diaphoretic, and using accessory muscles of respiration. Lung auscultation revealed diffuse rales. Regular rate and rhythm with no accessory heart sounds were appreciated on precordial auscultation. The patient was put on a non-rebreather mask with mild improvement in the respiratory status and subsequently intubated and transferred to the intensive care unit on mechanical ventilation.",
            "cite_spans": [
                {
                    "start": 363,
                    "end": 364,
                    "text": "1",
                    "ref_id": "BIBREF0"
                },
                {
                    "start": 372,
                    "end": 375,
                    "text": "5 6",
                    "ref_id": null
                }
            ],
            "ref_spans": [],
            "section": "Case Presentation"
        },
        {
            "text": "The patient's medical history was significant for obstructive sleep apnea with noncompliance to positive airway pressure therapy due to discomfort. He had grade 1 left ventricular diastolic dysfunction on an echocardiogram 8 months ago with normal biventricular size and function. He took a trip to Florida with his wife and noticed body aches, constant non-productive cough, headaches, fatigue, and fevers with a temperature of 101\u00b0F since his return 10 days prior. He reported sick contact at his vacation, which prompted him to get checked for viral pathogens and get a chest x-ray. The patient was diagnosed with COVID-19 8 days prior to presentation and was followed by the Cleveland Clinic's distance health service with daily phone encounters while he was in isolation at home. His chest x-ray had shown left perihilar opacity and he was provided with doxycycline.",
            "cite_spans": [],
            "ref_spans": [],
            "section": "Case Presentation"
        },
        {
            "text": "The differential diagnosis included viral pneumonia, bacterial pneumonia, PE, and COVID-19 acute respiratory distress syndrome (ARDS).",
            "cite_spans": [],
            "ref_spans": [],
            "section": "Case Presentation"
        },
        {
            "text": "Laboratory work revealed hemoglobin of 17.3 g/dL, white blood cell count of 16,400/uL, elevated liver enzymes with ALT 336 U/L and AST 309U/L. C-reactive protein was elevated to 11.9 mg/dL, D-dimer elevated to 4,300 ng/mL, IL-6 was elevated to 52 pg/mL and ferritin was elevated to 5440 ng/mL. Electrocardiogram (EKG) was insignificant for any acute abnormality, troponin T was elevated to 0.0770 ng/mL and proBNP was elevated to 1312 pg/mL. Arterial blood gas analysis revealed acute hypoxemic respiratory failure with a P: F of 220 on 80% fractional inspired oxygen (FiO2). Chest x-ray revealed bilateral hazy opacities. The patient was kept in airborne precautions. Blood and urine cultures were drawn. The tracheal aspirate was sent for bacterial pneumonia workup. A point of care lower extremity ultrasound revealed left femoral deep venous thrombosis ( Figure 1 ).",
            "cite_spans": [],
            "ref_spans": [
                {
                    "start": 859,
                    "end": 867,
                    "text": "Figure 1",
                    "ref_id": null
                }
            ],
            "section": "Case Presentation"
        },
        {
            "text": "In the transverse view, the great saphenous vein (GSV), common femoral vein (CFV) and the common femoral artery (CFA) create a recognizable image referred to as the \"Mickey Mouse' Sign\": GSV = ear; CFV = face; CFA = ear",
            "cite_spans": [],
            "ref_spans": [],
            "section": "FIGURE 1: Point of care ultrasonography of the left lower extremity at the level of inguinal ligament in transverse view showing a clot in the common femoral vein and great saphenous vein"
        },
        {
            "text": "Low tidal volume lung-protective ventilation was maintained with a high positive endexpiratory pressure (PEEP) and a low fraction of inspired oxygen (FiO2) strategy. The patient was initiated on hydroxychloroquine and azithromycin based on anecdotal data. The patient was a candidate for tocilizumab therapy but was avoided in the setting of abnormal liver function. His P: F ratio suddenly started to decrease along with the elevation of troponin T and pro-BNP. Suspicion of myocarditis, as well as a PE, were high on the differential. As multimodality imaging was limited due to strict precautions to prevent spread, transthoracic echocardiography was performed revealing a normal left ventricular size and systolic function but with a moderately dilated right ventricle with impaired right ventricular (RV) systolic function, severe hypokinesis of basal and mid RV walls and septum with normal contractility of distal RV wall and apex (Video 1). The patient was started on a heparin infusion. The patient's acute inflammatory markers trended down with medical therapy and his ARDS improved. Troponin T also returned to baseline after 48 hours.",
            "cite_spans": [],
            "ref_spans": [],
            "section": "FIGURE 1: Point of care ultrasonography of the left lower extremity at the level of inguinal ligament in transverse view showing a clot in the common femoral vein and great saphenous vein"
        },
        {
            "text": "Hospital course was complicated by the development of ventilator-associated pneumonia and after being on the ventilator for 14 days. the patient was successfully extubated. The patient is currently recovering on the medical floor.",
            "cite_spans": [],
            "ref_spans": [],
            "section": "VIDEO 1: Transthoracic echocardiography in"
        },
        {
            "text": "The pandemic caused by the novel strain of coronavirus, SARS-CoV-2, is one of the major challenges that the entire world is currently facing due to limited treatment options. After the first cases of SARS-CoV-2-related disease also known as COVID-19 were detected in Wuhan, China, the spread throughout the world has been extremely dramatic [3] . On January 30, 2020, the World Health Organization (WHO) declared the disease caused by the novel coronavirus (COVID-19) a public health emergency of international concern (PHEIC), later officially upgrading it as a global pandemic.",
            "cite_spans": [
                {
                    "start": 341,
                    "end": 344,
                    "text": "[3]",
                    "ref_id": "BIBREF2"
                }
            ],
            "ref_spans": [],
            "section": "Discussion"
        },
        {
            "text": "The clinical presentations are protean. In 88% of cases, fever is the most common presentation, followed by cough (68%), vomiting (5%), and diarrhea (3.8%). ARDS, multi-organ failure including acute kidney injury, disseminated intravascular coagulation are some of the dreaded complications in 15% of these patients often being the cause of death [4] . The presence of strict airborne isolation limits the utilization of computed tomography angiogram scans in these patients. There has been a wide institutional variation based on the number of suspected and diagnosed cases of COVID-19 as well as CT-scan machines available in a given hospital. In addition to this, the presence of acute renal injury or contrast allergy can also preclude the use of this gold standard modality in diagnosing PE in these patients [5] . Patients with COVID-19 have increased risk of venous thromboembolism and disseminated intravascular coagulation has been well described in studies from China and Italy.",
            "cite_spans": [
                {
                    "start": 347,
                    "end": 350,
                    "text": "[4]",
                    "ref_id": "BIBREF3"
                },
                {
                    "start": 814,
                    "end": 817,
                    "text": "[5]",
                    "ref_id": "BIBREF4"
                }
            ],
            "ref_spans": [],
            "section": "Discussion"
        },
        {
            "text": "For patients with intermediate probability of PE based on Well's criteria, negative D-dimer testing can rule out a PE. COVID-19, however, being an inflammatory state can cause an elevation of D-dimer; hence most of these low-risk patients may end up needing a CTA for PE evaluation. For these patients, as well as for patients with high Well's score, we describe the MOU technique as a good alternative to diagnosing PE in individuals with COVID-19 ARDS [6] . This can limit the exposure in healthcare settings to this extremely contagious disease. It is also a reasonable alternative for patients with contraindication to contrast use. An isolated echocardiogram or ultrasound of lower extremities may not achieve the same degree of sensitivity, but when combined they are 88% sensitive and 90% specific when compared to a CT angiogram [7] .",
            "cite_spans": [
                {
                    "start": 454,
                    "end": 457,
                    "text": "[6]",
                    "ref_id": "BIBREF5"
                },
                {
                    "start": 837,
                    "end": 840,
                    "text": "[7]",
                    "ref_id": "BIBREF6"
                }
            ],
            "ref_spans": [],
            "section": "Discussion"
        },
        {
            "text": "Our patient who was initially diagnosed with COVID-19 and was being followed remotely under quarantine suddenly developed worsening shortness of breath and presented to the hospital. The underlying etiology of his worsening respiratory status was a likely sudden exacerbation of his viral illness and also contributed by acute PE. The patient underwent an MOU of the bilateral lower extremities as well as an echocardiogram. This not only helps in diagnosing deep venous thrombosis as the cause of his acute PE but also helped to quantify the severity using risk calculators. BOVA score, which predicts the PE-related complications in acutely sick patients, was high in our patient (BOVA score of 5). This suggests a high risk (42 %) of 30-day death from PE-related complications like hemodynamic collapse and recurrent PE [8] .",
            "cite_spans": [
                {
                    "start": 823,
                    "end": 826,
                    "text": "[8]",
                    "ref_id": "BIBREF7"
                }
            ],
            "ref_spans": [],
            "section": "Discussion"
        },
        {
            "text": "Traditionally, echocardiography is neither sensitive nor specific for the diagnosis of PE. However, in patients with COVID-19, it remains an essential tool to look for signs of PE. It is an easy and quick method and useful to predict mortality in critically ill patients. Moderate or severe RV hypokinesis, persistent pulmonary hypertension, a patent foramen ovale, and freefloating right-heart thrombus are echocardiographic markers that identify patients at risk for death or recurrent thromboembolism. McConnell's sign with a free-floating RV clot in our patient suggested a massive PE [9] . Fortunately, our patient's hemodynamics including blood pressure stayed stable. He was carefully monitored in the intensive care unit with plans for further management including thrombolysis or thrombectomy in case he developed signs of hemodynamic instability [10, 11] . With therapeutic heparin along with ventilator support for COVID-19, the patient gradually improved and his inflammatory markers trended down and was ultimately extubated. Heparin was transitioned to direct oral anticoagulant (DOAC) rivaroxaban.",
            "cite_spans": [
                {
                    "start": 589,
                    "end": 592,
                    "text": "[9]",
                    "ref_id": "BIBREF8"
                },
                {
                    "start": 856,
                    "end": 860,
                    "text": "[10,",
                    "ref_id": "BIBREF9"
                },
                {
                    "start": 861,
                    "end": 864,
                    "text": "11]",
                    "ref_id": "BIBREF10"
                }
            ],
            "ref_spans": [],
            "section": "Discussion"
        },
        {
            "text": "Amidst the current COVID-19 crisis, minimizing exposure in all settings including healthcare is the cornerstone of disease mitigation. We describe a case of acute PE in a known case of COVID-19 infection. The correlation of viral infection and PE remains unclear due to the paucity of current literature. An MOU can help in diagnosing the source and severity of PE and help us decide appropriate management. It is important that healthcare workers are able to understand venous thromboembolism as an important differential diagnosis in patients with COVID-19, particularly in critically ill patients. We also focus on the ability to utilize MOU as a good alternative to gold standard CTA in diagnosing PE, in order to minimize exposure in healthcare settings, to conserve essential resources in resource-limited hospitals, and in patients in whom contrast use is prohibitive.",
            "cite_spans": [],
            "ref_spans": [],
            "section": "Conclusions"
        },
        {
            "text": "Human subjects: Consent was obtained by all participants in this study.",
            "cite_spans": [],
            "ref_spans": [],
            "section": "Additional Information Disclosures"
        },
        {
            "text": "In compliance with the ICMJE uniform disclosure form, all authors declare the following: Payment/services info: All authors have declared that no financial support was received from any organization for the submitted work. Financial relationships: All authors have declared that they have no financial relationships at present or within the previous three years with any organizations that might have an interest in the submitted work. Other relationships: All authors have declared that there are no other relationships or activities that could appear to have influenced the submitted work.",
            "cite_spans": [],
            "ref_spans": [],
            "section": "Conflicts of interest:"
        }
    ],
    "bib_entries": {
        "BIBREF0": {
            "ref_id": "b0",
            "title": "The epidemiology and pathogenesis of coronavirus disease (COVID-19) outbreak",
            "authors": [
                {
                    "first": "H",
                    "middle": [
                        "A"
                    ],
                    "last": "Rothan",
                    "suffix": ""
                },
                {
                    "first": "S",
                    "middle": [
                        "N"
                    ],
                    "last": "Byrareddy",
                    "suffix": ""
                }
            ],
            "year": null,
            "venue": "J Autoimmun",
            "volume": "2020",
            "issn": "",
            "pages": "",
            "other_ids": {
                "DOI": [
                    "10.1016/j.jaut.2020.102433"
                ]
            }
        },
        "BIBREF1": {
            "ref_id": "b1",
            "title": "Clinical and CT features in pediatric patients with COVID-19 infection: different points from adults",
            "authors": [
                {
                    "first": "W",
                    "middle": [],
                    "last": "Xia",
                    "suffix": ""
                },
                {
                    "first": "J",
                    "middle": [],
                    "last": "Shao",
                    "suffix": ""
                },
                {
                    "first": "Y",
                    "middle": [],
                    "last": "Guo",
                    "suffix": ""
                },
                {
                    "first": "X",
                    "middle": [],
                    "last": "Peng",
                    "suffix": ""
                },
                {
                    "first": "Z",
                    "middle": [],
                    "last": "Li",
                    "suffix": ""
                },
                {
                    "first": "D",
                    "middle": [],
                    "last": "Hu",
                    "suffix": ""
                }
            ],
            "year": null,
            "venue": "Pediatr Pulmonol",
            "volume": "2020",
            "issn": "",
            "pages": "1169--1174",
            "other_ids": {
                "DOI": [
                    "10.1002/ppul.24718"
                ]
            }
        },
        "BIBREF2": {
            "ref_id": "b2",
            "title": "COVID-19 infection epidemic: the medical management strategies in Heilongjiang Province",
            "authors": [
                {
                    "first": "H",
                    "middle": [],
                    "last": "Wang",
                    "suffix": ""
                },
                {
                    "first": "S",
                    "middle": [],
                    "last": "Wang",
                    "suffix": ""
                },
                {
                    "first": "K",
                    "middle": [],
                    "last": "Yu",
                    "suffix": ""
                }
            ],
            "year": null,
            "venue": "China. Crit Care",
            "volume": "2020",
            "issn": "",
            "pages": "",
            "other_ids": {
                "DOI": [
                    "10.1186/s13054-020-2832-8"
                ]
            }
        },
        "BIBREF3": {
            "ref_id": "b3",
            "title": "Analysis of deaths during the severe acute respiratory syndrome (SARS) epidemic in Singapore: challenges in determining a SARS diagnosis",
            "authors": [
                {
                    "first": "P",
                    "middle": [
                        "Y"
                    ],
                    "last": "Chong",
                    "suffix": ""
                },
                {
                    "first": "P",
                    "middle": [],
                    "last": "Chui",
                    "suffix": ""
                },
                {
                    "first": "A",
                    "middle": [
                        "E"
                    ],
                    "last": "Ling",
                    "suffix": ""
                }
            ],
            "year": 2004,
            "venue": "Arch Pathol Lab Med",
            "volume": "128",
            "issn": "",
            "pages": "195--204",
            "other_ids": {}
        },
        "BIBREF4": {
            "ref_id": "b4",
            "title": "Characteristics, causes, diagnosis and treatment of coagulation dysfunction in patients with COVID-19. Zhonghua xue ye xue za zhi",
            "authors": [
                {
                    "first": "H",
                    "middle": [],
                    "last": "Mei",
                    "suffix": ""
                },
                {
                    "first": "Y",
                    "middle": [],
                    "last": "Hu",
                    "suffix": ""
                }
            ],
            "year": 2020,
            "venue": "",
            "volume": "",
            "issn": "",
            "pages": "",
            "other_ids": {
                "DOI": [
                    "10.3760/cma.j.issn.0253-2727.2020.0002"
                ]
            }
        },
        "BIBREF5": {
            "ref_id": "b5",
            "title": "Coronavirus (COVID-19) outbreak: what the Department of Radiology should know",
            "authors": [
                {
                    "first": "S",
                    "middle": [],
                    "last": "Kooraki",
                    "suffix": ""
                },
                {
                    "first": "M",
                    "middle": [],
                    "last": "Hosseiny",
                    "suffix": ""
                },
                {
                    "first": "L",
                    "middle": [],
                    "last": "Myers",
                    "suffix": ""
                },
                {
                    "first": "A",
                    "middle": [],
                    "last": "Gholamrezanezhad",
                    "suffix": ""
                }
            ],
            "year": 2020,
            "venue": "J Am Coll Radiol",
            "volume": "17",
            "issn": "",
            "pages": "447--451",
            "other_ids": {
                "DOI": [
                    "10.1016/j.jacr.2020.02.008"
                ]
            }
        },
        "BIBREF6": {
            "ref_id": "b6",
            "title": "Radiological findings from 81 patients with COVID-19 pneumonia in Wuhan, China: a descriptive study",
            "authors": [
                {
                    "first": "H",
                    "middle": [],
                    "last": "Shi",
                    "suffix": ""
                },
                {
                    "first": "X",
                    "middle": [],
                    "last": "Han",
                    "suffix": ""
                },
                {
                    "first": "N",
                    "middle": [],
                    "last": "Jiang",
                    "suffix": ""
                }
            ],
            "year": null,
            "venue": "Lancet Infect Dis",
            "volume": "2020",
            "issn": "",
            "pages": "425--434",
            "other_ids": {
                "DOI": [
                    "10.1016/S1473-3099(20)30086-4"
                ]
            }
        },
        "BIBREF7": {
            "ref_id": "b7",
            "title": "Accuracy of point-of-care multiorgan ultrasonography for the diagnosis of pulmonary embolism",
            "authors": [
                {
                    "first": "P",
                    "middle": [],
                    "last": "Nazerian",
                    "suffix": ""
                },
                {
                    "first": "S",
                    "middle": [],
                    "last": "Vanni",
                    "suffix": ""
                },
                {
                    "first": "G",
                    "middle": [],
                    "last": "Volpicelli",
                    "suffix": ""
                }
            ],
            "year": 2014,
            "venue": "Chest",
            "volume": "145",
            "issn": "",
            "pages": "950--957",
            "other_ids": {
                "DOI": [
                    "10.1378/chest.13-1087"
                ]
            }
        },
        "BIBREF8": {
            "ref_id": "b8",
            "title": "Acute pulmonary embolism: a concise review of diagnosis and management",
            "authors": [
                {
                    "first": "M",
                    "middle": [],
                    "last": "Hepburn-Brown",
                    "suffix": ""
                },
                {
                    "first": "J",
                    "middle": [],
                    "last": "Darvall",
                    "suffix": ""
                },
                {
                    "first": "G",
                    "middle": [],
                    "last": "Hammerschlag",
                    "suffix": ""
                }
            ],
            "year": 2019,
            "venue": "Intern Med J",
            "volume": "49",
            "issn": "",
            "pages": "15--27",
            "other_ids": {
                "DOI": [
                    "10.1111/imj.14145"
                ]
            }
        },
        "BIBREF9": {
            "ref_id": "b9",
            "title": "A prospective validation of the Bova score in normotensive patients with acute pulmonary embolism",
            "authors": [
                {
                    "first": "C",
                    "middle": [],
                    "last": "Bova",
                    "suffix": ""
                },
                {
                    "first": "S",
                    "middle": [],
                    "last": "Vanni",
                    "suffix": ""
                },
                {
                    "first": "P",
                    "middle": [],
                    "last": "Prandoni",
                    "suffix": ""
                }
            ],
            "year": 2018,
            "venue": "Thromb Res",
            "volume": "165",
            "issn": "",
            "pages": "107--111",
            "other_ids": {
                "DOI": [
                    "10.1016/j.thromres.2018.04.002"
                ]
            }
        },
        "BIBREF10": {
            "ref_id": "b10",
            "title": "COVID-19 pneumonia with hemoptysis: acute segmental pulmonary emboli associated with novel coronavirus infection",
            "authors": [
                {
                    "first": "K",
                    "middle": [],
                    "last": "Casey",
                    "suffix": ""
                },
                {
                    "first": "A",
                    "middle": [],
                    "last": "Iteen",
                    "suffix": ""
                },
                {
                    "first": "R",
                    "middle": [],
                    "last": "Nicolini",
                    "suffix": ""
                },
                {
                    "first": "J",
                    "middle": [],
                    "last": "Auten",
                    "suffix": ""
                }
            ],
            "year": null,
            "venue": "",
            "volume": "",
            "issn": "",
            "pages": "",
            "other_ids": {
                "DOI": [
                    "10.1016/j.ajem.2020.04.011"
                ]
            }
        }
    },
    "ref_entries": {
        "FIGREF0": {
            "text": "the apical fourchamber view showing impaired right ventricular (RV) systolic function, severe hypokinesis of basal and mid RV walls and septum with normal contractility of distal RV wall and apex View video here: https://www.youtube.com/watch?v=FKs1IU35gwM The pattern of RV wall motion was consistent with acute RV strain and a positive McConnell's sign (Video 2).VIDEO 2: Acute right ventricular strain and positive McConnell's sign in apical two-chamber view View video here: https://www.youtube.com/watch?v=YV_z4fkbkhU",
            "latex": null,
            "type": "figure"
        }
    },
    "back_matter": []
}