{
    "paper_id": "0025fd87cfaf7953079b618771218b8de6893928",
    "metadata": {
        "title": "Editorial: Targeting Lipid Rafts as a Strategy Against Infection and Cancer",
        "authors": [
            {
                "first": "Vladimir",
                "middle": [],
                "last": "Lupashin",
                "suffix": "",
                "affiliation": {},
                "email": ""
            },
            {
                "first": "Rutilio",
                "middle": [
                    "A"
                ],
                "last": "Fratti",
                "suffix": "",
                "affiliation": {},
                "email": ""
            },
            {
                "first": "Giulio",
                "middle": [],
                "last": "Preta",
                "suffix": "",
                "affiliation": {
                    "laboratory": "",
                    "institution": "Vilnius University",
                    "location": {
                        "settlement": "Vilnius",
                        "country": "Lithuania"
                    }
                },
                "email": "giulio.preta@bchi.vu.lt"
            },
            {
                "first": "Tina",
                "middle": [],
                "last": "Garofalo",
                "suffix": "",
                "affiliation": {
                    "laboratory": "",
                    "institution": "Sapienza\" University",
                    "location": {
                        "settlement": "Rome",
                        "country": "Italy"
                    }
                },
                "email": ""
            },
            {
                "first": "Roberta",
                "middle": [],
                "last": "Misasi",
                "suffix": "",
                "affiliation": {
                    "laboratory": "",
                    "institution": "Sapienza\" University",
                    "location": {
                        "settlement": "Rome",
                        "country": "Italy"
                    }
                },
                "email": ""
            }
        ]
    },
    "abstract": [],
    "body_text": [
        {
            "text": "The concept of specialized \"membrane microdomains\" (MM), often referred as lipid rafts, has extensively influenced the molecular biology of plasma membrane over the last decades. These cholesterol/sphingolipid-rich domains, play an essential role in the regulation of cellular processes including intracellular signaling, cell death, and redox homeostasis (Simons and Toomre, 2000; Mollinedo and Gajate, 2015) . The involvement of MM in the pathogenesis of several conditions has been elucidated over the last years, leading to the development of innovative pharmacological approaches, specifically targeting their components, including both lipids and proteins. The specific interactions between the various classes of molecules give lipid rafts some peculiar properties, both physical and biochemical. Indeed, the physicochemical basis of raft hypothesis was derived by several studies on model membranes, where mixture of lipids, resembling the composition of the outer plasma membrane, segregates in liquid ordered and disordered domains with distinct characteristics (Brown and London, 1998; Simons and Vaz, 2004) . The effects of different drugs on membrane properties were unveiled using artificial membranes, putting the basis for new therapeutic strategies based on modification of membrane biophysical properties (Peetla et al., 2009; Knobloch et al., 2015) . Statins are the ideal example of how this innovative approach connects with the classical strategy based on membrane cholesterol depletion. Statins, a well-known class of cholesterol lowering agents, possess several pleiotropic effects (i.e., cholesterol-independent), including the ability to influence the organization of artificial and biological membranes (Wang et al., 2008; Redondo-Morata et al., 2016; Galiullina et al., 2019; Penkauskas et al., 2020) . For this reason, they are increasingly used to enhance delivery and efficiency of chemotherapeutic drugs (Pinzon-Daza et al., 2012; Di Bello et al., 2020) . In his minireview, Preta summarizes cancer therapeutic strategies based on altering membrane cholesterol/sphingolipid content as well on changing cancer membrane bilayer properties, as fluidity or thickness, with the final aim to increase sensitivity to cytotoxic drugs and defeat multidrug resistance. Vona et al. review provides an update on cholesterol-targeting strategies based on inhibition of its synthesis, modulation of its uptake and intracellular transport and on the possibility of therapeutic intervention in the treatment and/or prevention of certain types of cancer.",
            "cite_spans": [
                {
                    "start": 356,
                    "end": 381,
                    "text": "(Simons and Toomre, 2000;",
                    "ref_id": "BIBREF13"
                },
                {
                    "start": 382,
                    "end": 409,
                    "text": "Mollinedo and Gajate, 2015)",
                    "ref_id": "BIBREF8"
                },
                {
                    "start": 1072,
                    "end": 1096,
                    "text": "(Brown and London, 1998;",
                    "ref_id": "BIBREF1"
                },
                {
                    "start": 1097,
                    "end": 1118,
                    "text": "Simons and Vaz, 2004)",
                    "ref_id": "BIBREF14"
                },
                {
                    "start": 1323,
                    "end": 1344,
                    "text": "(Peetla et al., 2009;",
                    "ref_id": "BIBREF9"
                },
                {
                    "start": 1345,
                    "end": 1367,
                    "text": "Knobloch et al., 2015)",
                    "ref_id": "BIBREF5"
                },
                {
                    "start": 1730,
                    "end": 1749,
                    "text": "(Wang et al., 2008;",
                    "ref_id": "BIBREF16"
                },
                {
                    "start": 1750,
                    "end": 1778,
                    "text": "Redondo-Morata et al., 2016;",
                    "ref_id": "BIBREF12"
                },
                {
                    "start": 1779,
                    "end": 1803,
                    "text": "Galiullina et al., 2019;",
                    "ref_id": "BIBREF4"
                },
                {
                    "start": 1804,
                    "end": 1828,
                    "text": "Penkauskas et al., 2020)",
                    "ref_id": "BIBREF10"
                },
                {
                    "start": 1936,
                    "end": 1962,
                    "text": "(Pinzon-Daza et al., 2012;",
                    "ref_id": "BIBREF11"
                },
                {
                    "start": 1963,
                    "end": 1985,
                    "text": "Di Bello et al., 2020)",
                    "ref_id": "BIBREF2"
                }
            ],
            "ref_spans": [],
            "section": "Targeting Lipid Rafts as a Strategy Against Infection and Cancer"
        },
        {
            "text": "However, the exclusive properties of lipid rafts and their vital importance for the dynamics of a cell, make them susceptible to pathogens hijacking. Indeed, many steps of pathogen interaction with host cells rely on host lipid rafts and in several cases this interaction lead to microdomains modifications. During bacterial infections, many toxins interact with membrane rafts. Yeh et al. report the ability of Campylobacter jejuni cytolethal distending toxin (CDT) in reducing the effect of two other lipid rafts-binding cytotoxins, vacuolating cytotoxin A (VacA), and cytotoxin-associated gene A (CagA) involved in H. pylori disease progression. The authors demonstrate that CDT is capable to hijack cholesterol, competing with the other two toxins and drastically mitigating H. pylori pathogenesis. Mergani et al. outline the modifications of lipid rafts-dependent sorting of sucrose isomaltase during Staphylococcus aureus infection, elucidating the molecular mechanisms associated with the bacterial alterations of intestinal functions. Sucrose isomaltase is the major intestinal \u03b1glucosidase responsible for catalyzing the hydrolysis of dietary carbohydrates and its deficiency/malfunction is often associated with gastro-intestinal symptoms.",
            "cite_spans": [],
            "ref_spans": [],
            "section": "Targeting Lipid Rafts as a Strategy Against Infection and Cancer"
        },
        {
            "text": "In their review Sorice et al. describe how lipid rafts provides a multimolecular platform to segregate the angiotensin-converting enzyme (ACE-2) receptor, the main receptor of SARS-CoV-2. If we take into consideration the probable hypothesis that the fundamental contact for the entry of the virus into the host cell occurs at the level of these MM, lipid raftstargeting drugs, alone or in combination with other compounds may play an antiviral role (Fecchi et al., 2020) . Statins (by inhibition of cholesterol synthesis) or cyclodextrins (by depletion of membrane cholesterol), affecting cholesterol levels and disrupting lipid rafts, could effectively inhibit coronavirus adhesion and binding, preventing the progression of the virus (Baglivo et al., 2020) . Indeed, according to recent observational studies, statins were effective in reducing the severity or mortality of COVID-19 (Kow and Hasan, 2020; Zhang et al., 2020) . In the same way, cyclodextrins have been extensively used to increase stability, solubility and bioavailability of many drugs. From this point of view, one of the most interesting hypothesis is the one formulated in a recent letter which reports the mechanism of cyclodextrin-soluble angiotensin -converting enzyme 2 (CD-sACE2) inclusion compounds in the treatment of SARS-CoV-2 infections (Sun et al., 2020) .",
            "cite_spans": [
                {
                    "start": 450,
                    "end": 471,
                    "text": "(Fecchi et al., 2020)",
                    "ref_id": "BIBREF3"
                },
                {
                    "start": 737,
                    "end": 759,
                    "text": "(Baglivo et al., 2020)",
                    "ref_id": "BIBREF0"
                },
                {
                    "start": 886,
                    "end": 907,
                    "text": "(Kow and Hasan, 2020;",
                    "ref_id": "BIBREF6"
                },
                {
                    "start": 908,
                    "end": 927,
                    "text": "Zhang et al., 2020)",
                    "ref_id": "BIBREF17"
                },
                {
                    "start": 1320,
                    "end": 1338,
                    "text": "(Sun et al., 2020)",
                    "ref_id": "BIBREF15"
                }
            ],
            "ref_spans": [],
            "section": "Targeting Lipid Rafts as a Strategy Against Infection and Cancer"
        },
        {
            "text": "In conclusion the progress made in the last years in understanding the biological significance of lipid rafts is indisputable, however few gray areas remain to be further investigated including the interplay between lipids and membrane proteins in regulating membrane organization and how targeting these rafts proteins could provide new therapeutic strategies. Continuous advancement in microscopic techniques could largely contribute to this emerging investigational field and potentially allow a direct observation of membrane domains interactions in vivo (Levental et al., 2020) . We hope that all the information reported in this Research Topic will be useful to researchers in this exciting field, and will push further studies aimed to test new effective membrane-lipid targeting agents. We want to acknowledge the great work of the authors, co-authors, and reviewers, and to thanks the support constantly received from Frontiers Team members.",
            "cite_spans": [
                {
                    "start": 559,
                    "end": 582,
                    "text": "(Levental et al., 2020)",
                    "ref_id": "BIBREF7"
                }
            ],
            "ref_spans": [],
            "section": "Targeting Lipid Rafts as a Strategy Against Infection and Cancer"
        },
        {
            "text": "TG, RM, and GP wrote and corrected the manuscript. All authors contributed to the article and approved the submitted version. a reduced risk of mortality among individuals with COVID-19. Cell Metab. 32, 176-187 e174. doi: 10.1016 /j.cmet.2020 Conflict of Interest: The authors declare that the research was conducted in the absence of any commercial or financial relationships that could be construed as a potential conflict of interest.",
            "cite_spans": [
                {
                    "start": 177,
                    "end": 229,
                    "text": "COVID-19. Cell Metab. 32, 176-187 e174. doi: 10.1016",
                    "ref_id": null
                },
                {
                    "start": 230,
                    "end": 242,
                    "text": "/j.cmet.2020",
                    "ref_id": null
                }
            ],
            "ref_spans": [],
            "section": "AUTHOR CONTRIBUTIONS"
        },
        {
            "text": "Publisher's Note: All claims expressed in this article are solely those of the authors and do not necessarily represent those of their affiliated organizations, or those of the publisher, the editors and the reviewers. Any product that may be evaluated in this article, or claim that may be made by its manufacturer, is not guaranteed or endorsed by the publisher.",
            "cite_spans": [],
            "ref_spans": [],
            "section": "AUTHOR CONTRIBUTIONS"
        },
        {
            "text": "Copyright \u00a9 2021 Garofalo, Misasi and Preta. This is an open-access article distributed under the terms of the Creative Commons Attribution License (CC BY). The use, distribution or reproduction in other forums is permitted, provided the original author(s) and the copyright owner(s) are credited and that the original publication in this journal is cited, in accordance with accepted academic practice. No use, distribution or reproduction is permitted which does not comply with these terms.",
            "cite_spans": [],
            "ref_spans": [],
            "section": "AUTHOR CONTRIBUTIONS"
        }
    ],
    "bib_entries": {
        "BIBREF0": {
            "ref_id": "b0",
            "title": "Natural small molecules as inhibitors of coronavirus lipiddependent attachment to host cells: a possible strategy for reducing SARS-COV-2 infectivity?",
            "authors": [
                {
                    "first": "M",
                    "middle": [],
                    "last": "Baglivo",
                    "suffix": ""
                },
                {
                    "first": "M",
                    "middle": [],
                    "last": "Baronio",
                    "suffix": ""
                },
                {
                    "first": "G",
                    "middle": [],
                    "last": "Natalini",
                    "suffix": ""
                },
                {
                    "first": "T",
                    "middle": [],
                    "last": "Beccari",
                    "suffix": ""
                },
                {
                    "first": "P",
                    "middle": [],
                    "last": "Chiurazzi",
                    "suffix": ""
                },
                {
                    "first": "E",
                    "middle": [],
                    "last": "Fulcheri",
                    "suffix": ""
                }
            ],
            "year": 2020,
            "venue": "Acta Biomed",
            "volume": "91",
            "issn": "",
            "pages": "161--164",
            "other_ids": {
                "DOI": [
                    "10.23750/abm.v91i1.9402"
                ]
            }
        },
        "BIBREF1": {
            "ref_id": "b1",
            "title": "Structure and origin of ordered lipid domains in biological membranes",
            "authors": [
                {
                    "first": "D",
                    "middle": [
                        "A"
                    ],
                    "last": "Brown",
                    "suffix": ""
                },
                {
                    "first": "E",
                    "middle": [],
                    "last": "London",
                    "suffix": ""
                }
            ],
            "year": 1998,
            "venue": "J. Membr. Biol",
            "volume": "164",
            "issn": "",
            "pages": "103--114",
            "other_ids": {
                "DOI": [
                    "10.1007/s002329900397"
                ]
            }
        },
        "BIBREF2": {
            "ref_id": "b2",
            "title": "The innovative potential of statins in cancer: new targets for new therapies",
            "authors": [
                {
                    "first": "Di",
                    "middle": [],
                    "last": "Bello",
                    "suffix": ""
                },
                {
                    "first": "E",
                    "middle": [],
                    "last": "Zwergel",
                    "suffix": ""
                },
                {
                    "first": "C",
                    "middle": [],
                    "last": "Mai",
                    "suffix": ""
                },
                {
                    "first": "A",
                    "middle": [],
                    "last": "Valente",
                    "suffix": ""
                },
                {
                    "first": "S",
                    "middle": [],
                    "last": "",
                    "suffix": ""
                }
            ],
            "year": 2020,
            "venue": "Front. Chem",
            "volume": "8",
            "issn": "",
            "pages": "",
            "other_ids": {
                "DOI": [
                    "10.3389/fchem.2020.00516"
                ]
            }
        },
        "BIBREF3": {
            "ref_id": "b3",
            "title": "coronavirus interplay with lipid rafts and autophagy unveils promising therapeutic targets",
            "authors": [
                {
                    "first": "K",
                    "middle": [],
                    "last": "Fecchi",
                    "suffix": ""
                },
                {
                    "first": "S",
                    "middle": [],
                    "last": "Anticoli",
                    "suffix": ""
                },
                {
                    "first": "D",
                    "middle": [],
                    "last": "Peruzzu",
                    "suffix": ""
                },
                {
                    "first": "E",
                    "middle": [],
                    "last": "Iessi",
                    "suffix": ""
                },
                {
                    "first": "M",
                    "middle": [
                        "C"
                    ],
                    "last": "Gagliardi",
                    "suffix": ""
                },
                {
                    "first": "P",
                    "middle": [],
                    "last": "Matarrese",
                    "suffix": ""
                }
            ],
            "year": 2020,
            "venue": "Front. Microbiol",
            "volume": "11",
            "issn": "",
            "pages": "",
            "other_ids": {
                "DOI": [
                    "10.3389/fmicb.2020.01821"
                ]
            }
        },
        "BIBREF4": {
            "ref_id": "b4",
            "title": "Interaction of statins with phospholipid bilayers studied by solidstate NMR spectroscopy",
            "authors": [
                {
                    "first": "L",
                    "middle": [
                        "F"
                    ],
                    "last": "Galiullina",
                    "suffix": ""
                },
                {
                    "first": "H",
                    "middle": [
                        "A"
                    ],
                    "last": "Scheidt",
                    "suffix": ""
                },
                {
                    "first": "D",
                    "middle": [],
                    "last": "Huster",
                    "suffix": ""
                },
                {
                    "first": "A",
                    "middle": [],
                    "last": "Aganov",
                    "suffix": ""
                },
                {
                    "first": "V",
                    "middle": [],
                    "last": "Klochkov",
                    "suffix": ""
                }
            ],
            "year": 2019,
            "venue": "Biochim. Biophys. Acta Biomembr",
            "volume": "1861",
            "issn": "",
            "pages": "584--593",
            "other_ids": {
                "DOI": [
                    "10.1016/j.bbamem.2018.12.013"
                ]
            }
        },
        "BIBREF5": {
            "ref_id": "b5",
            "title": "Membrane-drug interactions studied using model membrane systems",
            "authors": [
                {
                    "first": "J",
                    "middle": [],
                    "last": "Knobloch",
                    "suffix": ""
                },
                {
                    "first": "D",
                    "middle": [
                        "K"
                    ],
                    "last": "Suhendro",
                    "suffix": ""
                },
                {
                    "first": "J",
                    "middle": [
                        "L"
                    ],
                    "last": "Zieleniecki",
                    "suffix": ""
                },
                {
                    "first": "J",
                    "middle": [
                        "G"
                    ],
                    "last": "Shapter",
                    "suffix": ""
                },
                {
                    "first": "I",
                    "middle": [],
                    "last": "Koper",
                    "suffix": ""
                }
            ],
            "year": 2015,
            "venue": "Saudi J. Biol. Sci",
            "volume": "22",
            "issn": "",
            "pages": "714--718",
            "other_ids": {
                "DOI": [
                    "10.1016/j.sjbs.2015.03.007"
                ]
            }
        },
        "BIBREF6": {
            "ref_id": "b6",
            "title": "Meta-analysis of Effect of Statins in Patients with COVID-19",
            "authors": [
                {
                    "first": "C",
                    "middle": [
                        "S"
                    ],
                    "last": "Kow",
                    "suffix": ""
                },
                {
                    "first": "S",
                    "middle": [
                        "S"
                    ],
                    "last": "Hasan",
                    "suffix": ""
                }
            ],
            "year": 2020,
            "venue": "Am. J. Cardiol",
            "volume": "134",
            "issn": "",
            "pages": "153--155",
            "other_ids": {
                "DOI": [
                    "10.1016/j.amjcard.2020.08.004"
                ]
            }
        },
        "BIBREF7": {
            "ref_id": "b7",
            "title": "Lipid rafts: controversies resolved, mysteries remain",
            "authors": [
                {
                    "first": "I",
                    "middle": [],
                    "last": "Levental",
                    "suffix": ""
                },
                {
                    "first": "K",
                    "middle": [
                        "R"
                    ],
                    "last": "Levental",
                    "suffix": ""
                },
                {
                    "first": "F",
                    "middle": [
                        "A"
                    ],
                    "last": "Heberle",
                    "suffix": ""
                }
            ],
            "year": 2020,
            "venue": "Trends Cell Biol",
            "volume": "30",
            "issn": "",
            "pages": "341--353",
            "other_ids": {
                "DOI": [
                    "10.1016/j.tcb.2020.01.009"
                ]
            }
        },
        "BIBREF8": {
            "ref_id": "b8",
            "title": "Lipid rafts as major platforms for signaling regulation in cancer",
            "authors": [
                {
                    "first": "F",
                    "middle": [],
                    "last": "Mollinedo",
                    "suffix": ""
                },
                {
                    "first": "C",
                    "middle": [],
                    "last": "Gajate",
                    "suffix": ""
                }
            ],
            "year": 2015,
            "venue": "Adv. Biol. Regul",
            "volume": "57",
            "issn": "",
            "pages": "130--146",
            "other_ids": {
                "DOI": [
                    "10.1016/j.jbior.2014.10.003"
                ]
            }
        },
        "BIBREF9": {
            "ref_id": "b9",
            "title": "Biophysical interactions with model lipid membranes: applications in drug discovery and drug delivery",
            "authors": [
                {
                    "first": "C",
                    "middle": [],
                    "last": "Peetla",
                    "suffix": ""
                },
                {
                    "first": "A",
                    "middle": [],
                    "last": "Stine",
                    "suffix": ""
                },
                {
                    "first": "V",
                    "middle": [],
                    "last": "Labhasetwar",
                    "suffix": ""
                }
            ],
            "year": 2009,
            "venue": "Mol. Pharm",
            "volume": "6",
            "issn": "",
            "pages": "1264--1276",
            "other_ids": {
                "DOI": [
                    "10.1021/mp9000662"
                ]
            }
        },
        "BIBREF10": {
            "ref_id": "b10",
            "title": "Pleiotropic effects of statins via interaction with the lipid bilayer: a combined approach",
            "authors": [
                {
                    "first": "T",
                    "middle": [],
                    "last": "Penkauskas",
                    "suffix": ""
                },
                {
                    "first": "A",
                    "middle": [],
                    "last": "Zentelyte",
                    "suffix": ""
                },
                {
                    "first": "S",
                    "middle": [],
                    "last": "Ganpule",
                    "suffix": ""
                },
                {
                    "first": "G",
                    "middle": [],
                    "last": "Valincius",
                    "suffix": ""
                },
                {
                    "first": "G",
                    "middle": [],
                    "last": "Preta",
                    "suffix": ""
                }
            ],
            "year": 2020,
            "venue": "Biochim. Biophys. Acta Biomembr",
            "volume": "1862",
            "issn": "",
            "pages": "",
            "other_ids": {
                "DOI": [
                    "10.1016/j.bbamem.2020.183306"
                ]
            }
        },
        "BIBREF11": {
            "ref_id": "b11",
            "title": "The association of statins plus LDL receptor-targeted liposome-encapsulated doxorubicin increases in vitro drug delivery across blood-brain barrier cells",
            "authors": [
                {
                    "first": "M",
                    "middle": [],
                    "last": "Pinzon-Daza",
                    "suffix": ""
                },
                {
                    "first": "R",
                    "middle": [],
                    "last": "Garzon",
                    "suffix": ""
                },
                {
                    "first": "P",
                    "middle": [],
                    "last": "Couraud",
                    "suffix": ""
                },
                {
                    "first": "I",
                    "middle": [],
                    "last": "Romero",
                    "suffix": ""
                },
                {
                    "first": "B",
                    "middle": [],
                    "last": "Weksler",
                    "suffix": ""
                },
                {
                    "first": "D",
                    "middle": [],
                    "last": "Ghigo",
                    "suffix": ""
                }
            ],
            "year": 2012,
            "venue": "Br. J. Pharmacol",
            "volume": "167",
            "issn": "",
            "pages": "1431--1447",
            "other_ids": {
                "DOI": [
                    "10.1111/j.1476-5381.2012.02103.x"
                ]
            }
        },
        "BIBREF12": {
            "ref_id": "b12",
            "title": "Effect of statins on the nanomechanical properties of supported lipid bilayers",
            "authors": [
                {
                    "first": "L",
                    "middle": [],
                    "last": "Redondo-Morata",
                    "suffix": ""
                },
                {
                    "first": "R",
                    "middle": [],
                    "last": "Lea Sanford",
                    "suffix": ""
                },
                {
                    "first": "O",
                    "middle": [
                        "S"
                    ],
                    "last": "Andersen",
                    "suffix": ""
                },
                {
                    "first": "S",
                    "middle": [],
                    "last": "Scheuring",
                    "suffix": ""
                }
            ],
            "year": 2016,
            "venue": "Biophys. J",
            "volume": "111",
            "issn": "",
            "pages": "363--372",
            "other_ids": {
                "DOI": [
                    "10.1016/j.bpj.2016.06.016"
                ]
            }
        },
        "BIBREF13": {
            "ref_id": "b13",
            "title": "Lipid rafts and signal transduction",
            "authors": [
                {
                    "first": "K",
                    "middle": [],
                    "last": "Simons",
                    "suffix": ""
                },
                {
                    "first": "D",
                    "middle": [],
                    "last": "Toomre",
                    "suffix": ""
                }
            ],
            "year": 2000,
            "venue": "Nat. Rev. Mol. Cell Biol",
            "volume": "1",
            "issn": "",
            "pages": "31--39",
            "other_ids": {
                "DOI": [
                    "10.1038/35036052"
                ]
            }
        },
        "BIBREF14": {
            "ref_id": "b14",
            "title": "Model systems, lipid rafts, cell membranes",
            "authors": [
                {
                    "first": "K",
                    "middle": [],
                    "last": "Simons",
                    "suffix": ""
                },
                {
                    "first": "W",
                    "middle": [
                        "L"
                    ],
                    "last": "Vaz",
                    "suffix": ""
                }
            ],
            "year": 2004,
            "venue": "Annu. Rev. Biophys. Biomol. Struct",
            "volume": "33",
            "issn": "",
            "pages": "269--295",
            "other_ids": {
                "DOI": [
                    "10.1146/annurev.biophys.32.110601.141803"
                ]
            }
        },
        "BIBREF15": {
            "ref_id": "b15",
            "title": "CD-sACE2 inclusion compounds: an effective treatment for coronavirus disease 2019 (COVID-19)",
            "authors": [
                {
                    "first": "P",
                    "middle": [],
                    "last": "Sun",
                    "suffix": ""
                },
                {
                    "first": "X",
                    "middle": [],
                    "last": "Lu",
                    "suffix": ""
                },
                {
                    "first": "C",
                    "middle": [],
                    "last": "Xu",
                    "suffix": ""
                },
                {
                    "first": "Y",
                    "middle": [],
                    "last": "Wang",
                    "suffix": ""
                },
                {
                    "first": "W",
                    "middle": [],
                    "last": "Sun",
                    "suffix": ""
                },
                {
                    "first": "J",
                    "middle": [],
                    "last": "Xi",
                    "suffix": ""
                }
            ],
            "year": 2020,
            "venue": "J. Med. Virol",
            "volume": "92",
            "issn": "",
            "pages": "1721--1723",
            "other_ids": {
                "DOI": [
                    "10.1002/jmv.25804"
                ]
            }
        },
        "BIBREF16": {
            "ref_id": "b16",
            "title": "Pleiotropic effects of statin therapy: molecular mechanisms and clinical results",
            "authors": [
                {
                    "first": "C",
                    "middle": [
                        "Y"
                    ],
                    "last": "Wang",
                    "suffix": ""
                },
                {
                    "first": "P",
                    "middle": [
                        "Y"
                    ],
                    "last": "Liu",
                    "suffix": ""
                },
                {
                    "first": "J",
                    "middle": [
                        "K"
                    ],
                    "last": "Liao",
                    "suffix": ""
                }
            ],
            "year": 2008,
            "venue": "Trends Mol. Med",
            "volume": "14",
            "issn": "",
            "pages": "37--44",
            "other_ids": {
                "DOI": [
                    "10.1016/j.molmed.2007.11.004"
                ]
            }
        },
        "BIBREF17": {
            "ref_id": "b17",
            "title": "-hospital use of statins is associated with",
            "authors": [
                {
                    "first": "X",
                    "middle": [
                        "J"
                    ],
                    "last": "Zhang",
                    "suffix": ""
                },
                {
                    "first": "J",
                    "middle": [
                        "J"
                    ],
                    "last": "Qin",
                    "suffix": ""
                },
                {
                    "first": "X",
                    "middle": [],
                    "last": "Cheng",
                    "suffix": ""
                },
                {
                    "first": "L",
                    "middle": [],
                    "last": "Shen",
                    "suffix": ""
                },
                {
                    "first": "Y",
                    "middle": [
                        "C"
                    ],
                    "last": "Zhao",
                    "suffix": ""
                },
                {
                    "first": "Y",
                    "middle": [],
                    "last": "Yuan",
                    "suffix": ""
                }
            ],
            "year": 2020,
            "venue": "",
            "volume": "",
            "issn": "",
            "pages": "",
            "other_ids": {}
        }
    },
    "ref_entries": {},
    "back_matter": []
}