{
    "paper_id": "002991230cf255a1134b89b1932ae0d8127cb15c",
    "metadata": {
        "title": "How Iranian people perceived the COVID-19 crisis? Explored findings from a qualitative study: current concerns, ethics and global solidarity",
        "authors": [
            {
                "first": "Saeed",
                "middle": [],
                "last": "Shahabi",
                "suffix": "",
                "affiliation": {
                    "laboratory": "",
                    "institution": "Shiraz University of Medical Sciences",
                    "location": {
                        "settlement": "Shiraz",
                        "region": "Fars",
                        "country": "Iran"
                    }
                },
                "email": ""
            },
            {
                "first": "Mariano",
                "middle": [],
                "last": "Martini",
                "suffix": "",
                "affiliation": {
                    "laboratory": "",
                    "institution": "University of Genoa",
                    "location": {
                        "settlement": "Genoa",
                        "country": "Italy"
                    }
                },
                "email": ""
            },
            {
                "first": "Masoud",
                "middle": [],
                "last": "Behzadifar",
                "suffix": "",
                "affiliation": {
                    "laboratory": "",
                    "institution": "Lorestan University of Medical Sciences",
                    "location": {
                        "settlement": "Khorramabad",
                        "country": "Iran"
                    }
                },
                "email": ""
            },
            {
                "first": "Ahmad",
                "middle": [
                    "Kalateh"
                ],
                "last": "Sadati",
                "suffix": "",
                "affiliation": {
                    "laboratory": "",
                    "institution": "Yazd University",
                    "location": {
                        "settlement": "Yazd",
                        "country": "Iran"
                    }
                },
                "email": ""
            },
            {
                "first": "Leila",
                "middle": [],
                "last": "Zarei",
                "suffix": "",
                "affiliation": {
                    "laboratory": "",
                    "institution": "Shiraz University of Medical Sciences",
                    "location": {
                        "settlement": "Shiraz",
                        "region": "Fars",
                        "country": "Iran"
                    }
                },
                "email": ""
            },
            {
                "first": "Masoome",
                "middle": [],
                "last": "Noroozi",
                "suffix": "",
                "affiliation": {
                    "laboratory": "",
                    "institution": "Yazd University",
                    "location": {
                        "settlement": "Yazd",
                        "country": "Iran"
                    }
                },
                "email": ""
            },
            {
                "first": "Reza",
                "middle": [],
                "last": "Tabrizi",
                "suffix": "",
                "affiliation": {
                    "laboratory": "",
                    "institution": "Shiraz University of Medical Sciences",
                    "location": {
                        "settlement": "Shiraz",
                        "region": "Fars",
                        "country": "Iran"
                    }
                },
                "email": ""
            },
            {
                "first": "Seyed",
                "middle": [],
                "last": "Taghi Heydari",
                "suffix": "",
                "affiliation": {
                    "laboratory": "",
                    "institution": "Shiraz University of Medical Sciences",
                    "location": {
                        "settlement": "Shiraz",
                        "region": "Fars",
                        "country": "Iran"
                    }
                },
                "email": ""
            },
            {
                "first": "Kamran",
                "middle": [
                    "Bagheri"
                ],
                "last": "Lankarani",
                "suffix": "",
                "affiliation": {
                    "laboratory": "",
                    "institution": "Shiraz University of Medical Sciences",
                    "location": {
                        "settlement": "Shiraz",
                        "region": "Fars",
                        "country": "Iran"
                    }
                },
                "email": ""
            }
        ]
    },
    "abstract": [
        {
            "text": "Methods. This qualitative study was conducted in Iran from February to March 2020 via an online open-ended questionnaire. The participants were also selected using convenience and snowball sampling methods. As well, the data collection process continued until data saturation was achieved. Thematic content analysis was utilized to analysis the transcribed texts. Results. The statements retrieved also represented the most challenging psychological stress experienced by the participants. Four themes were accordingly recognized based on the content analysis including stressful conditions, health concerns, social and political concerns, and economic concerns. Throughout the study, a major proportion of the participants commented that psychologi-cal disorders such as fear, anxiety, stress, and ennui were their main challenges regarding this pandemic. Furthermore, lack of social responsibility, worries about high-risk and susceptible groups, decreased economic power of the public, financial hardships for low-income groups, shortage of healthcare facilities, and adverse effects of disinfectants were expressed as the main concerns.",
            "cite_spans": [],
            "ref_spans": [],
            "section": "Abstract"
        },
        {
            "text": "-19 pandemic to reduce their current concerns. The study findings provided a favorable ground to develop and adopt the required policies in Iran and other countries. It was concluded that creating local, national, and global solidarity in such outbreaks is an inevitable necessity. This is an open access article distributed in accordance with the CC-BY-NC-ND (Creative Commons Attribution-NonCommercial-NoDerivatives 4.0 International) license. The article can be used by giving appropriate credit and mentioning the license, but only for non-commercial purposes and only in the original version. For further information: https://creativecommons.org/licenses/by-nc-nd/4.0/deed.en",
            "cite_spans": [],
            "ref_spans": [],
            "section": "Abstract"
        }
    ],
    "body_text": [
        {
            "text": "On February 20, the first COVID-19 cases were reported in Iran, and then the virus spread rapidly throughout the country, so that over 2.3 million positive cases and approximately 69000 deaths have been reported in this region until April 23, 2021 [1] . Several policies and strategies have been correspondingly adopted to prevent and control the spread of COVID-19 by the government such as social distancing, business closure, restricting domestic and international flights, etc. [2, 3] . Although these measures have had considerable impacts on reducing the incidence rate of COVID-19, a number of problems have arisen [4] . Indeed, job losses and financial concerns have been usually among the first knock-on effects of pandemics [5] . In addition, due to the sharp increase in positive cases, both public servants and medical staff have been subjected to psychological disorders including depression and anxiety [6, 7] . As reported, the negative economic effects of COVID-19 have been significant [8] . For instance, over 6 million people have registered for unemployment insurance in the United States since one month ago [9] . Additionally, the United Nations (UN) has demonstrated the catastrophic impacts of this pandemic on economies of developing countries [8] . Specifically, based on the related literature, nearly 65% of economic activities have been reduced in manufacturing and service sectors in Iran following COVID-19 outbreak [10] . Fall in oil prices is on other challenge for Iran's economy, which will cause a severe government budget deficit [1] . Behind these economic shocks, a major proportion of population has confronted with the deaths of family and friends as well as physical consequences of this pandemic [11] . On the other hand, social lockdown and self-isolation can lead to the occurrence of high-risk behaviors such as alcohol abuse or even increasing incidents of domestic and family violence [12] . Following COVID-19 pandemic, people have faced many concerns, especially Iranian population with a large number of previous socioeconomic and cultural problems [1, 13] . Therefore, comprehensive identification of these concerns can provide a favorable ground in order to develop and adopt effective policies and strategies, interventions, and guideline documents to fight COVID-19 and to alleviate its adverse effects.",
            "cite_spans": [
                {
                    "start": 248,
                    "end": 251,
                    "text": "[1]",
                    "ref_id": "BIBREF0"
                },
                {
                    "start": 482,
                    "end": 485,
                    "text": "[2,",
                    "ref_id": "BIBREF1"
                },
                {
                    "start": 486,
                    "end": 488,
                    "text": "3]",
                    "ref_id": "BIBREF2"
                },
                {
                    "start": 622,
                    "end": 625,
                    "text": "[4]",
                    "ref_id": "BIBREF3"
                },
                {
                    "start": 734,
                    "end": 737,
                    "text": "[5]",
                    "ref_id": "BIBREF4"
                },
                {
                    "start": 917,
                    "end": 920,
                    "text": "[6,",
                    "ref_id": "BIBREF5"
                },
                {
                    "start": 921,
                    "end": 923,
                    "text": "7]",
                    "ref_id": "BIBREF6"
                },
                {
                    "start": 1003,
                    "end": 1006,
                    "text": "[8]",
                    "ref_id": "BIBREF7"
                },
                {
                    "start": 1129,
                    "end": 1132,
                    "text": "[9]",
                    "ref_id": "BIBREF8"
                },
                {
                    "start": 1269,
                    "end": 1272,
                    "text": "[8]",
                    "ref_id": "BIBREF7"
                },
                {
                    "start": 1447,
                    "end": 1451,
                    "text": "[10]",
                    "ref_id": "BIBREF9"
                },
                {
                    "start": 1567,
                    "end": 1570,
                    "text": "[1]",
                    "ref_id": "BIBREF0"
                },
                {
                    "start": 1739,
                    "end": 1743,
                    "text": "[11]",
                    "ref_id": "BIBREF10"
                },
                {
                    "start": 1933,
                    "end": 1937,
                    "text": "[12]",
                    "ref_id": "BIBREF11"
                },
                {
                    "start": 2100,
                    "end": 2103,
                    "text": "[1,",
                    "ref_id": "BIBREF0"
                },
                {
                    "start": 2104,
                    "end": 2107,
                    "text": "13]",
                    "ref_id": "BIBREF12"
                }
            ],
            "ref_spans": [],
            "section": "Introduction"
        },
        {
            "text": "For this purpose, this nation-wide project was conducted to investigate common concerns regarding COVID-19 outbreak in Iran.",
            "cite_spans": [],
            "ref_spans": [],
            "section": "Introduction"
        },
        {
            "text": "The present study was part of a larger survey project conducted at Health Policy Research Center (HPRC), Institute of Health, Shiraz University of Medical Sciences (SUMS), Iran, conducted from February to March 2020. The protocol of this project had been previously confirmed by the Institutional Review Board (IRB) of SUMS.",
            "cite_spans": [],
            "ref_spans": [],
            "section": "Methods"
        },
        {
            "text": "The participants were selected using convenience and snowball sampling methods at a national level. To this end, the research team strived to select individuals representing maximum variation in terms of age, gender, employment status, marital status, level of education, and geographic location. As well, the data collection process continued until data saturation was achieved. Although there was no valid evidence, 150 responses with duplicate data were considered to confirm the saturation. Prior to sending the open-ended online questionnaire, a written consent form and an invitation letter including information about research objectives and related ethical principles, were given to the participants via WhatsApp and Telegram as the top social messaging applications used in Iran. Furthermore, additional information was provided by the research team to these individuals if requested.",
            "cite_spans": [],
            "ref_spans": [],
            "section": "Participants"
        },
        {
            "text": "An online questionnaire including open-ended items was utilized to investigate common concerns among Iranian people regarding COVID-19 pandemic. In this questionnaire, the participants were asked to express and write their concerns and experiences. Based on the provided feedback from initial responses, the format of the items was modified for further clarity. After receiving responses, the transcribed texts were simultaneously organized and saved by the first author (a male PhD Health Policy) in the Microsoft Office software to facilitate the analysis process.",
            "cite_spans": [],
            "ref_spans": [],
            "section": "Data collection"
        },
        {
            "text": "The collected data were analyzed using thematic content analysis. Inductive approach was further considered to grasp latent and obvious content. The approach developed by Braun and Clarke consisting of six steps including: (1) familiarizing with collected data, (2) establishing initial codes, (3) identifying primary themes, (4) evaluating emerged themes, (5) labeling identified themes, and (6) reporting results, was used to analysis the collected data [14] .",
            "cite_spans": [
                {
                    "start": 456,
                    "end": 460,
                    "text": "[14]",
                    "ref_id": "BIBREF13"
                }
            ],
            "ref_spans": [],
            "section": "Data analysis"
        },
        {
            "text": "There are a series of techniques to upgrade rigor and trustworthiness of qualitative studies. Credibility (i.e., credible interpretation of data), confirmability (that is, truthfulness of findings), transferability (namely, degree of applications of findings in other contexts), dependability (viz. repeatability and soundness of findings), and authenticity (meaning, faithfulness of authors in describing realities) are thus determined as the main criteria of trustworthiness [15] . According to the approach proposed by Guba and Lincoln, several techniques can be utilized to ensure the suggested criteria including member checking by co-authors (confirmability), considering a large sample size (transferability), peer debriefing and data triangulation (credibility), participation of four authors in data analysis process (dependability), and use of citations from various participants (authenticity) [16] . For this reason, the analysis process was performed in parallel with data collection in this study. Four authors were also involved in this process, reading and re-reading the transcribed texts independently. Then, meaning units were recognized as the initial codes. The established codes were subsequently monitored by two authors, and similar codes were reduced to sub-themes. Finally, the potential relationships among the emerged sub-themes were assessed, and the final themes were established. Discussions and consensus strategies were also used to solve any disagreements among authors during the analysis process. The analysis was performed manually, and if required, the MAXQDA 11 software package (VERBI GmbH Berlin, Germany) was employed. To diminish the potential risk of bias in this qualitative study, critical reflectivity was implemented as one of the various methods suggested for this purpose. To ensure this strategy, authors with different backgrounds and scientific experiences were participated in data analysis process. The standards for reporting qualitative research (SRQR) [17] and the consolidated criteria for reporting qualitative studies (COREQ) [18] were additionally considered to confirm all parts of this qualitative study.",
            "cite_spans": [
                {
                    "start": 477,
                    "end": 481,
                    "text": "[15]",
                    "ref_id": "BIBREF14"
                },
                {
                    "start": 905,
                    "end": 909,
                    "text": "[16]",
                    "ref_id": "BIBREF15"
                },
                {
                    "start": 2010,
                    "end": 2014,
                    "text": "[17]",
                    "ref_id": "BIBREF16"
                },
                {
                    "start": 2087,
                    "end": 2091,
                    "text": "[18]",
                    "ref_id": "BIBREF17"
                }
            ],
            "ref_spans": [],
            "section": "Rigor and trustworthiness"
        },
        {
            "text": "The Ethics Review Committee of the SUMS (IR.SUMS. REC.1399.090) approved the study and all individuals gave informed consent form.",
            "cite_spans": [],
            "ref_spans": [],
            "section": "Ethical approval"
        },
        {
            "text": "In total, 2,547 individuals agreed to participate and completed the questionnaire (Tab. I). Figure 1 summarizes the recruiting process. The data analysis in this study showed that all the participants were living with chronic stress and anxiety during COVID-19 pandemic. The responses implied a form of individual and social uncertainty about COVID-19. There was also social anxiety and fear because of this pandemic. Concerns about disease transmission, as well as worries about social and economic affairs, were the most pronounced ones by the participants. Four themes were ultimately recognized through the content analysis including stressful conditions, health concerns, social and political concerns, and economic concerns. Each theme also had sub-themes containing a number of assigned codes (Tab. II). In what follows, detailed findings accompanied by quotes from the participants' responses translated from Persian have been presented.",
            "cite_spans": [],
            "ref_spans": [
                {
                    "start": 92,
                    "end": 100,
                    "text": "Figure 1",
                    "ref_id": null
                }
            ],
            "section": "Results"
        },
        {
            "text": "The retrieved statements revealed stressful conditions filled with fear and social anxiety. In this respect, a major part of the participants commented that psychological disorders such as fear, anxiety, stress, and ennui were their main challenges regarding COVID-19 pandemic. Indeed, they believed that a significant degree of worry, fear, and concern especially among certain groups such as disabled people, older adults, healthcare providers, and patients with underlying health conditions had emerged as the virus was rapidly spreading across the country. For example, some participants stated that: \"I think, these days, a very bad atmosphere has been created. We always feel stressed-out about everything\" [0024] . \"My wife is exceedingly sensitive and disinfects everything and everywhere so much that, I think, she is hurting her respiratory system\" [0146] . Fear of an uncertain future was another sub-theme comprised of several codes such as disruptions in personal programs. Some participants also claimed that this pandemic has interrupted their predefined appointments and plans. Furthermore, uncertainty about the future of their jobs and employment status was expressed by most of the participants. Some individuals, especially students, additionally aired their concerns regarding the future of their academic education. For instance, one of the participants asserted that: \"As a Master's student, I am very confused. Virtual training does not really exist. The due time for starting university courses has not been announced yet. So, we have to wait and kill time!\"[0291].",
            "cite_spans": [
                {
                    "start": 713,
                    "end": 719,
                    "text": "[0024]",
                    "ref_id": null
                },
                {
                    "start": 859,
                    "end": 865,
                    "text": "[0146]",
                    "ref_id": null
                }
            ],
            "ref_spans": [],
            "section": "Stressful Conditions"
        },
        {
            "text": "Health and hygiene issues were explained by a majority of the participants. Mysterious and unknown virus, lack of healthcare facilities, and adverse effects of disinfectants were thus identified as the main subthemes in this category. The participants also reiterated that the virus had caused stress since it was unknown. Furthermore, the rapid spread of the virus had been considered as a potential factor inducing such worries. As a whole, uncertainty about routes of virus transmission, unknowing carriers, long incubation period of the disease, and lack of the same symptoms in patients were among other concerns. In this line, some participants added that: ",
            "cite_spans": [],
            "ref_spans": [],
            "section": "Health concerns"
        },
        {
            "text": "In this category, a number of challenges and concerns were expressed throughout the present study. The participants suggested lack of social responsibility as one of the main concerns. No understanding of the seriousness of this crisis, non-compliance with quarantine, gathering in stores, travels, and inattention to warnings were among the considerable results. \"Many people do not take the disease seriously, especially at its onset. When you go out, you can see many people there\" [0035] .",
            "cite_spans": [
                {
                    "start": 485,
                    "end": 491,
                    "text": "[0035]",
                    "ref_id": null
                }
            ],
            "ref_spans": [],
            "section": "Social and Political Concerns"
        },
        {
            "text": "The participants mentioned the negative impacts of COVID-19 pandemic in the short and long term. In this respect, some participants said that: \"After this pandemic, quarantine policies have disrupted many of my career plans. Someone like me who has bank debts has to work to make money. If I do not work, I will be in the red.\" [0065] .",
            "cite_spans": [
                {
                    "start": 328,
                    "end": 334,
                    "text": "[0065]",
                    "ref_id": null
                }
            ],
            "ref_spans": [],
            "section": "Economic Concerns"
        },
        {
            "text": "Most of the participants believed that the adopted policies in Iran such as social distancing had significant financial hardships for low-income groups. Accordingly, daily-wage workers, street children, and beggars were introduced as the most susceptible groups following this situation. \"I know a lot of people who have a daily income, but now they have no take-home pay\" [2106] .",
            "cite_spans": [
                {
                    "start": 373,
                    "end": 379,
                    "text": "[2106]",
                    "ref_id": null
                }
            ],
            "ref_spans": [],
            "section": "Economic Concerns"
        },
        {
            "text": "The findings from the content analysis indicated an increase in the prices of basic goods across Iran. Many people additionally cited higher inflation rate, fall in oil prices, and devaluation of the national currency as short-term effects of this pandemic, which could cause many other problems. In addition, weak healthcare insurance coverage as one of the main challenges of Iran's healthcare system could confront households with catastrophic expenditures. Therefore, majority of the participants had faced high rate of out-of-pocket pays regarding COVID-19. Besides, information about the rising costs of sanitary and preventive equipment was declared by these individuals several times. \"The high costs of sanitary and preventative equipment such as masks have made everything very difficult. The price of masks has increased by tenfold\" [0052] . Decreased economic power of the public was another big concern identified in this study. In this regard, the participants had experienced that a large part of Iran's population had lost their incomes, especially selfemployed ones. In addition, COVID-19 pandemic had resulted in business closure and job losses, which could be a source of many other concerns. \"I work in the market. Now that the market is closed, I have no income. I have also lost my financial capital.\"[0949].",
            "cite_spans": [
                {
                    "start": 844,
                    "end": 850,
                    "text": "[0052]",
                    "ref_id": null
                }
            ],
            "ref_spans": [],
            "section": "Economic Concerns"
        },
        {
            "text": "Four themes and a broad spectrum of sub-themes and codes were identified in the present study. Accordingly, the findings highlighted common concerns of Iranian people regarding COVID-19 outbreak.",
            "cite_spans": [],
            "ref_spans": [],
            "section": "Discussion"
        },
        {
            "text": "The main findings of this study reflected on widespread psychological concerns following COVID-19 pandemic in Iran. Indeed, this situation was considered as an unprecedented period for all people, especially for children confronting a massive disruption in their daily living [19, 20] . However, being at home might expose all household members to increased risks. Domestic and family violence has been similarly reported as a common high-risk behavior after home quarantine in parts of the world [21] . For instance, such violence has respectively risen by nearly 25-60% in the United Kingdom and Mexico since government policies have merely focused on controlling the disease progression [22, 23] . In this situation, vulnerable groups such as children and older adults might be more affected [24] . Regarding these abuses, countries like France have developed policies to help the victims. As the movement of the citizens has been restricted, France has been advising female victims to seek help at drugstores using code words [25, 26] . Findings had also indicated the fear of an uncertain future as the negative impact of this pandemic. Based on the evidence, this fear could stop the population from fulfilling their duties very well, and it could even retain many people holding onto situations hurting them [27] . Therefore, decision-makers and policy-makers should develop effective and community-based policies and strategies to reduce individual concerns in these stressful conditions following COVID-19.",
            "cite_spans": [
                {
                    "start": 276,
                    "end": 280,
                    "text": "[19,",
                    "ref_id": "BIBREF18"
                },
                {
                    "start": 281,
                    "end": 284,
                    "text": "20]",
                    "ref_id": "BIBREF19"
                },
                {
                    "start": 497,
                    "end": 501,
                    "text": "[21]",
                    "ref_id": "BIBREF20"
                },
                {
                    "start": 690,
                    "end": 694,
                    "text": "[22,",
                    "ref_id": "BIBREF21"
                },
                {
                    "start": 695,
                    "end": 698,
                    "text": "23]",
                    "ref_id": "BIBREF22"
                },
                {
                    "start": 795,
                    "end": 799,
                    "text": "[24]",
                    "ref_id": "BIBREF23"
                },
                {
                    "start": 1030,
                    "end": 1034,
                    "text": "[25,",
                    "ref_id": null
                },
                {
                    "start": 1035,
                    "end": 1038,
                    "text": "26]",
                    "ref_id": "BIBREF25"
                },
                {
                    "start": 1315,
                    "end": 1319,
                    "text": "[27]",
                    "ref_id": "BIBREF26"
                }
            ],
            "ref_spans": [],
            "section": "Discussion"
        },
        {
            "text": "In this study, lack of social responsibility was identified as one of the main social concerns. Although public education was being conducted through the Islamic Republic of Iran Broadcasting (IRIB) and the mass media following COVID-19 pandemic, some groups resisting such recommendations. Experts also believed that having a single voice in the society could increase social responsibility [28, 29] . Another part of concerns was in terms of dealing with vulnerable groups such as pregnant women, children, older people, and healthcare providers. The findings additionally showed that a large proportion of the population was worried about the risk of exposure to COVID-19 in these vulnerable groups.",
            "cite_spans": [
                {
                    "start": 392,
                    "end": 396,
                    "text": "[28,",
                    "ref_id": "BIBREF27"
                },
                {
                    "start": 397,
                    "end": 400,
                    "text": "29]",
                    "ref_id": "BIBREF28"
                }
            ],
            "ref_spans": [],
            "section": "Discussion"
        },
        {
            "text": "Concerns about the infection affecting pregnant women and children also fueled after the confirmation of the birth of a newborn child in China [30] . Nonetheless, the World Health Organization revealed no evidence that pregnant women are at higher risk of severe COVID-19 in a population [8] . In accordance with the literature, verbal and emotional support could significantly reduce such concerns [31] . Moreover, concerns about incompetence and dishonesty of authorities were one other social and political challenge addressed throughout the study. The occurrence of political and social events in recent years, and especially in the last year, in Iran, could be effective in such situations. On the other hand, the weakness of social capital in this country had a long history [32, 33] . Several studies have correspondingly revealed the importance of social capital in pandemic periods [34] . For instance, generalized and institutional trust in healthcare provision was considered as a potential factor influencing the acceptance of health-protective behaviors in Sweden following the 2009 swine flu pandemic (H1N1) [34] . Therefore, using effective solutions to promote the credibility of the government and community-based networks might positively affect prevention and control of COVID-19 pandemic in Iran. Short-and long-term adverse effects of this pandemic on Iranian economy were among common concerns underscored by the participants. In fact, pandemics are accompanied by considerable economic disruptions although they are rare [35] . Based on the WHO report [36] , pandemics such as avian influenza could lead to significant economic losses e.g. the H1N1 and severe acute respiratory syndrome (SARS) pandemics have had significantly negative impacts on national and global economies [37, 38] . Following these trends, a major proportion of society, especially low-income groups, had been confronted with financial hardships, as mentioned in the study. Furthermore, rising inflation and unemployment rates as other impacts of economic recession following the pandemic could result in severe concerns and anxieties across the country [39] . Therefore, developing and adopting economic policies at macro-and micro-level to control the adverse effects of COVID-19 pandemic fairly and immediately is an inevitable necessity. In addition, sanctions have worsened the situation for Iranians facing the virus [1] . There is thus a need for global solidarity in such epidemics and even acting against unfair sanctions. The special feature of new COVID-19 is that it is unknown and mysterious [2] . The participants pointed out this feature as the origin of a number of concerns. Indeed, lack of clarity about the source of the virus, as well as its modes of transmission, had created tensions and obsessions for society. In addition, following this pandemic as well as a sharp growth in the number of new positive cases, shortage of sanitary and preventive equipment in Iran, as in most affected areas, have raised concerns in the public. Furthermore, COVID-19 similar to other previous pandemics such as SARS has no definite treatment and its incubation period has left people in a state of ambiguity [40] . More importantly, overuse of alcohol and bleach cleaners as disinfectants has resulted in mild respiratory disorders for Iranian people, so that many people expressed concerns about the side effects of these substances on their health status [41] . Therefore, informing the public about the common ways the virus spreads from person to person, how to prevent it, and how to use disinfectants to prevent or at least moderate these concerns can be among effective strategies in this respect.",
            "cite_spans": [
                {
                    "start": 143,
                    "end": 147,
                    "text": "[30]",
                    "ref_id": "BIBREF29"
                },
                {
                    "start": 288,
                    "end": 291,
                    "text": "[8]",
                    "ref_id": "BIBREF7"
                },
                {
                    "start": 399,
                    "end": 403,
                    "text": "[31]",
                    "ref_id": "BIBREF30"
                },
                {
                    "start": 781,
                    "end": 785,
                    "text": "[32,",
                    "ref_id": "BIBREF31"
                },
                {
                    "start": 786,
                    "end": 789,
                    "text": "33]",
                    "ref_id": "BIBREF32"
                },
                {
                    "start": 891,
                    "end": 895,
                    "text": "[34]",
                    "ref_id": "BIBREF33"
                },
                {
                    "start": 1122,
                    "end": 1126,
                    "text": "[34]",
                    "ref_id": "BIBREF33"
                },
                {
                    "start": 1544,
                    "end": 1548,
                    "text": "[35]",
                    "ref_id": "BIBREF34"
                },
                {
                    "start": 1575,
                    "end": 1579,
                    "text": "[36]",
                    "ref_id": "BIBREF35"
                },
                {
                    "start": 1800,
                    "end": 1804,
                    "text": "[37,",
                    "ref_id": "BIBREF36"
                },
                {
                    "start": 1805,
                    "end": 1808,
                    "text": "38]",
                    "ref_id": "BIBREF37"
                },
                {
                    "start": 2149,
                    "end": 2153,
                    "text": "[39]",
                    "ref_id": "BIBREF38"
                },
                {
                    "start": 2418,
                    "end": 2421,
                    "text": "[1]",
                    "ref_id": "BIBREF0"
                },
                {
                    "start": 2600,
                    "end": 2603,
                    "text": "[2]",
                    "ref_id": "BIBREF1"
                },
                {
                    "start": 3210,
                    "end": 3214,
                    "text": "[40]",
                    "ref_id": "BIBREF39"
                },
                {
                    "start": 3459,
                    "end": 3463,
                    "text": "[41]",
                    "ref_id": "BIBREF40"
                }
            ],
            "ref_spans": [],
            "section": "Discussion"
        },
        {
            "text": "As a whole, four main themes i.e., stressful conditions, health concerns, social and political concerns, and economic concerns were identified as the common concerns about COVID-19 outbreak in Iran. It is evident that people have confronted with several challenges and need help with regard to effective policies and strategies during and after the pandemic to minimize their current concerns. The study findings also provided a favorable ground to develop and adopt the required policies in Iran and other countries. In this situation, human beings need some kind of solidarity at local, national, and international levels. ",
            "cite_spans": [],
            "ref_spans": [],
            "section": "Conclusions"
        },
        {
            "text": "The Ethics committee of the Shiraz University of Medical Sciences (SUMS) has confirmed the study protocol (IR. SUMS.REC.1399.090).",
            "cite_spans": [],
            "ref_spans": [],
            "section": "Ethics approval"
        },
        {
            "text": "The data collected and analyzed during the study are available from the corresponding author on reasonable request.",
            "cite_spans": [],
            "ref_spans": [],
            "section": "Availability of data and materials"
        }
    ],
    "bib_entries": {
        "BIBREF0": {
            "ref_id": "b0",
            "title": "COVID-19 battle during the toughest sanctions against Iran",
            "authors": [
                {
                    "first": "A",
                    "middle": [],
                    "last": "Takian",
                    "suffix": ""
                },
                {
                    "first": "A",
                    "middle": [],
                    "last": "Raoofi",
                    "suffix": ""
                },
                {
                    "first": "S",
                    "middle": [],
                    "last": "Kazempour-Ardebili",
                    "suffix": ""
                }
            ],
            "year": 2020,
            "venue": "Lancet",
            "volume": "395",
            "issn": "",
            "pages": "30668--30669",
            "other_ids": {
                "DOI": [
                    "10.1016/S0140-6736(20)30668-1"
                ]
            }
        },
        "BIBREF1": {
            "ref_id": "b1",
            "title": "Global spread of COVID-19 and pandemic potential",
            "authors": [
                {
                    "first": "C",
                    "middle": [
                        "R"
                    ],
                    "last": "Macintyre",
                    "suffix": ""
                }
            ],
            "year": 2020,
            "venue": "Global Biosecurity",
            "volume": "1",
            "issn": "3",
            "pages": "",
            "other_ids": {}
        },
        "BIBREF2": {
            "ref_id": "b2",
            "title": "Assessing the role of quarantine and isolation as control strategies for COVID-19 outbreak: a case study",
            "authors": [
                {
                    "first": "Z",
                    "middle": [],
                    "last": "Memon",
                    "suffix": ""
                },
                {
                    "first": "S",
                    "middle": [],
                    "last": "Qureshi",
                    "suffix": ""
                },
                {
                    "first": "B",
                    "middle": [
                        "R"
                    ],
                    "last": "Memon",
                    "suffix": ""
                }
            ],
            "year": 2021,
            "venue": "Chaos, Solitons & Fractals",
            "volume": "144",
            "issn": "",
            "pages": "",
            "other_ids": {
                "DOI": [
                    "10.1016/j.chaos.2021.110655"
                ]
            }
        },
        "BIBREF3": {
            "ref_id": "b3",
            "title": "The challenges and considerations of community-based preparedness at the onset of COVID-19 outbreak in Iran, 2020",
            "authors": [
                {
                    "first": "R",
                    "middle": [],
                    "last": "Moradzadeh",
                    "suffix": ""
                }
            ],
            "year": null,
            "venue": "South Afr J Epidemiol Infect",
            "volume": "2020",
            "issn": "",
            "pages": "1--6",
            "other_ids": {
                "DOI": [
                    "10.1017/S0950268820000783"
                ]
            }
        },
        "BIBREF4": {
            "ref_id": "b4",
            "title": "Monitoring the psychological, social, and economic impact of the COVID-19 pandemic in the population: Context, design and conduct of the longitudinal COVID-19 psychological research consortium (C19PRC) study",
            "authors": [
                {
                    "first": "O",
                    "middle": [],
                    "last": "Mcbride",
                    "suffix": ""
                },
                {
                    "first": "J",
                    "middle": [],
                    "last": "Murphy",
                    "suffix": ""
                },
                {
                    "first": "M",
                    "middle": [],
                    "last": "Shevlin",
                    "suffix": ""
                },
                {
                    "first": "J",
                    "middle": [],
                    "last": "Gibson-Miller",
                    "suffix": ""
                },
                {
                    "first": "T",
                    "middle": [
                        "K"
                    ],
                    "last": "Hartman",
                    "suffix": ""
                },
                {
                    "first": "P",
                    "middle": [],
                    "last": "Hyland",
                    "suffix": ""
                },
                {
                    "first": "L",
                    "middle": [],
                    "last": "Levita",
                    "suffix": ""
                },
                {
                    "first": "L",
                    "middle": [],
                    "last": "Mason",
                    "suffix": ""
                },
                {
                    "first": "A",
                    "middle": [
                        "P"
                    ],
                    "last": "Martinez",
                    "suffix": ""
                },
                {
                    "first": "R",
                    "middle": [],
                    "last": "Mckay",
                    "suffix": ""
                }
            ],
            "year": 2021,
            "venue": "Int J Methods Psychiatr Res",
            "volume": "30",
            "issn": "",
            "pages": "",
            "other_ids": {
                "DOI": [
                    "10.1002/mpr.1861"
                ]
            }
        },
        "BIBREF5": {
            "ref_id": "b5",
            "title": "The fear of COVID-19 scale: development and initial validation",
            "authors": [
                {
                    "first": "D",
                    "middle": [
                        "K"
                    ],
                    "last": "Ahorsu",
                    "suffix": ""
                },
                {
                    "first": "C-Y",
                    "middle": [],
                    "last": "Lin",
                    "suffix": ""
                },
                {
                    "first": "V",
                    "middle": [],
                    "last": "Imani",
                    "suffix": ""
                },
                {
                    "first": "M",
                    "middle": [],
                    "last": "Saffari",
                    "suffix": ""
                },
                {
                    "first": "M",
                    "middle": [
                        "D"
                    ],
                    "last": "Griffiths",
                    "suffix": ""
                },
                {
                    "first": "A",
                    "middle": [
                        "H"
                    ],
                    "last": "Pakpour",
                    "suffix": ""
                }
            ],
            "year": null,
            "venue": "Int J Ment Health Addict",
            "volume": "2020",
            "issn": "",
            "pages": "",
            "other_ids": {
                "DOI": [
                    "10.1007/s11469-020-00270-8"
                ]
            }
        },
        "BIBREF6": {
            "ref_id": "b6",
            "title": "Risk factors for depression and anxiety in healthcare workers deployed during the COVID-19 outbreak in China",
            "authors": [
                {
                    "first": "J",
                    "middle": [],
                    "last": "Chen",
                    "suffix": ""
                },
                {
                    "first": "X",
                    "middle": [],
                    "last": "Liu",
                    "suffix": ""
                },
                {
                    "first": "D",
                    "middle": [],
                    "last": "Wang",
                    "suffix": ""
                },
                {
                    "first": "Y",
                    "middle": [],
                    "last": "Jin",
                    "suffix": ""
                },
                {
                    "first": "M",
                    "middle": [],
                    "last": "He",
                    "suffix": ""
                },
                {
                    "first": "Y",
                    "middle": [],
                    "last": "Ma",
                    "suffix": ""
                },
                {
                    "first": "X",
                    "middle": [],
                    "last": "Zhao",
                    "suffix": ""
                },
                {
                    "first": "S",
                    "middle": [],
                    "last": "Song",
                    "suffix": ""
                },
                {
                    "first": "L",
                    "middle": [],
                    "last": "Zhang",
                    "suffix": ""
                },
                {
                    "first": "X",
                    "middle": [],
                    "last": "Xiang",
                    "suffix": ""
                }
            ],
            "year": 2021,
            "venue": "Soc Psychiatry Psychiatr Epidemiol",
            "volume": "56",
            "issn": "",
            "pages": "47--55",
            "other_ids": {
                "DOI": [
                    "10.1007/s00127-020-01954-1"
                ]
            }
        },
        "BIBREF7": {
            "ref_id": "b7",
            "title": "World Health Organization declares global emergency: A review of the 2019 novel coronavirus (COVID-19)",
            "authors": [
                {
                    "first": "C",
                    "middle": [],
                    "last": "Sohrabi",
                    "suffix": ""
                },
                {
                    "first": "Z",
                    "middle": [],
                    "last": "Alsafi",
                    "suffix": ""
                },
                {
                    "first": "N",
                    "middle": [],
                    "last": "O&apos;neill",
                    "suffix": ""
                },
                {
                    "first": "M",
                    "middle": [],
                    "last": "Khan",
                    "suffix": ""
                },
                {
                    "first": "A",
                    "middle": [],
                    "last": "Kerwan",
                    "suffix": ""
                },
                {
                    "first": "A",
                    "middle": [],
                    "last": "Al-Jabir",
                    "suffix": ""
                }
            ],
            "year": 2020,
            "venue": "Int J Surg",
            "volume": "76",
            "issn": "",
            "pages": "71--77",
            "other_ids": {
                "DOI": [
                    "10.1016/j.ijsu.2020.03.036"
                ]
            }
        },
        "BIBREF8": {
            "ref_id": "b8",
            "title": "Million Americans Sought Unemployment Benefits Last Week. Dow Jones & Company. 2020. Available from",
            "authors": [],
            "year": 2020,
            "venue": "",
            "volume": "",
            "issn": "",
            "pages": "",
            "other_ids": {}
        },
        "BIBREF9": {
            "ref_id": "b9",
            "title": "COVID-19 and disabled people: perspectives from Iran",
            "authors": [
                {
                    "first": "M",
                    "middle": [],
                    "last": "Jalali",
                    "suffix": ""
                },
                {
                    "first": "S",
                    "middle": [],
                    "last": "Shahabi",
                    "suffix": ""
                },
                {
                    "first": "Bagheri",
                    "middle": [],
                    "last": "Lankarani",
                    "suffix": ""
                },
                {
                    "first": "K",
                    "middle": [],
                    "last": "Kamali",
                    "suffix": ""
                },
                {
                    "first": "M",
                    "middle": [],
                    "last": "Mojgani",
                    "suffix": ""
                },
                {
                    "first": "P",
                    "middle": [],
                    "last": "",
                    "suffix": ""
                }
            ],
            "year": 2020,
            "venue": "Disabil Soc",
            "volume": "35",
            "issn": "",
            "pages": "844--851",
            "other_ids": {}
        },
        "BIBREF10": {
            "ref_id": "b10",
            "title": "Psychological interventions for people affected by the COVID-19 epidemic",
            "authors": [
                {
                    "first": "L",
                    "middle": [],
                    "last": "Duan",
                    "suffix": ""
                },
                {
                    "first": "G",
                    "middle": [],
                    "last": "Zhu",
                    "suffix": ""
                }
            ],
            "year": 2020,
            "venue": "Lancet Psychiatry",
            "volume": "7",
            "issn": "",
            "pages": "300--302",
            "other_ids": {
                "DOI": [
                    "10.1016/S2215-0366(20)30073-0"
                ]
            }
        },
        "BIBREF11": {
            "ref_id": "b11",
            "title": "A Study of Effect of Corona Virus Covid-19 and Lock Down on Human Psychology of Pune City Region",
            "authors": [
                {
                    "first": "R",
                    "middle": [],
                    "last": "Suryawanshi",
                    "suffix": ""
                },
                {
                    "first": "V",
                    "middle": [],
                    "last": "More",
                    "suffix": ""
                }
            ],
            "year": 2020,
            "venue": "Studies in Indian Place Names",
            "volume": "40",
            "issn": "",
            "pages": "984--94",
            "other_ids": {}
        },
        "BIBREF12": {
            "ref_id": "b12",
            "title": "The economic burden of coronavirus disease 2019 (COV-ID-19): evidence from Iran",
            "authors": [
                {
                    "first": "M",
                    "middle": [
                        "G"
                    ],
                    "last": "Darab",
                    "suffix": ""
                },
                {
                    "first": "K",
                    "middle": [],
                    "last": "Keshavarz",
                    "suffix": ""
                },
                {
                    "first": "E",
                    "middle": [],
                    "last": "Sadeghi",
                    "suffix": ""
                },
                {
                    "first": "J",
                    "middle": [],
                    "last": "Shahmohamadi",
                    "suffix": ""
                },
                {
                    "first": "Z",
                    "middle": [],
                    "last": "Kavosi",
                    "suffix": ""
                }
            ],
            "year": 2021,
            "venue": "BMC Health Services Research",
            "volume": "21",
            "issn": "",
            "pages": "1--7",
            "other_ids": {}
        },
        "BIBREF13": {
            "ref_id": "b13",
            "title": "Research designs: Quantitative, qualitative, neuropsychological, and biological",
            "authors": [
                {
                    "first": "V",
                    "middle": [],
                    "last": "Braun",
                    "suffix": ""
                },
                {
                    "first": "V ;",
                    "middle": [],
                    "last": "Clarke",
                    "suffix": ""
                },
                {
                    "first": "H",
                    "middle": [],
                    "last": "Cooper",
                    "suffix": ""
                },
                {
                    "first": "P",
                    "middle": [
                        "M"
                    ],
                    "last": "Camic",
                    "suffix": ""
                },
                {
                    "first": "D",
                    "middle": [
                        "L"
                    ],
                    "last": "Long",
                    "suffix": ""
                },
                {
                    "first": "A",
                    "middle": [
                        "T"
                    ],
                    "last": "Panter",
                    "suffix": ""
                },
                {
                    "first": "D",
                    "middle": [],
                    "last": "Rindskopf",
                    "suffix": ""
                },
                {
                    "first": "K",
                    "middle": [
                        "J"
                    ],
                    "last": "Sher",
                    "suffix": ""
                }
            ],
            "year": 2012,
            "venue": "APA handbook of research methods in psychology",
            "volume": "2",
            "issn": "",
            "pages": "57--71",
            "other_ids": {
                "DOI": [
                    "10.1037/13620-004"
                ]
            }
        },
        "BIBREF14": {
            "ref_id": "b14",
            "title": "The Trustworthiness of Content Analysis. In: The application of content analysis in nursing science research",
            "authors": [
                {
                    "first": "H",
                    "middle": [],
                    "last": "Kyng\u00e4s",
                    "suffix": ""
                },
                {
                    "first": "M",
                    "middle": [],
                    "last": "K\u00e4\u00e4ri\u00e4inen",
                    "suffix": ""
                },
                {
                    "first": "S",
                    "middle": [],
                    "last": "Elo",
                    "suffix": ""
                }
            ],
            "year": 2020,
            "venue": "",
            "volume": "",
            "issn": "",
            "pages": "41--49",
            "other_ids": {}
        },
        "BIBREF15": {
            "ref_id": "b15",
            "title": "Judging interpretations: But is it rigorous? Trustworthiness and authenticity in naturalistic evaluation",
            "authors": [
                {
                    "first": "T",
                    "middle": [
                        "A"
                    ],
                    "last": "Schwandt",
                    "suffix": ""
                },
                {
                    "first": "Y",
                    "middle": [
                        "S"
                    ],
                    "last": "Lincoln",
                    "suffix": ""
                },
                {
                    "first": "E",
                    "middle": [
                        "G"
                    ],
                    "last": "Guba",
                    "suffix": ""
                }
            ],
            "year": 2007,
            "venue": "New Dir Eval",
            "volume": "",
            "issn": "",
            "pages": "11--25",
            "other_ids": {}
        },
        "BIBREF16": {
            "ref_id": "b16",
            "title": "Standards for reporting qualitative research: a synthesis of recommendations",
            "authors": [
                {
                    "first": "B",
                    "middle": [
                        "C"
                    ],
                    "last": "O&apos;brien",
                    "suffix": ""
                },
                {
                    "first": "I",
                    "middle": [
                        "B"
                    ],
                    "last": "Harris",
                    "suffix": ""
                },
                {
                    "first": "T",
                    "middle": [
                        "J"
                    ],
                    "last": "Beckman",
                    "suffix": ""
                },
                {
                    "first": "D",
                    "middle": [
                        "A"
                    ],
                    "last": "Reed",
                    "suffix": ""
                },
                {
                    "first": "D",
                    "middle": [
                        "A"
                    ],
                    "last": "Cook",
                    "suffix": ""
                }
            ],
            "year": 2014,
            "venue": "Acad Med",
            "volume": "89",
            "issn": "",
            "pages": "1245--51",
            "other_ids": {
                "DOI": [
                    "10.1097/ACM.0000000000000388"
                ]
            }
        },
        "BIBREF17": {
            "ref_id": "b17",
            "title": "Consolidated criteria for reporting qualitative research (COREQ): a 32-item checklist for interviews and focus groups",
            "authors": [
                {
                    "first": "A",
                    "middle": [],
                    "last": "Tong",
                    "suffix": ""
                },
                {
                    "first": "P",
                    "middle": [],
                    "last": "Sainsbury",
                    "suffix": ""
                },
                {
                    "first": "J",
                    "middle": [],
                    "last": "Craig",
                    "suffix": ""
                }
            ],
            "year": 2007,
            "venue": "Int J Qual Health Care",
            "volume": "19",
            "issn": "",
            "pages": "349--57",
            "other_ids": {
                "DOI": [
                    "10.1093/intqhc/mzm042"
                ]
            }
        },
        "BIBREF18": {
            "ref_id": "b18",
            "title": "Mitigate the effects of home confinement on children during the COVID-19 outbreak",
            "authors": [
                {
                    "first": "G",
                    "middle": [],
                    "last": "Wang",
                    "suffix": ""
                },
                {
                    "first": "Y",
                    "middle": [],
                    "last": "Zhang",
                    "suffix": ""
                },
                {
                    "first": "J",
                    "middle": [],
                    "last": "Zhao",
                    "suffix": ""
                },
                {
                    "first": "J",
                    "middle": [],
                    "last": "Zhang",
                    "suffix": ""
                },
                {
                    "first": "F",
                    "middle": [],
                    "last": "Jiang",
                    "suffix": ""
                }
            ],
            "year": 2020,
            "venue": "Lancet",
            "volume": "395",
            "issn": "",
            "pages": "",
            "other_ids": {
                "DOI": [
                    "10.1016/S0140-6736(20)30547-X"
                ]
            }
        },
        "BIBREF19": {
            "ref_id": "b19",
            "title": "Coping behaviors and psychological disturbances in youth affected by the COVID-19 health crisis",
            "authors": [
                {
                    "first": "M",
                    "middle": [],
                    "last": "Orgil\u00e9s",
                    "suffix": ""
                },
                {
                    "first": "A",
                    "middle": [],
                    "last": "Morales",
                    "suffix": ""
                },
                {
                    "first": "E",
                    "middle": [],
                    "last": "Delvecchio",
                    "suffix": ""
                },
                {
                    "first": "R",
                    "middle": [],
                    "last": "Francisco",
                    "suffix": ""
                },
                {
                    "first": "C",
                    "middle": [],
                    "last": "Mazzeschi",
                    "suffix": ""
                },
                {
                    "first": "M",
                    "middle": [],
                    "last": "Pedro",
                    "suffix": ""
                },
                {
                    "first": "J",
                    "middle": [
                        "P"
                    ],
                    "last": "Espada",
                    "suffix": ""
                }
            ],
            "year": 2021,
            "venue": "Front Psychol",
            "volume": "12",
            "issn": "",
            "pages": "",
            "other_ids": {}
        },
        "BIBREF20": {
            "ref_id": "b20",
            "title": "The COVID-19 pandemic calls for spatial distancing and social closeness: not for social distancing!",
            "authors": [
                {
                    "first": "T",
                    "middle": [],
                    "last": "Abel",
                    "suffix": ""
                },
                {
                    "first": "D",
                    "middle": [],
                    "last": "Mcqueen",
                    "suffix": ""
                }
            ],
            "year": null,
            "venue": "Int J Publ Health",
            "volume": "2020",
            "issn": "",
            "pages": "",
            "other_ids": {
                "DOI": [
                    "10.1007/s00038-020-01366-7"
                ]
            }
        },
        "BIBREF21": {
            "ref_id": "b21",
            "title": "Quarantine will exacerbate domestic violence in Mexico",
            "authors": [
                {
                    "first": "O",
                    "middle": [],
                    "last": "Analytica",
                    "suffix": ""
                }
            ],
            "year": null,
            "venue": "",
            "volume": "",
            "issn": "",
            "pages": "",
            "other_ids": {}
        },
        "BIBREF22": {
            "ref_id": "b22",
            "title": "domestic abuse hotline up 25% since start of coronavirus lockdown. CBS News",
            "authors": [
                {
                    "first": "U",
                    "middle": [
                        "K"
                    ],
                    "last": "Calls",
                    "suffix": ""
                }
            ],
            "year": 2020,
            "venue": "",
            "volume": "",
            "issn": "",
            "pages": "",
            "other_ids": {}
        },
        "BIBREF23": {
            "ref_id": "b23",
            "title": "COVID-19 and the consequences of isolating the elderly",
            "authors": [
                {
                    "first": "R",
                    "middle": [],
                    "last": "Armitage",
                    "suffix": ""
                },
                {
                    "first": "L",
                    "middle": [
                        "B"
                    ],
                    "last": "Nellums",
                    "suffix": ""
                }
            ],
            "year": 2020,
            "venue": "Lancet Public Health",
            "volume": "5",
            "issn": "",
            "pages": "",
            "other_ids": {
                "DOI": [
                    "10.1016/S2468-2667(20)30061-X"
                ]
            }
        },
        "BIBREF25": {
            "ref_id": "b25",
            "title": "COVID-19 pandemic in France: health emergency experiences from the field",
            "authors": [
                {
                    "first": "P",
                    "middle": [],
                    "last": "Chamboredon",
                    "suffix": ""
                },
                {
                    "first": "C",
                    "middle": [],
                    "last": "Roman",
                    "suffix": ""
                },
                {
                    "first": "S",
                    "middle": [],
                    "last": "Colson",
                    "suffix": ""
                }
            ],
            "year": 2020,
            "venue": "Int Nurs Rev",
            "volume": "67",
            "issn": "",
            "pages": "326--359",
            "other_ids": {}
        },
        "BIBREF26": {
            "ref_id": "b26",
            "title": "Trauma, attachment and family permanence: fear can stop you loving",
            "authors": [
                {
                    "first": "D",
                    "middle": [],
                    "last": "Hughes",
                    "suffix": ""
                },
                {
                    "first": "A",
                    "middle": [],
                    "last": "Burnell",
                    "suffix": ""
                }
            ],
            "year": 2003,
            "venue": "",
            "volume": "",
            "issn": "",
            "pages": "",
            "other_ids": {}
        },
        "BIBREF27": {
            "ref_id": "b27",
            "title": "Psychological correlates of news monitoring, social distancing, disinfecting, and hoarding behaviors among US adolescents during the COVID-19 pandemic",
            "authors": [
                {
                    "first": "B",
                    "middle": [],
                    "last": "Oosterhoff",
                    "suffix": ""
                }
            ],
            "year": 2020,
            "venue": "",
            "volume": "",
            "issn": "",
            "pages": "",
            "other_ids": {}
        },
        "BIBREF28": {
            "ref_id": "b28",
            "title": "Corporate social responsibility in global health: the Pfizer Global Health Fellows international volunteering program. Hum Resour",
            "authors": [
                {
                    "first": "T",
                    "middle": [],
                    "last": "Vian",
                    "suffix": ""
                },
                {
                    "first": "K",
                    "middle": [],
                    "last": "Mccoy",
                    "suffix": ""
                },
                {
                    "first": "S",
                    "middle": [
                        "C"
                    ],
                    "last": "Richards",
                    "suffix": ""
                },
                {
                    "first": "P",
                    "middle": [],
                    "last": "Connelly",
                    "suffix": ""
                },
                {
                    "first": "F",
                    "middle": [],
                    "last": "Feeley",
                    "suffix": ""
                }
            ],
            "year": 2007,
            "venue": "Plan",
            "volume": "30",
            "issn": "",
            "pages": "",
            "other_ids": {}
        },
        "BIBREF29": {
            "ref_id": "b29",
            "title": "What are the risks of COVID-19 infection in pregnant women?",
            "authors": [
                {
                    "first": "J",
                    "middle": [],
                    "last": "Qiao",
                    "suffix": ""
                }
            ],
            "year": 2020,
            "venue": "Lancet",
            "volume": "395",
            "issn": "20",
            "pages": "30365--30367",
            "other_ids": {
                "DOI": [
                    "10.1016/S0140-6736(20)30365-2"
                ]
            }
        },
        "BIBREF30": {
            "ref_id": "b30",
            "title": "SARS: pregnant women's fears and perceptions",
            "authors": [
                {
                    "first": "J",
                    "middle": [],
                    "last": "Ng",
                    "suffix": ""
                },
                {
                    "first": "A",
                    "middle": [],
                    "last": "Sham",
                    "suffix": ""
                },
                {
                    "first": "P",
                    "middle": [
                        "L"
                    ],
                    "last": "Tang",
                    "suffix": ""
                },
                {
                    "first": "S",
                    "middle": [],
                    "last": "Fung",
                    "suffix": ""
                }
            ],
            "year": 2004,
            "venue": "Br J Midwifery",
            "volume": "12",
            "issn": "",
            "pages": "698--702",
            "other_ids": {}
        },
        "BIBREF31": {
            "ref_id": "b31",
            "title": "Correlation of social capital with social health in Iran",
            "authors": [
                {
                    "first": "M",
                    "middle": [],
                    "last": "Amini Rarani",
                    "suffix": ""
                },
                {
                    "first": "M",
                    "middle": [
                        "T"
                    ],
                    "last": "Mousavi",
                    "suffix": ""
                },
                {
                    "first": "H",
                    "middle": [],
                    "last": "Rafiey",
                    "suffix": ""
                }
            ],
            "year": 2011,
            "venue": "Social Welfare Quarterly",
            "volume": "11",
            "issn": "",
            "pages": "203--231",
            "other_ids": {}
        },
        "BIBREF32": {
            "ref_id": "b32",
            "title": "Iranian mental health during the COV-ID-19 epidemic",
            "authors": [
                {
                    "first": "A",
                    "middle": [],
                    "last": "Zandifar",
                    "suffix": ""
                },
                {
                    "first": "R",
                    "middle": [],
                    "last": "Badrfam",
                    "suffix": ""
                }
            ],
            "year": 2020,
            "venue": "Asian J Psychiatr",
            "volume": "51",
            "issn": "",
            "pages": "",
            "other_ids": {}
        },
        "BIBREF33": {
            "ref_id": "b33",
            "title": "Social capital and immunisation against the 2009 A (H1N1) pandemic in Sweden",
            "authors": [
                {
                    "first": "B",
                    "middle": [],
                    "last": "R\u00f6nnerstrand",
                    "suffix": ""
                }
            ],
            "year": 2013,
            "venue": "Scand J Public Health",
            "volume": "41",
            "issn": "",
            "pages": "853--862",
            "other_ids": {
                "DOI": [
                    "10.1177/1403494813494975"
                ]
            }
        },
        "BIBREF34": {
            "ref_id": "b34",
            "title": "The economic impact of COVID-19",
            "authors": [
                {
                    "first": "W",
                    "middle": [],
                    "last": "Mckibbin",
                    "suffix": ""
                },
                {
                    "first": "R",
                    "middle": [],
                    "last": "Fernando",
                    "suffix": ""
                }
            ],
            "year": 2020,
            "venue": "Economics in the Time of COVID-19",
            "volume": "",
            "issn": "",
            "pages": "45--51",
            "other_ids": {}
        },
        "BIBREF35": {
            "ref_id": "b35",
            "title": "Avian influenza: assessing the pandemic threat. Geneva: World Health Organization",
            "authors": [],
            "year": 2005,
            "venue": "",
            "volume": "",
            "issn": "",
            "pages": "",
            "other_ids": {}
        },
        "BIBREF36": {
            "ref_id": "b36",
            "title": "The economic impact of SARS: how does the reality match the predictions?",
            "authors": [
                {
                    "first": "M",
                    "middle": [
                        "R"
                    ],
                    "last": "Keogh-Brown",
                    "suffix": ""
                },
                {
                    "first": "R",
                    "middle": [
                        "D"
                    ],
                    "last": "Smith",
                    "suffix": ""
                }
            ],
            "year": 2008,
            "venue": "Health Policy",
            "volume": "88",
            "issn": "",
            "pages": "110--130",
            "other_ids": {}
        },
        "BIBREF37": {
            "ref_id": "b37",
            "title": "Assessing the impacts of the global economic crisis and swine flu on inbound tourism demand in the United Kingdom",
            "authors": [
                {
                    "first": "S",
                    "middle": [],
                    "last": "Page",
                    "suffix": ""
                },
                {
                    "first": "H",
                    "middle": [],
                    "last": "Song",
                    "suffix": ""
                },
                {
                    "first": "D",
                    "middle": [
                        "C"
                    ],
                    "last": "Wu",
                    "suffix": ""
                }
            ],
            "year": 2012,
            "venue": "J Travel Res",
            "volume": "51",
            "issn": "",
            "pages": "142--53",
            "other_ids": {}
        },
        "BIBREF38": {
            "ref_id": "b38",
            "title": "Avoidance behaviors and negative psychological responses in the general population in the initial stage of the H1N1 pandemic in Hong Kong",
            "authors": [
                {
                    "first": "J",
                    "middle": [
                        "T"
                    ],
                    "last": "Lau",
                    "suffix": ""
                },
                {
                    "first": "S",
                    "middle": [],
                    "last": "Griffiths",
                    "suffix": ""
                },
                {
                    "first": "K",
                    "middle": [
                        "C"
                    ],
                    "last": "Choi",
                    "suffix": ""
                },
                {
                    "first": "H",
                    "middle": [
                        "Y"
                    ],
                    "last": "Tsui",
                    "suffix": ""
                }
            ],
            "year": 2010,
            "venue": "BMC Infect Dis",
            "volume": "10",
            "issn": "",
            "pages": "",
            "other_ids": {
                "DOI": [
                    "10.1186/1471-2334-10-139"
                ]
            }
        },
        "BIBREF39": {
            "ref_id": "b39",
            "title": "Media portrayal of nurses' perspectives and concerns in the SARS crisis in Toronto",
            "authors": [
                {
                    "first": "L",
                    "middle": [
                        "M"
                    ],
                    "last": "Hall",
                    "suffix": ""
                },
                {
                    "first": "J",
                    "middle": [],
                    "last": "Angus",
                    "suffix": ""
                },
                {
                    "first": "E",
                    "middle": [],
                    "last": "Peter",
                    "suffix": ""
                },
                {
                    "first": "L",
                    "middle": [],
                    "last": "O&apos;brien-Pallas",
                    "suffix": ""
                },
                {
                    "first": "F",
                    "middle": [],
                    "last": "Wynn",
                    "suffix": ""
                },
                {
                    "first": "G",
                    "middle": [],
                    "last": "Donner",
                    "suffix": ""
                }
            ],
            "year": 2003,
            "venue": "J Nurs Sch",
            "volume": "35",
            "issn": "",
            "pages": "211--217",
            "other_ids": {
                "DOI": [
                    "10.1111/j.1547-5069.2003.00211.x"
                ]
            }
        },
        "BIBREF40": {
            "ref_id": "b40",
            "title": "Airway response to chlorine inhalation (bleach) among cleaning workers with and without bronchial hyperresponsiveness",
            "authors": [
                {
                    "first": "J",
                    "middle": [],
                    "last": "Sastre",
                    "suffix": ""
                },
                {
                    "first": "M",
                    "middle": [
                        "F"
                    ],
                    "last": "Madero",
                    "suffix": ""
                },
                {
                    "first": "M",
                    "middle": [],
                    "last": "Fern\u00e1ndez-Nieto",
                    "suffix": ""
                },
                {
                    "first": "B",
                    "middle": [],
                    "last": "Sastre",
                    "suffix": ""
                },
                {
                    "first": "V",
                    "middle": [],
                    "last": "Del Pozo",
                    "suffix": ""
                },
                {
                    "first": "M",
                    "middle": [
                        "G"
                    ],
                    "last": "Potro",
                    "suffix": ""
                },
                {
                    "first": "S",
                    "middle": [],
                    "last": "Quirce",
                    "suffix": ""
                }
            ],
            "year": 2011,
            "venue": "Am J Ind Med",
            "volume": "54",
            "issn": "",
            "pages": "293--302",
            "other_ids": {
                "DOI": [
                    "10.1002/ajim.20912"
                ]
            }
        }
    },
    "ref_entries": {
        "FIGREF0": {
            "text": "Severe Acute Respiratory Syndrome Coronavirus 2; UN: United Nations; IRB: Institution Review Board; SUMS: Shiraz University of Medical Sciences; WHO: World Health Organization; SARS: severe acute respiratory syndrome.",
            "latex": null,
            "type": "figure"
        },
        "TABREF0": {
            "text": "The virus is very mysterious. It is not clear how it is transmitted. This has made us feel down\"[0065]. \"For the reason that some patients do not have symptoms, we are obsessed with everyone\"[0401]. A large group of the participants in this project described COVID-19 as a terrible phenomenon. They further noted that they were always afraid of becoming infected due to the rapid transmission of the virus. On the other hand, Tab. I. Characteristics of participants.Fig. 1. COREQ flowchart of recruiting process.",
            "latex": null,
            "type": "table"
        }
    },
    "back_matter": [
        {
            "text": "Funding sources: this work was supported by the Shiraz University of Medical Sciences (SUMS) (Grant number 98-01-106-22071). We would like to thank the study participants.",
            "cite_spans": [],
            "ref_spans": [],
            "section": "Acknowledgements"
        },
        {
            "text": "The authors declare no conflict of interest.",
            "cite_spans": [],
            "ref_spans": [],
            "section": "Conflict of interest statement"
        },
        {
            "text": "STH, LZ, and KBL conceptualized and designed the study. STH and LZ collected data. AS and SSH involved in analysis process. SSH contributed to the first draft. STH, LZ, MM, MB revised critically the manuscript and performed a search of the literature. All authors contributed to the final draft. The authors read and approved the final manuscript.",
            "cite_spans": [],
            "ref_spans": [],
            "section": "Authors' contributions"
        }
    ]
}