{
    "paper_id": "0029814e2cbd6e28010ef4f08188bcf8c48e818d",
    "metadata": {
        "title": "The Influence of Face Masks on Verbal Communication in Persian in the Presence of Background Noise in Healthcare Staff",
        "authors": [
            {
                "first": "Mohsen",
                "middle": [],
                "last": "Aliabadi",
                "suffix": "",
                "affiliation": {},
                "email": ""
            },
            {
                "first": "\u00b7",
                "middle": [],
                "last": "Zahra",
                "suffix": "",
                "affiliation": {},
                "email": ""
            },
            {
                "first": "Sadat",
                "middle": [],
                "last": "Aghamiri",
                "suffix": "",
                "affiliation": {},
                "email": ""
            },
            {
                "first": "Maryam",
                "middle": [],
                "last": "Farhadian",
                "suffix": "",
                "affiliation": {},
                "email": ""
            },
            {
                "first": "\u00b7",
                "middle": [],
                "last": "Masoud",
                "suffix": "",
                "affiliation": {},
                "email": ""
            },
            {
                "first": "Shafiee",
                "middle": [],
                "last": "Motlagh",
                "suffix": "",
                "affiliation": {},
                "email": ""
            },
            {
                "first": "\u00b7",
                "middle": [],
                "last": "Morteza",
                "suffix": "",
                "affiliation": {},
                "email": ""
            },
            {
                "first": "Hamidi",
                "middle": [],
                "last": "Nahrani",
                "suffix": "",
                "affiliation": {},
                "email": ""
            }
        ]
    },
    "abstract": [
        {
            "text": "Wearing face masks has resulted in verbal communication being more challenging during the COVID-19 pandemic. This study aimed to investigate the effect of face masks on the speech comprehensibility of Persian nurses in healthcare settings. Twenty female nurses from the governmental hospitals randomly participated in an experiment on seven typical commercial face masks at two background noise levels. Nurses' speech intelligibility from a human talker when wearing each face mask was determined based on the speech discrimination score. The vocal effort of nurses wearing each face mask was determined based on the Borg CR10 scale. Based on the linear mixed model, the speech intelligibility of nurses from a human speaker wearing surgical masks, N95 masks, and a shield with face masks were approximately 10%, 20%, and 40-50% lower, respectively, than no-mask conditions (p < 0.01). The background noise decreased the speech intelligibility of nurses by approximately 22% (p < 0.01). The use of a face shield further decreased speech intelligibility up to 30% compared to using a face mask alone (p < 0.01). The vocal efforts of nurses when wearing surgical masks were not significant compared with the baseline vocal efforts (p > 0.05); however, vocal efforts of nurses when wearing N95 and N99 respirators were at an unacceptable level. The face masks had no considerable effect on the speech spectrum below 2.5 kHz; however, they reduced high frequencies by different values. Wearing face masks has a considerable impact on the verbal communication of nurses in Persian. The level of background noise in the healthcare setting can aggravate the effect sizes of face masks on speech comprehensibility.",
            "cite_spans": [],
            "ref_spans": [],
            "section": "Abstract"
        }
    ],
    "body_text": [
        {
            "text": "Face masks or face shields are commonly used in healthcare settings by healthcare staff to prevent contact and respiratory exposure to patient discharge, droplets, and airborne particles. Wearing face masks also decreases the transmission of respiratory droplets containing hazardous viruses, especially during the COVID-19 pandemic [1] . If for some reason the hospital settings, which can also lead to irreparable medical errors [2] . Hospital environments usually have noise pollution caused by traffic, equipment passage, and the presence of patients, which in itself can affect the speech of medical staff. Nickell et al. [4] showed that background noise levels in Toronto hospitals increase to 72 and 60 dBA during the daytime and the nighttime, respectively. Due to the high background noise levels, 47% of the hospitals' staff noted some difficulties in verbal communication related to wearing facial respirators. It should be noted that the World Health Organization recommends a noise exposure limit up to 40 dBA for the day shift and 35 dBA for the night shift in hospitals [4] . A systematic review by Andrade et al. [5] showed that in the hospital environments located in Asia, Europe, and the Americas, the background noise levels have been reported ranging from 37 to 88.6 dBA for daytimes and ranging from 38.7 to 68.8 dBA for nighttime. Darbyshire and Young [6] showed that the background noise levels of intensive care units (ICUs) are frequently greater than 45 dBA, with more than half of the daytime from 52 to 59 dBA. Pai [7] also showed that the background noise levels in the hospitals' stations and wards were from 50.3 to 68.1 dBA which is above the recommended exposure noise limit. The signal-to-noise ratio in an indoor environment is another critical factor affecting speech intelligibility. However, the effect of face masks on the ability to transmit speech at different signal-to-noise ratios has been less studied.",
            "cite_spans": [
                {
                    "start": 333,
                    "end": 336,
                    "text": "[1]",
                    "ref_id": "BIBREF0"
                },
                {
                    "start": 431,
                    "end": 434,
                    "text": "[2]",
                    "ref_id": "BIBREF1"
                },
                {
                    "start": 627,
                    "end": 630,
                    "text": "[4]",
                    "ref_id": "BIBREF3"
                },
                {
                    "start": 1085,
                    "end": 1088,
                    "text": "[4]",
                    "ref_id": "BIBREF3"
                },
                {
                    "start": 1129,
                    "end": 1132,
                    "text": "[5]",
                    "ref_id": "BIBREF4"
                },
                {
                    "start": 1375,
                    "end": 1378,
                    "text": "[6]",
                    "ref_id": "BIBREF5"
                },
                {
                    "start": 1544,
                    "end": 1547,
                    "text": "[7]",
                    "ref_id": "BIBREF6"
                }
            ],
            "ref_spans": [],
            "section": "Introduction"
        },
        {
            "text": "Some different commercial face masks have been widely used during the pandemic by healthcare staff in Iranian healthcare settings, but their acoustic characteristics have not been as widely studied. It is essential to determine the potential effects of wearing these face masks on speech intelligibility in typical hospitals with significant background noise levels which can pose a major challenge in staffs' verbal communication.",
            "cite_spans": [],
            "ref_spans": [],
            "section": "Introduction"
        },
        {
            "text": "Corey et al. [8] showed that surgical masks were found to have little impact on speech intelligibility. Surgical masks have especially mild acoustic effects. The results of another study by Corey et al. [9] reported that there are fundamental differences among face masks in terms of acoustic properties. Chmelik et al. [10] reported that when people wear masks, they tend to raise their voice level. Yi et al. [11] indicated that in the presence of background sound, the listeners had a lower performance than the voices of speakers wearing face masks compared to no-mask condition. Wearing face masks by the speaker in the presence of background noise can affect the comprehension of audio signals for listeners. They proposed that some studies should include different background noise levels to describe a diversity of common communicative situations. Wittum [12] showed that the correct percentage of sentence recognition was high for the no-mask condition, 33.1% for the conditions of wearing a mask, and 20.9% for wearing a face mask plus blood shield. Randazzo et al. [13] stated that all face masks reduce speech signals, especially N95 masks with the greatest overall effect.",
            "cite_spans": [
                {
                    "start": 13,
                    "end": 16,
                    "text": "[8]",
                    "ref_id": "BIBREF7"
                },
                {
                    "start": 203,
                    "end": 206,
                    "text": "[9]",
                    "ref_id": "BIBREF8"
                },
                {
                    "start": 320,
                    "end": 324,
                    "text": "[10]",
                    "ref_id": "BIBREF9"
                },
                {
                    "start": 411,
                    "end": 415,
                    "text": "[11]",
                    "ref_id": "BIBREF10"
                },
                {
                    "start": 863,
                    "end": 867,
                    "text": "[12]",
                    "ref_id": "BIBREF11"
                },
                {
                    "start": 1076,
                    "end": 1080,
                    "text": "[13]",
                    "ref_id": "BIBREF12"
                }
            ],
            "ref_spans": [],
            "section": "Introduction"
        },
        {
            "text": "Vocal effort is defined as the perceived exertion during voicing or speaking. Speech requires negligible vocal effort in humans with normal vocal mechanisms in environments with low background noise. Speech effort usually increases in response to certain environmental factors, including overcoming high ambient noise as well as sound propagation over long distances [14] . Wearing face masks can also raise the vocal effort of the speaker in the form of an effect on the voice/breathing coordination, changes the perceptual characteristics of the voice, and increases vocal track discomfort levels. The use of a mask increases the feeling of verbal discomfort, especially in staff who wear them for daily job activities [15] . The vocal effort is mainly a subjective or perceived response, hence, the Borg CR10 scale can be employed as a helpful psychometric scale for determining it. Leer and Mersbergen [16] verified the usability and validity of the Borg CR10 scale in determining the level of perceived vocal effort in the healthcare setting.",
            "cite_spans": [
                {
                    "start": 367,
                    "end": 371,
                    "text": "[14]",
                    "ref_id": "BIBREF13"
                },
                {
                    "start": 721,
                    "end": 725,
                    "text": "[15]",
                    "ref_id": "BIBREF14"
                },
                {
                    "start": 906,
                    "end": 910,
                    "text": "[16]",
                    "ref_id": "BIBREF15"
                }
            ],
            "ref_spans": [],
            "section": "Introduction"
        },
        {
            "text": "It can be stated that the consequences of available commercial face masks on verbal communication in the presence of background noise are extremely important in healthcare settings. As mentioned, less attention has been paid to the effect of face masks used by nurses on verbal communication in Persian compared to existing data about particle removal efficiency. The present study aimed to empirically investigate the effect of face masks on speech comprehensibility in simulated acoustic conditions of the Iranian healthcare settings. Determination of the effect sizes of the available face masks on the speech comprehension of healthcare staff can help professionals in selecting the appropriate face mask as well as applying new techniques in producing face masks with appropriate acoustic characteristics.",
            "cite_spans": [],
            "ref_spans": [],
            "section": "Introduction"
        },
        {
            "text": "In this study, as shown in Fig. 1 , seven typical commercial face masks with technical specifications from reliable national manufacturers were investigated, including the two medical or surgical masks, two N95 respirators with a filter, three-dimensional (3D) mask, N99 respirators with a filter, and N99 respirators without a filter. Table 1 shows some important characteristics, including materials, layers, and surface density of the studied face masks. Most national industries use spun bond-melt blown-spun bond (SMS) technology for producing available surgical masks. The studied face masks are commonly composed of polypropylene spun bond and melt blown fabric laminate. For example, in surgical masks, the inner spun-bond nonwoven fabric layer absorbs Fig.1 Appearance of the studied face masks along with identification codes moisture released by the user, and the outer layer is mainly applied to create a barrier between the external droplets and the users. The middle melt-blown nonwoven fabric is the filter layer that provides protection from airborne pollutants. It should be noted that spun bond nonwoven fabrics are composed of continuous filaments produced by an integrated fiber spinning, web formation, and bonding process. The N95 and N99 respirators are comprised of many layers of polypropylene nonwoven fabric.",
            "cite_spans": [],
            "ref_spans": [
                {
                    "start": 27,
                    "end": 33,
                    "text": "Fig. 1",
                    "ref_id": null
                },
                {
                    "start": 336,
                    "end": 343,
                    "text": "Table 1",
                    "ref_id": "TABREF0"
                },
                {
                    "start": 761,
                    "end": 766,
                    "text": "Fig.1",
                    "ref_id": null
                }
            ],
            "section": "Face Mask Samples"
        },
        {
            "text": "In this experimental study, 20 female nurses from hospitals affiliated with Hamadan University of Medical Sciences (located in the west of Iran) with an age range of 25-40 years were randomly selected. It should be noted that most of the medical staff in the Iranian healthcare settings are females; hence, all of the subjects who participated were considered female staff. Statistics from the Iranian Nursing Organization show that more than 80% of nurses in hospitals are women. Inclusion criteria for participating in the study included having normal hearing status (hearing threshold lower than 25 dB). Pure tone audiometry was conducted to determine a person's hearing threshold using an audiometer (MAICO; model KS5). The audiometry test environment was an acoustic room with furnished wall surfaces. The test environment was according to the ISO 8253 [17] recommendations, an acoustic room to provide a background noise level lower than 30 dBA and a reverberation time of lower than 0.5 s per frequency in the range of 125-8000 Hz. This study was approved by the Ethics Committee of Hamadan University of Medical Sciences (ethic code: IR.UMSHA.REC.1399.320).",
            "cite_spans": [
                {
                    "start": 858,
                    "end": 862,
                    "text": "[17]",
                    "ref_id": "BIBREF16"
                }
            ],
            "ref_spans": [],
            "section": "Participants"
        },
        {
            "text": "After being informed about this study, each participant completed a consent form. The exclusion criteria for selecting participants included the presence of voice and tone disorders, respiratory disorder or infection, and any oral disability.",
            "cite_spans": [],
            "ref_spans": [],
            "section": "Participants"
        },
        {
            "text": "To measure the acoustic performance of the face mask in more realistic conditions, the speech from a human talker when wearing each face mask was recorded. According to the ISO 8253-3 [18] standard, a different series of accurate and reliable lists of one-syllable Persian words were used for reading by a human talker for each face mask. It should be noted that each series included 25 words. A female talker was selected as a human speaker who tried to preserve a consistent speech level during each voice recording. The talker avoided emphasizing words and maintained normal speed and clarity of speech during the recording of each scenario. To further ensure the production of the speaker's voice at a constant level in different masks, BANDICAM 4.6.5 recorder software was used to monitor the speech, and if there were fluctuations, the recording was repeated. The speech was recorded at the mentioned acoustic studio to provide the least background noise level in the range of 125-8000 Hz. A headset with a fixed microphone was used on the head of a human speaker when wearing face masks to record speech in the same conditions in all sessions. The speech intelligibility test was conducted based on the speech discrimination score (SDS). Nurses as listeners were positioned 2 m away from the loudspeakers without any movement or making noise or talking in an experiment room that simulated the acoustic characteristics of the typical hospital environment. So it can be expressed in the phase of the human talker recordings, a headset microphone was used to record speech as direct sound passing at the closest point to the surface of the face mask. In the next phase, the recorded speech affected by passing the face mask was played back for the listener positioned 2 m away from the speaker based on the social distancing rule during the pandemic.",
            "cite_spans": [
                {
                    "start": 184,
                    "end": 188,
                    "text": "[18]",
                    "ref_id": "BIBREF17"
                }
            ],
            "ref_spans": [],
            "section": "Determination of Speech Intelligibility"
        },
        {
            "text": "The listeners were asked to listen for one-syllable Persian words recorded for each mask and write it. Then, the percentage of correct words repeated by the listeners was determined. Based on EC 60268-16 [19] standard recommendation, the percentage of syllable intelligibility was classified: bad 0-34%; poor 34-48%; fair 48-67%; good 67-90%; and excellent 90-96%. The baseline speech intelligibility of each participant was determined at the acoustic studio at the lowest background noise level [20] .",
            "cite_spans": [
                {
                    "start": 204,
                    "end": 208,
                    "text": "[19]",
                    "ref_id": "BIBREF18"
                },
                {
                    "start": 496,
                    "end": 500,
                    "text": "[20]",
                    "ref_id": "BIBREF19"
                }
            ],
            "ref_spans": [],
            "section": "Determination of Speech Intelligibility"
        },
        {
            "text": "The speech intelligibility of participants for each face mask was determined at two ambient background noise levels of 60 and 70 dBA. The recorded speech stimuli were emitted at an approximately normal voice range of about 70 dBA for providing an approximate signal-to-noise ratio of 0 dB at a background noise level of 70 dBA and an approximate signal-to-noise ratio of +10 dB at a background noise level of 60 dBA. Given that each face mask may have had a different quantitative effect on the speaker's voice, the signal value was not inherently fixed, but the background noise was con- The frequency spectrum of the recorded background noise in a healthcare setting is presented in Fig. 2 . As shown, the dominant frequencies of the hospital background noise are in a medium-frequency range.",
            "cite_spans": [],
            "ref_spans": [
                {
                    "start": 685,
                    "end": 691,
                    "text": "Fig. 2",
                    "ref_id": "FIGREF0"
                }
            ],
            "section": "Determination of Speech Intelligibility"
        },
        {
            "text": "The Borg scale for rating perceived exertion, defined by Gunnar Borg, is a tool for determining exertion and effort level, fatigue, and breathlessness level during physical activities [14, 16, 21] . This scale is successfully used in various fields of medicine, ergonomics, and kinesiology to determine the level of perceived exertion and effort. The scale is a very simple numerical list, as shown in Table 2 . In this study, each participant read the prepared standard text continuously for 3 minutes while wearing each face mask with background noise recorded from typical real healthcare workstations. The background noise levels of 70 and 75 dBA were played using loudspeakers in the experiment room. Based on the literature, these background noises are common examples of noisy hospital settings that increase the need for speech effort, and as a result, the effect of different types of face masks on vocal effort can be better determined and compared. The baseline vocal effort of each participant was determined at the acoustic studio with the least background noise level. Participants were requested to rate their effort and exertion on the scale after the defined reading activity when wearing each face mask so that it can combine all feelings and sensations about perceived physical fatigue and stress. ",
            "cite_spans": [
                {
                    "start": 184,
                    "end": 188,
                    "text": "[14,",
                    "ref_id": "BIBREF13"
                },
                {
                    "start": 189,
                    "end": 192,
                    "text": "16,",
                    "ref_id": "BIBREF15"
                },
                {
                    "start": 193,
                    "end": 196,
                    "text": "21]",
                    "ref_id": "BIBREF20"
                }
            ],
            "ref_spans": [
                {
                    "start": 402,
                    "end": 409,
                    "text": "Table 2",
                    "ref_id": "TABREF1"
                }
            ],
            "section": "Determination of Vocal Effort"
        },
        {
            "text": "A head-shaped loudspeaker was used to measure the acoustic attenuation of each face mask for a distant listener. The face masks were mounted and fitted exactly on the face of the mannequin head as shown in Fig. 3 . A small loudspeaker (Tesco, model TS 2385, sound power of 5 W, frequency range of 100-18,000 Hz) with dimensions of 60 \u00d7 50 \u00d7 60 mm mounted and fully sealed within the mouth of the mannequin head. An aperture with dimensions of 6 \u00d7 30 mm at the lip allowed the head to emit speech and noise signals. The head mannequin was made of epoxy resin material so that there was no vibration and sound transmission from its body except at the lip opening. The inside of the mannequin was filled with absorbent material made of polyurethane foam.",
            "cite_spans": [],
            "ref_spans": [
                {
                    "start": 206,
                    "end": 212,
                    "text": "Fig. 3",
                    "ref_id": "FIGREF1"
                }
            ],
            "section": "Measurement of Speech Spectrum Attenuation"
        },
        {
            "text": "The mannequin head was placed on a microphone stand at ",
            "cite_spans": [],
            "ref_spans": [],
            "section": "Measurement of Speech Spectrum Attenuation"
        },
        {
            "text": "Data were analyzed in SPSS software (ver. 22, Chicago, IL, USA). Data normality was tested using the Kolmogorov-Smirnov test. The significant relation among some features was analyzed using Pearson correlation. Wilcoxon's tests were used when the data distribution was not normal. The statistical significance level for all tests was set at 5%. A linear mixed model (LMM) was also run to analyze the acoustic effect of background noise and face masks on the Persian speech quality indicators.",
            "cite_spans": [],
            "ref_spans": [],
            "section": "Statistical Analysis"
        },
        {
            "text": "Descriptive statistics of the speech intelligibility of nurses from a human speaker wearing different face masks in the presence of background noise are shown in Fig. 4 . The results showed that the baseline speech intelligibility of the nurses was 98.80 \u00b1 1.24%. As shown in Fig. 4 , the findings descriptively revealed the speech intelligibility of nurses from a human speaker wearing a face mask decreases compared to the no-mask condition in the presence of background noise.",
            "cite_spans": [],
            "ref_spans": [
                {
                    "start": 162,
                    "end": 168,
                    "text": "Fig. 4",
                    "ref_id": "FIGREF2"
                },
                {
                    "start": 276,
                    "end": 282,
                    "text": "Fig. 4",
                    "ref_id": "FIGREF2"
                }
            ],
            "section": "Results"
        },
        {
            "text": "The speech intelligibility of nurses from a human speaker wearing the surgical and N95 face masks were at a fair level according to EC 60268-16 (2020) standard classifications. However, the speech intelligibility from a human speaker wearing a face mask along with a shield was from bad to poor. The effects of different background noise and face masks on the speech intelligibility of nurses based on the estimated marginal means acquired by the LMM model are shown in Table 3 . It should be noted that the speech intelligibility for each mask was considered based on the estimated marginal means at both background noise levels. The results showed that the background noise decreased the speech intelligibility of nurses by approximately 22% compared with the baseline value (p < 0.01). The results also showed the speech intelligibility of nurses from a human speaker wearing different face masks at the background noise level of 70 dBA is approximately 15% lower than the background noise level of 60 dBA (p < 0.01).",
            "cite_spans": [],
            "ref_spans": [
                {
                    "start": 470,
                    "end": 477,
                    "text": "Table 3",
                    "ref_id": "TABREF2"
                }
            ],
            "section": "Results"
        },
        {
            "text": "The speech intelligibility of nurses from a human speaker wearing surgical masks, N95 masks with filter, and face masks along with shield are approximately 10%, 20%, and 40-50%, respectively, less than when not using face masks in the presence of background noise levels (p < 0.01). The results showed speech intelligibility of nurses from a human speaker wearing an N95 face mask with a filter is approximately 10% lower than when using surgical face masks in the presence of background noise levels (p < 0.01). The results showed the use of a face shield further decreases the speech intelligibility of nurses from 25 to 30% compared to using face masks alone in the presence of background noise levels (p < 0.01). No interaction was observed between background noise levels and face masks with respect to speech intelligibility (p > 0.05).",
            "cite_spans": [],
            "ref_spans": [],
            "section": "Results"
        },
        {
            "text": "Descriptive statistics of the vocal effort of nurses for face masks in the presence of background noise levels are presented in Fig. 5 . The effects of different background noise levels and face masks on vocal effort scores based on the Table 4 . It should be noted that the vocal effort for each mask was considered based on the estimated marginal means at both background noise levels.",
            "cite_spans": [],
            "ref_spans": [
                {
                    "start": 128,
                    "end": 134,
                    "text": "Fig. 5",
                    "ref_id": "FIGREF3"
                },
                {
                    "start": 237,
                    "end": 244,
                    "text": "Table 4",
                    "ref_id": "TABREF3"
                }
            ],
            "section": "Results"
        },
        {
            "text": "Overall, the baseline vocal efforts of nurses were much lower than very slight exertion without using a face mask and no background noise. However, in the presence of higher background noise, the vocal efforts of nurses without using a mask were increased to within very slight exertion. The vocal efforts of nurses when wearing surgical face masks were increased from very slight exertion to slight exertion which was not statistically significant compared with the baseline vocal efforts (p > 0.05). The vocal efforts of nurses when wearing three-dimensional face masks were increased from slight to moderate exertion and were statistically significant compared with the baseline vocal efforts (p < 0.05). The vocal efforts of nurses when wearing N95 face masks with the filter were increased up to severe exertion. However, the N99 face mask with a filter imposed lower verbal exertion compared to the N99 face mask without the filter. Generally, the vocal efforts of nurses when wearing N95 and N99 respirators are at an unacceptable level. In this case, nurses feel physical stress and fatigue during continuous conversation or lecture. The results also showed that in the use of all face masks, increasing the background noise by 5 dB increases the vocal effort of nurses from moderate to somewhat severe exertion. No interaction was observed between background noise levels and face masks with respect to vocal effort (p > 0.05). Figure 6 shows that the effect of face masks on the speech spectrum at a one-third octave band at the listener position with respect to no-mask condition. The results showed the average high-frequency attenuation of speech signals for all face masks. In this experiment, the face masks had little effect on speech signals below 2000 Hz, and they showed high sound attenuation above 2500 Hz at a one-third octave band. Generally, most studied face masks had no considerable effect below 2.5 kHz, but they attenuated higher frequencies by different amounts. The greatest sound attenuation was approximately observed at the central frequency of 5000 to 6300 Hz for N95 and N99 respirators. The greatest sound attenuation was observed at the central frequency of 8000 Hz for surgical masks. Generally, the effect of surgical masks on reducing the transmission of speech spectrum is insignificant compared to N95 and N99 respirators.",
            "cite_spans": [],
            "ref_spans": [
                {
                    "start": 1437,
                    "end": 1445,
                    "text": "Figure 6",
                    "ref_id": "FIGREF4"
                }
            ],
            "section": "Results"
        },
        {
            "text": "The COVID-19 pandemic has extremely influenced interpersonal communication, especially in healthcare settings. Face masks are essential for healthcare staff, but characteristics of the speech signal in Persian whilst wearing these respiratory devices are not experimentally reported. This study tried to explore new evidence about the role of face masks and background noise on Persian speech comprehensibility during interpersonal communication. The current results demonstrated that different face masks affect the speech intelligibility of nurses depending on the level of background noise. Based on the developed LMM, the speech intelligibility of nurses from a human speaker wearing face masks is significantly lower than no-mask condition. However, the speech intelligibility of nurses from a human speaker wearing the surgical and N95 face masks is at a fair level. Therefore, it can be stated that surgical face masks have no detrimental effect on the speech communication of nurses. Our finding is similar to the results reported by Fiorella et al. [22] , who showed that using a surgical mask does not create a significant effect on acoustic voice parameters. Toscano [23] showed that in low background noise levels, surgical face masks had no considerable effect, reducing the accuracy of word recognition by a maximum of 5.5% compared to a nomask condition. In high background noise, the percentage of correct word recognition decreased between 2.8 and 18.2% compared to no-face mask conditions. However, the surgical masks showed no significant difference in any of the tested conditions. Their study suggests that the surgical mask is preferred for verbal communication if high levels of background noise are predicted. However, surgical masks are relatively sufficient for protecting public users in the high space area with possible proper social distancing. In healthcare settings, surgical masks are commonly employed to block large respiratory droplets during routine surgical procedures but do not filter small particles [24] . Moreover, wearing a surgical mask can help limit the spread of some respiratory particles by patients, so they are effective at preventing virus spread. Hence, N95 and N99 respirators are usually advised to protect the health of nurses or doctors around patients who are potentially infected with respiratory viruses [25] .",
            "cite_spans": [
                {
                    "start": 1058,
                    "end": 1062,
                    "text": "[22]",
                    "ref_id": "BIBREF21"
                },
                {
                    "start": 1178,
                    "end": 1182,
                    "text": "[23]",
                    "ref_id": "BIBREF22"
                },
                {
                    "start": 2041,
                    "end": 2045,
                    "text": "[24]",
                    "ref_id": "BIBREF23"
                },
                {
                    "start": 2365,
                    "end": 2369,
                    "text": "[25]",
                    "ref_id": "BIBREF24"
                }
            ],
            "ref_spans": [],
            "section": "Discussion"
        },
        {
            "text": "This means that if the background noise is a bit loud, the N95 mask will keep the speech transmission in optimal condition to some extent. In this regard, JiChoi [26] also reported the intelligibility scores obtained from young adult listeners wearing N95 respirators reduced to a maximum of 10% at the signal-to-noise ratio of 5 dB compared to the results acquired in no-mask conditions. Moreover, the perceived effort ratings by participants wearing N95 respirators increased to a maximum of 10% at low background noise compared to the results acquired in no-mask conditions.",
            "cite_spans": [
                {
                    "start": 162,
                    "end": 166,
                    "text": "[26]",
                    "ref_id": "BIBREF25"
                }
            ],
            "ref_spans": [],
            "section": "Discussion"
        },
        {
            "text": "It is observed that the speech intelligibility of nurses from a human speaker wearing a shield along with a face mask is from bad to poor. Atcherson et al. [27] also showed that although transparent masks do not have the problem of speech communication through lip and mouth movements, they further attenuate speech transmission compared to regular face masks. Homans and Vroegop [28] showed that the face shield had a negative effect on speech intelligibility, in that its speech distortion was greater than that with the surgical mask alone.",
            "cite_spans": [
                {
                    "start": 156,
                    "end": 160,
                    "text": "[27]",
                    "ref_id": "BIBREF26"
                },
                {
                    "start": 380,
                    "end": 384,
                    "text": "[28]",
                    "ref_id": "BIBREF27"
                }
            ],
            "ref_spans": [],
            "section": "Discussion"
        },
        {
            "text": "The findings verified that an increase in background noise decreased the speech intelligibility of nurses considerably compared with the baseline value. Toscano [23] also demonstrated that differences in acoustic performance among face masks become more obvious in high background noise. Smiljanic et al. [29] showed that under normal environmental conditions, in terms of background sound, face masks have less effect on recognizing spoken words compared to high background noise conditions. The current results showed the average high-frequency attenuation of speech signals for all face masks at a one-third octave band greater than 2.5 kHz. Our finding is similar to the results reported by Corey et al. [9] who showed face masks had little effect on sound below 1 kHz, modest attenuation between 1 and 4 kHz, and strong attenuation above 4 kHz. Chmelik et al. [10] also found that all face shields and masks attenuate frequencies above 1-2 kHz. Magee et al. [1] reported significant differences in acoustic power distribution across relevant frequency bands for speech in all tested masks compared to no mask. However, the differences were not observed in frequencies below 3 kHz. The current findings verified that the effect of surgical masks on decreasing the transmission of the voice spectrum is insignificant compared to N95 and N99 respirators. JiChoi [26] showed that the surgical and KF94 face masks perform better acoustically at high frequencies between 2 and 5 kHz than the N95 respirator.",
            "cite_spans": [
                {
                    "start": 161,
                    "end": 165,
                    "text": "[23]",
                    "ref_id": "BIBREF22"
                },
                {
                    "start": 305,
                    "end": 309,
                    "text": "[29]",
                    "ref_id": "BIBREF28"
                },
                {
                    "start": 708,
                    "end": 711,
                    "text": "[9]",
                    "ref_id": "BIBREF8"
                },
                {
                    "start": 865,
                    "end": 869,
                    "text": "[10]",
                    "ref_id": "BIBREF9"
                },
                {
                    "start": 963,
                    "end": 966,
                    "text": "[1]",
                    "ref_id": "BIBREF0"
                },
                {
                    "start": 1364,
                    "end": 1368,
                    "text": "[26]",
                    "ref_id": "BIBREF25"
                }
            ],
            "ref_spans": [],
            "section": "Discussion"
        },
        {
            "text": "The vocal efforts of nurses when wearing surgical face masks were not significant compared with the baseline vocal efforts; however, vocal efforts of nurses when wearing N95 and N99 face masks are at an unacceptable level. The results also showed that increasing the background noise increases the vocal effort of nurses when wearing different face masks. In this regard, Karagkouni [30] showed that the face masks increase the vocal effort of the speaker and disturb the voice/breathing coordination results in vocal discomfort levels.",
            "cite_spans": [
                {
                    "start": 383,
                    "end": 387,
                    "text": "[30]",
                    "ref_id": "BIBREF29"
                }
            ],
            "ref_spans": [],
            "section": "Discussion"
        },
        {
            "text": "The interpretation of the current results is limited to the tested commercial face masks and defined background noise in some nursing service workstations. Further studies should be undertaken to seek a balance between face mask protection and the ability to verbally communicate.",
            "cite_spans": [],
            "ref_spans": [],
            "section": "Discussion"
        },
        {
            "text": "In the current study, the speech from a human talker when wearing each face mask was recorded, and then the speech was played back over loudspeakers for listeners. As noted, wearing a face mask has a noticeable effect on the main visual cues from lip and mouth gestures of the speaker, so there is no significant difference in face-to-face and offline conversation when wearing a face mask. The recorded background noise from real healthcare was emitted in a test environment using two loudspeakers. The simulated background noise condition using a loudspeaker may have different spatial emissions compared to the actual conditions of the hospital environment. However, this inherent bias of laboratory conditions was the same in all scenarios.",
            "cite_spans": [],
            "ref_spans": [],
            "section": "Discussion"
        },
        {
            "text": "Some studies showed that the material has more impact on sound transmission than the geometric shape and design of the mask [31, 32] . It seems that in order to improve some characteristics affecting the protection efficiency and usability of face masks, new technologies should be used. It is proposed that nanofiber-based media have a high ratio of surface area to volume, low-pressure loss, high interconnectivity of voids, and controllable morphology which can be employed to achieve excellent filtering and possibly verbal communication and even personal thermal comfort in the process of producing newer face masks [32, 33] .",
            "cite_spans": [
                {
                    "start": 124,
                    "end": 128,
                    "text": "[31,",
                    "ref_id": "BIBREF30"
                },
                {
                    "start": 129,
                    "end": 132,
                    "text": "32]",
                    "ref_id": "BIBREF31"
                },
                {
                    "start": 621,
                    "end": 625,
                    "text": "[32,",
                    "ref_id": "BIBREF31"
                },
                {
                    "start": 626,
                    "end": 629,
                    "text": "33]",
                    "ref_id": "BIBREF32"
                }
            ],
            "ref_spans": [],
            "section": "Discussion"
        },
        {
            "text": "Mheidly et al. [34] stated that during the current COVID-19 pandemic, the design of effective strategies and increased skills in verbal communication with face masks is essential. It is proposed that hand gestures or body movements be employed by nurses wearing face masks to increase speech comprehensibility during interpersonal communication. The findings verified that background noise levels have a considerable influence on the ability to understand the speech of Persian words. Based on the observed critical role of background noise on speech intelligibility, some technical intervention or acoustic treatment must be applied in the noisy hospital environments for reducing reflecting noise from surfaces and noise sources. Finally, it is recommended that the face masks with the minimum required protection criteria while maintaining acceptable speech intelligibility should be worn by nurses employed in noisy healthcare settings.",
            "cite_spans": [
                {
                    "start": 15,
                    "end": 19,
                    "text": "[34]",
                    "ref_id": "BIBREF33"
                }
            ],
            "ref_spans": [],
            "section": "Discussion"
        },
        {
            "text": "Speech communications in healthcare settings are always challenging while wearing face masks. The current findings verified that the combination of face masks and the presence of background noise negatively impacts verbal communication in Persian. The high background noise in the healthcare settings can aggravate the effect sizes of the face masks on speech comprehensibility. Moreover, the vocal efforts of nurses when wearing N95 and N99 respirators were not acceptable even for a short conversation. Newer technology in this field as nanofiber-based media can be employed to facilitate excellent filtering, breathability, and consequently possible good verbal communication. The current experimental evidence can help professionals design practical guidelines to preserve nurses' verbal communication when using commercially available face masks during the COVID-19 pandemic.",
            "cite_spans": [],
            "ref_spans": [],
            "section": "Conclusion"
        }
    ],
    "bib_entries": {
        "BIBREF0": {
            "ref_id": "b0",
            "title": "Effects of face masks on acoustic analysis and speech perception: implications for peri-pandemic protocols",
            "authors": [
                {
                    "first": "M",
                    "middle": [],
                    "last": "Magee",
                    "suffix": ""
                },
                {
                    "first": "C",
                    "middle": [],
                    "last": "Lewis",
                    "suffix": ""
                },
                {
                    "first": "G",
                    "middle": [],
                    "last": "Noffs",
                    "suffix": ""
                },
                {
                    "first": "H",
                    "middle": [],
                    "last": "Reece",
                    "suffix": ""
                },
                {
                    "first": "J",
                    "middle": [],
                    "last": "Chan",
                    "suffix": ""
                },
                {
                    "first": "C",
                    "middle": [
                        "J"
                    ],
                    "last": "Zaga",
                    "suffix": ""
                }
            ],
            "year": 2020,
            "venue": "J. Acoust. Soc. Am",
            "volume": "148",
            "issn": "",
            "pages": "",
            "other_ids": {
                "DOI": [
                    "10.1121/10.0002873"
                ]
            }
        },
        "BIBREF1": {
            "ref_id": "b1",
            "title": "How do medical masks degrade speech perception?",
            "authors": [
                {
                    "first": "A",
                    "middle": [],
                    "last": "Goldin",
                    "suffix": ""
                },
                {
                    "first": "B",
                    "middle": [
                        "E"
                    ],
                    "last": "Weinstein",
                    "suffix": ""
                },
                {
                    "first": "N",
                    "middle": [],
                    "last": "Shiman",
                    "suffix": ""
                }
            ],
            "year": 2020,
            "venue": "Hear. Rev",
            "volume": "27",
            "issn": "5",
            "pages": "8--9",
            "other_ids": {}
        },
        "BIBREF2": {
            "ref_id": "b2",
            "title": "Contamination by respiratory viruses on outer surface of medical masks used by hospital healthcare workers",
            "authors": [
                {
                    "first": "A",
                    "middle": [
                        "A"
                    ],
                    "last": "Chughtai",
                    "suffix": ""
                },
                {
                    "first": "S",
                    "middle": [],
                    "last": "Stelzer-Braid",
                    "suffix": ""
                },
                {
                    "first": "W",
                    "middle": [],
                    "last": "Rawlinson",
                    "suffix": ""
                },
                {
                    "first": "G",
                    "middle": [],
                    "last": "Pontivivo",
                    "suffix": ""
                },
                {
                    "first": "Q",
                    "middle": [],
                    "last": "Wang",
                    "suffix": ""
                },
                {
                    "first": "Y",
                    "middle": [],
                    "last": "Pan",
                    "suffix": ""
                }
            ],
            "year": 2019,
            "venue": "BMC Infect. Dis",
            "volume": "19",
            "issn": "",
            "pages": "",
            "other_ids": {}
        },
        "BIBREF3": {
            "ref_id": "b3",
            "title": "Psychosocial effects of SARS on hospital staff: survey of a large tertiary care institution",
            "authors": [
                {
                    "first": "L",
                    "middle": [
                        "A"
                    ],
                    "last": "Nickell",
                    "suffix": ""
                },
                {
                    "first": "E",
                    "middle": [
                        "J"
                    ],
                    "last": "Crighton",
                    "suffix": ""
                },
                {
                    "first": "C",
                    "middle": [
                        "S"
                    ],
                    "last": "Tracy",
                    "suffix": ""
                },
                {
                    "first": "H",
                    "middle": [],
                    "last": "Al-Enazy",
                    "suffix": ""
                },
                {
                    "first": "Y",
                    "middle": [],
                    "last": "Bolaji",
                    "suffix": ""
                },
                {
                    "first": "S",
                    "middle": [],
                    "last": "Hanjrah",
                    "suffix": ""
                }
            ],
            "year": 2004,
            "venue": "Can. Med. Assoc. J",
            "volume": "170",
            "issn": "",
            "pages": "793--798",
            "other_ids": {}
        },
        "BIBREF4": {
            "ref_id": "b4",
            "title": "Environmental noise in hospitals: a systematic review",
            "authors": [
                {
                    "first": "E",
                    "middle": [
                        "L"
                    ],
                    "last": "Andrade",
                    "suffix": ""
                },
                {
                    "first": "D",
                    "middle": [
                        "C C"
                    ],
                    "last": "Silva",
                    "suffix": ""
                },
                {
                    "first": "E",
                    "middle": [
                        "A"
                    ],
                    "last": "Lima",
                    "suffix": ""
                },
                {
                    "first": "R",
                    "middle": [
                        "A"
                    ],
                    "last": "Oliveira",
                    "suffix": ""
                },
                {
                    "first": "P",
                    "middle": [
                        "H T"
                    ],
                    "last": "Zannin",
                    "suffix": ""
                },
                {
                    "first": "A",
                    "middle": [
                        "C G"
                    ],
                    "last": "Martins",
                    "suffix": ""
                }
            ],
            "year": 2021,
            "venue": "Environ. Sci. Pollut. Res",
            "volume": "28",
            "issn": "",
            "pages": "",
            "other_ids": {}
        },
        "BIBREF5": {
            "ref_id": "b5",
            "title": "An investigation of sound levels on intensive care units with reference to the WHO guidelines",
            "authors": [
                {
                    "first": "J",
                    "middle": [
                        "L"
                    ],
                    "last": "Darbyshire",
                    "suffix": ""
                },
                {
                    "first": "J",
                    "middle": [
                        "D"
                    ],
                    "last": "Young",
                    "suffix": ""
                }
            ],
            "year": 2013,
            "venue": "Crit. Care",
            "volume": "17",
            "issn": "5",
            "pages": "",
            "other_ids": {
                "DOI": [
                    "10.1186/cc12870"
                ]
            }
        },
        "BIBREF6": {
            "ref_id": "b6",
            "title": "A study in hospital noise-a case from Taiwan",
            "authors": [
                {
                    "first": "J",
                    "middle": [
                        "Y"
                    ],
                    "last": "Pai",
                    "suffix": ""
                }
            ],
            "year": 2007,
            "venue": "Int. J. Occup. Saf. Ergon",
            "volume": "13",
            "issn": "",
            "pages": "83--90",
            "other_ids": {}
        },
        "BIBREF7": {
            "ref_id": "b7",
            "title": "Acoustic effects of medical, cloth, and transparent face masks on speech signals",
            "authors": [
                {
                    "first": "R",
                    "middle": [
                        "M"
                    ],
                    "last": "Corey",
                    "suffix": ""
                },
                {
                    "first": "U",
                    "middle": [],
                    "last": "Jones",
                    "suffix": ""
                },
                {
                    "first": "A",
                    "middle": [
                        "C"
                    ],
                    "last": "Singer",
                    "suffix": ""
                }
            ],
            "year": 2020,
            "venue": "J. Acoust. Soc. Am",
            "volume": "148",
            "issn": "4",
            "pages": "",
            "other_ids": {
                "DOI": [
                    "10.1121/10.0002279"
                ]
            }
        },
        "BIBREF8": {
            "ref_id": "b8",
            "title": "Comparison of the acoustic effects of face masks on speech",
            "authors": [
                {
                    "first": "R",
                    "middle": [
                        "M"
                    ],
                    "last": "Corey",
                    "suffix": ""
                },
                {
                    "first": "U",
                    "middle": [],
                    "last": "Jones",
                    "suffix": ""
                },
                {
                    "first": "A",
                    "middle": [
                        "C"
                    ],
                    "last": "Singer",
                    "suffix": ""
                }
            ],
            "year": 2021,
            "venue": "Hear. J",
            "volume": "5",
            "issn": "",
            "pages": "36--39",
            "other_ids": {}
        },
        "BIBREF9": {
            "ref_id": "b9",
            "title": "Effect of mouth mask and face shield on speech spectrum in Slovak Language",
            "authors": [
                {
                    "first": "V",
                    "middle": [],
                    "last": "Chmel\u00edk",
                    "suffix": ""
                },
                {
                    "first": "D",
                    "middle": [],
                    "last": "Urb\u00e1n",
                    "suffix": ""
                },
                {
                    "first": "L",
                    "middle": [],
                    "last": "Zelem",
                    "suffix": ""
                },
                {
                    "first": "M",
                    "middle": [],
                    "last": "Rycht\u00e1rikov\u00e1",
                    "suffix": ""
                }
            ],
            "year": 2021,
            "venue": "Appl. Sci",
            "volume": "11",
            "issn": "",
            "pages": "",
            "other_ids": {
                "DOI": [
                    "10.3390/app11114829"
                ]
            }
        },
        "BIBREF10": {
            "ref_id": "b10",
            "title": "Effects of wearing face masks while using different speaking styles in noise on speech intelligibility during the COVID-19 Pandemic",
            "authors": [
                {
                    "first": "H",
                    "middle": [],
                    "last": "Yi",
                    "suffix": ""
                },
                {
                    "first": "A",
                    "middle": [],
                    "last": "Pingsterhaus",
                    "suffix": ""
                },
                {
                    "first": "W",
                    "middle": [],
                    "last": "Song",
                    "suffix": ""
                }
            ],
            "year": 2021,
            "venue": "Front. Psychol",
            "volume": "12",
            "issn": "",
            "pages": "",
            "other_ids": {
                "DOI": [
                    "10.3389/fpsyg.2021.682677"
                ]
            }
        },
        "BIBREF11": {
            "ref_id": "b11",
            "title": "The effects of surgical masks on speech perception in noise. The Ohio State University",
            "authors": [
                {
                    "first": "K",
                    "middle": [
                        "J"
                    ],
                    "last": "Wittum",
                    "suffix": ""
                }
            ],
            "year": 2013,
            "venue": "",
            "volume": "",
            "issn": "",
            "pages": "",
            "other_ids": {}
        },
        "BIBREF12": {
            "ref_id": "b12",
            "title": "The effect of face masks on the intelligibility of unpredictable sentences. 179th Meeting of the",
            "authors": [
                {
                    "first": "M",
                    "middle": [],
                    "last": "Randazzo",
                    "suffix": ""
                },
                {
                    "first": "L",
                    "middle": [
                        "L"
                    ],
                    "last": "Koenig",
                    "suffix": ""
                },
                {
                    "first": "R",
                    "middle": [],
                    "last": "Priefer",
                    "suffix": ""
                }
            ],
            "year": 2020,
            "venue": "",
            "volume": "",
            "issn": "",
            "pages": "",
            "other_ids": {}
        },
        "BIBREF13": {
            "ref_id": "b13",
            "title": "A review of measures of vocal effort with a preliminary study on the establishment of a vocal effort measure",
            "authors": [
                {
                    "first": "E",
                    "middle": [
                        "F"
                    ],
                    "last": "Baldner",
                    "suffix": ""
                },
                {
                    "first": "E",
                    "middle": [],
                    "last": "Doll",
                    "suffix": ""
                },
                {
                    "first": "M",
                    "middle": [
                        "R"
                    ],
                    "last": "Mersbergen",
                    "suffix": ""
                }
            ],
            "year": 2015,
            "venue": "J. Voice",
            "volume": "29",
            "issn": "5",
            "pages": "530--541",
            "other_ids": {}
        },
        "BIBREF14": {
            "ref_id": "b14",
            "title": "Effect of wearing a face mask on vocal self-perception during a pandemic",
            "authors": [
                {
                    "first": "V",
                    "middle": [
                        "V"
                    ],
                    "last": "Ribeiro",
                    "suffix": ""
                },
                {
                    "first": "A",
                    "middle": [
                        "P"
                    ],
                    "last": "Dassie-Leite",
                    "suffix": ""
                },
                {
                    "first": "E",
                    "middle": [
                        "C"
                    ],
                    "last": "Pereira",
                    "suffix": ""
                },
                {
                    "first": "A",
                    "middle": [
                        "D N"
                    ],
                    "last": "Santos",
                    "suffix": ""
                },
                {
                    "first": "P",
                    "middle": [],
                    "last": "Martins",
                    "suffix": ""
                },
                {
                    "first": "R",
                    "middle": [
                        "A"
                    ],
                    "last": "Irineu",
                    "suffix": ""
                }
            ],
            "year": 2020,
            "venue": "",
            "volume": "",
            "issn": "",
            "pages": "",
            "other_ids": {
                "DOI": [
                    "10.1016/j.jvoice.2020.09.006"
                ]
            }
        },
        "BIBREF15": {
            "ref_id": "b15",
            "title": "Using the BORG CR10 physical exertion scale to measure patient perceived vocal effort pre and post treatment",
            "authors": [
                {
                    "first": "V",
                    "middle": [],
                    "last": "Leer",
                    "suffix": ""
                },
                {
                    "first": "V",
                    "middle": [],
                    "last": "Mersbergen",
                    "suffix": ""
                }
            ],
            "year": 2017,
            "venue": "J. Voice",
            "volume": "31",
            "issn": "3",
            "pages": "19--25",
            "other_ids": {
                "DOI": [
                    "10.1016/j.jvoice.2016.09.023"
                ]
            }
        },
        "BIBREF16": {
            "ref_id": "b16",
            "title": "Basic Pure Tone Air and Bone Conduction Threshold Audiometry. International Organization for Standardization",
            "authors": [],
            "year": 2010,
            "venue": "ISO 8253-1: Acoustics: Audiometric Test methods",
            "volume": "",
            "issn": "",
            "pages": "",
            "other_ids": {}
        },
        "BIBREF17": {
            "ref_id": "b17",
            "title": "ISO 8253-3: Acoustics: Audiometric Test Methods Part 3: Speech Audiometry. International Organization for Standardization",
            "authors": [],
            "year": 2012,
            "venue": "",
            "volume": "",
            "issn": "",
            "pages": "",
            "other_ids": {}
        },
        "BIBREF18": {
            "ref_id": "b18",
            "title": "Objective Rating of Speech Intelligibility by Speech Transmission Index",
            "authors": [],
            "year": 2020,
            "venue": "International Electrotechnical Commission",
            "volume": "16",
            "issn": "",
            "pages": "60268--60284",
            "other_ids": {}
        },
        "BIBREF19": {
            "ref_id": "b19",
            "title": "The effect of hearing protection devices on speech intelligibility of Persian employees",
            "authors": [
                {
                    "first": "M",
                    "middle": [],
                    "last": "Karami",
                    "suffix": ""
                },
                {
                    "first": "M",
                    "middle": [],
                    "last": "Aliabadi",
                    "suffix": ""
                },
                {
                    "first": "R",
                    "middle": [],
                    "last": "Golmohammadi",
                    "suffix": ""
                },
                {
                    "first": "",
                    "middle": [],
                    "last": "Hamidi",
                    "suffix": ""
                },
                {
                    "first": "M",
                    "middle": [],
                    "last": "Nahrani",
                    "suffix": ""
                }
            ],
            "year": 2020,
            "venue": "BMC Res. Notes",
            "volume": "13",
            "issn": "529",
            "pages": "2--6",
            "other_ids": {}
        },
        "BIBREF20": {
            "ref_id": "b20",
            "title": "The Borg rating of perceived exertion (RPE) scale, questionnaire review",
            "authors": [
                {
                    "first": "N",
                    "middle": [],
                    "last": "Williams",
                    "suffix": ""
                }
            ],
            "year": 2017,
            "venue": "J. Occup. Med",
            "volume": "67",
            "issn": "",
            "pages": "404--405",
            "other_ids": {}
        },
        "BIBREF21": {
            "ref_id": "b21",
            "title": "Voice differences when wearing and not wearing a surgical mask",
            "authors": [
                {
                    "first": "M",
                    "middle": [
                        "L"
                    ],
                    "last": "Fiorella",
                    "suffix": ""
                },
                {
                    "first": "G",
                    "middle": [],
                    "last": "Cavallaro",
                    "suffix": ""
                },
                {
                    "first": "V",
                    "middle": [
                        "D"
                    ],
                    "last": "Nicola",
                    "suffix": ""
                },
                {
                    "first": "N",
                    "middle": [],
                    "last": "Quaranta",
                    "suffix": ""
                }
            ],
            "year": 2021,
            "venue": "",
            "volume": "",
            "issn": "",
            "pages": "",
            "other_ids": {
                "DOI": [
                    "10.1016/j.jvoice.2021.01.026"
                ]
            }
        },
        "BIBREF22": {
            "ref_id": "b22",
            "title": "Effects of face masks on speech recognition in multi-talker babble noise",
            "authors": [
                {
                    "first": "J",
                    "middle": [
                        "C"
                    ],
                    "last": "Toscano",
                    "suffix": ""
                },
                {
                    "first": "C",
                    "middle": [
                        "M"
                    ],
                    "last": "Toscano",
                    "suffix": ""
                }
            ],
            "year": 2021,
            "venue": "PLoS ONE",
            "volume": "16",
            "issn": "2",
            "pages": "",
            "other_ids": {
                "DOI": [
                    "10.1371/journal.pone.0246842"
                ]
            }
        },
        "BIBREF23": {
            "ref_id": "b23",
            "title": "Mask use among pedestrians during the Covid-19 pandemic in Southwest Iran: an observational study on 10,440 people",
            "authors": [
                {
                    "first": "Z",
                    "middle": [],
                    "last": "Rahimi",
                    "suffix": ""
                },
                {
                    "first": "G",
                    "middle": [
                        "A"
                    ],
                    "last": "Shirali",
                    "suffix": ""
                },
                {
                    "first": "M",
                    "middle": [],
                    "last": "Araban",
                    "suffix": ""
                },
                {
                    "first": "M",
                    "middle": [
                        "J"
                    ],
                    "last": "Mohammadi",
                    "suffix": ""
                },
                {
                    "first": "B",
                    "middle": [],
                    "last": "Cheraghian",
                    "suffix": ""
                }
            ],
            "year": 2021,
            "venue": "BMC Public Health",
            "volume": "21",
            "issn": "",
            "pages": "",
            "other_ids": {
                "DOI": [
                    "10.1186/s12889-020-10152-2"
                ]
            }
        },
        "BIBREF24": {
            "ref_id": "b24",
            "title": "Speech intelligibility in respiratory protective equipment-implications for verbal communication in critical care",
            "authors": [
                {
                    "first": "M",
                    "middle": [],
                    "last": "Round",
                    "suffix": ""
                },
                {
                    "first": "P",
                    "middle": [],
                    "last": "Isherwood",
                    "suffix": ""
                }
            ],
            "year": 2021,
            "venue": "Trends Anaesth. Crit. Care",
            "volume": "36",
            "issn": "",
            "pages": "23--29",
            "other_ids": {}
        },
        "BIBREF25": {
            "ref_id": "b25",
            "title": "Acoustical measurements of masks and the effects on the speech intelligibility in university classrooms",
            "authors": [
                {
                    "first": "Y",
                    "middle": [],
                    "last": "Jichoi",
                    "suffix": ""
                }
            ],
            "year": 2021,
            "venue": "Appl. Acoust",
            "volume": "180",
            "issn": "",
            "pages": "",
            "other_ids": {
                "DOI": [
                    "10.1016/j.apacoust.2021.108145"
                ]
            }
        },
        "BIBREF26": {
            "ref_id": "b26",
            "title": "Acoustic effects of non-transparent and transparent face coverings",
            "authors": [
                {
                    "first": "S",
                    "middle": [
                        "R"
                    ],
                    "last": "Atcherson",
                    "suffix": ""
                },
                {
                    "first": "B",
                    "middle": [
                        "R"
                    ],
                    "last": "Mcdowell",
                    "suffix": ""
                },
                {
                    "first": "M",
                    "middle": [
                        "P"
                    ],
                    "last": "Howard",
                    "suffix": ""
                }
            ],
            "year": 2021,
            "venue": "J. Acoust. Soc. Am",
            "volume": "149",
            "issn": "",
            "pages": "",
            "other_ids": {
                "DOI": [
                    "10.1121/10.0003962"
                ]
            }
        },
        "BIBREF27": {
            "ref_id": "b27",
            "title": "The impact of face masks on the communication of adults with hearing loss during COVID-19 in a clinical setting",
            "authors": [
                {
                    "first": "N",
                    "middle": [
                        "C"
                    ],
                    "last": "Homans",
                    "suffix": ""
                },
                {
                    "first": "J",
                    "middle": [
                        "L"
                    ],
                    "last": "Vroegop",
                    "suffix": ""
                }
            ],
            "year": 2021,
            "venue": "Int. J. Audiol",
            "volume": "",
            "issn": "",
            "pages": "",
            "other_ids": {
                "DOI": [
                    "10.1080/14992027.2021.1952490"
                ]
            }
        },
        "BIBREF28": {
            "ref_id": "b28",
            "title": "Face masks and speaking style affect audio-visual word recognition and memory of native and non-native speech",
            "authors": [
                {
                    "first": "R",
                    "middle": [],
                    "last": "Smiljanic",
                    "suffix": ""
                },
                {
                    "first": "S",
                    "middle": [],
                    "last": "Keerstock",
                    "suffix": ""
                },
                {
                    "first": "K",
                    "middle": [],
                    "last": "Meemann",
                    "suffix": ""
                },
                {
                    "first": "S",
                    "middle": [
                        "M"
                    ],
                    "last": "Ransom",
                    "suffix": ""
                }
            ],
            "year": 2021,
            "venue": "J. Acoust. Soc. Am",
            "volume": "149",
            "issn": "6",
            "pages": "",
            "other_ids": {
                "DOI": [
                    "10.1121/10.0005191"
                ]
            }
        },
        "BIBREF29": {
            "ref_id": "b29",
            "title": "The effects of the use of protective face mask on the voice and its relation to self-perceived voice changes",
            "authors": [
                {
                    "first": "O",
                    "middle": [],
                    "last": "Karagkouni",
                    "suffix": ""
                }
            ],
            "year": 2021,
            "venue": "",
            "volume": "",
            "issn": "",
            "pages": "",
            "other_ids": {
                "DOI": [
                    "10.1016/j.jvoice.2021.04.014"
                ]
            }
        },
        "BIBREF30": {
            "ref_id": "b30",
            "title": "Acoustic effect of face mask design and material choice",
            "authors": [
                {
                    "first": "B",
                    "middle": [
                        "T"
                    ],
                    "last": "Balamurali",
                    "suffix": ""
                },
                {
                    "first": "T",
                    "middle": [],
                    "last": "Enyi",
                    "suffix": ""
                },
                {
                    "first": "C",
                    "middle": [
                        "J"
                    ],
                    "last": "Clarke",
                    "suffix": ""
                },
                {
                    "first": "S",
                    "middle": [
                        "Y"
                    ],
                    "last": "Harn",
                    "suffix": ""
                },
                {
                    "first": "J",
                    "middle": [
                        "M"
                    ],
                    "last": "Chen",
                    "suffix": ""
                }
            ],
            "year": 2021,
            "venue": "Acoust. Aust",
            "volume": "",
            "issn": "",
            "pages": "",
            "other_ids": {
                "DOI": [
                    "10.1007/s40857-021-00245-2"
                ]
            }
        },
        "BIBREF31": {
            "ref_id": "b31",
            "title": "Nanofiber based face masks and respirators as COVID-19 protection: a review",
            "authors": [
                {
                    "first": "W",
                    "middle": [
                        "K"
                    ],
                    "last": "Essa",
                    "suffix": ""
                },
                {
                    "first": "S",
                    "middle": [
                        "A"
                    ],
                    "last": "Yasin",
                    "suffix": ""
                },
                {
                    "first": "I",
                    "middle": [
                        "A"
                    ],
                    "last": "Saeed",
                    "suffix": ""
                },
                {
                    "first": "G",
                    "middle": [],
                    "last": "Ali",
                    "suffix": ""
                }
            ],
            "year": 2021,
            "venue": "Membranes",
            "volume": "11",
            "issn": "",
            "pages": "",
            "other_ids": {
                "DOI": [
                    "10.3390/membranes11040250"
                ]
            }
        },
        "BIBREF32": {
            "ref_id": "b32",
            "title": "Thermal management in nanofiber-based face mask",
            "authors": [
                {
                    "first": "A",
                    "middle": [],
                    "last": "Yang",
                    "suffix": ""
                },
                {
                    "first": "L",
                    "middle": [],
                    "last": "Cai",
                    "suffix": ""
                },
                {
                    "first": "R",
                    "middle": [],
                    "last": "Zhang",
                    "suffix": ""
                },
                {
                    "first": "J",
                    "middle": [],
                    "last": "Wang",
                    "suffix": ""
                },
                {
                    "first": "P",
                    "middle": [
                        "C"
                    ],
                    "last": "Hsu",
                    "suffix": ""
                },
                {
                    "first": "H",
                    "middle": [],
                    "last": "Wang",
                    "suffix": ""
                }
            ],
            "year": 2017,
            "venue": "Nano Lett",
            "volume": "17",
            "issn": "",
            "pages": "",
            "other_ids": {
                "DOI": [
                    "10.1021/Acs.Nanolett.7b00579"
                ]
            }
        },
        "BIBREF33": {
            "ref_id": "b33",
            "title": "Effect of face masks on interpersonal communication during the COVID-19 pandemic. Front",
            "authors": [
                {
                    "first": "N",
                    "middle": [],
                    "last": "Mheidly",
                    "suffix": ""
                },
                {
                    "first": "M",
                    "middle": [
                        "Y"
                    ],
                    "last": "Fares",
                    "suffix": ""
                },
                {
                    "first": "Z",
                    "middle": [
                        "H J"
                    ],
                    "last": "Fares",
                    "suffix": ""
                }
            ],
            "year": 2020,
            "venue": "Public Health",
            "volume": "8",
            "issn": "",
            "pages": "",
            "other_ids": {
                "DOI": [
                    "10.3389/fpubh.2020.582191"
                ]
            }
        },
        "BIBREF34": {
            "ref_id": "b34",
            "title": "Publisher's Note Springer Nature remains neutral with regard to jurisdictional claims in published maps and institutional affiliations",
            "authors": [],
            "year": null,
            "venue": "",
            "volume": "",
            "issn": "",
            "pages": "",
            "other_ids": {}
        }
    },
    "ref_entries": {
        "FIGREF0": {
            "text": "Frequency spectrum of the typical background noise of a healthcare setting stant. The background noise was recorded from a typical real workstation of healthcare staff at a hospital and simulated in a test environment using two loudspeakers (Pejvak Ava CO).",
            "latex": null,
            "type": "figure"
        },
        "FIGREF1": {
            "text": "A head-shaped loudspeaker with and without face mask a standard height of 1.8 m in the middle of the room away from the wall and floor surfaces to reduce possible sound reflections. In the experiments using the artificial head, a 30s audio recording of a normal voice in Persian was played through the loudspeaker in the mouth lips, simulating artificial speech. To measure the frequency response of each mask for speech signal, a reference sound level meter was placed 1.8 m away from the mannequin head, such that it pointed axially at the lips. The distance of 1.8 m was chosen because it represents a safe distance for following the pandemic health protocols. The measurement of the received speech signals was performed based on a time-weighted or equivalent noise spectrum in a one-third octave band using the sound level meter (Svanteck, SVAN 971; class 1).",
            "latex": null,
            "type": "figure"
        },
        "FIGREF2": {
            "text": "Descriptive statistics of the speech intelligibility of nurses for face masks in the presence of background noise levels",
            "latex": null,
            "type": "figure"
        },
        "FIGREF3": {
            "text": "Descriptive statistics of the vocal effort for face masks in the presence of background noise levels",
            "latex": null,
            "type": "figure"
        },
        "FIGREF4": {
            "text": "Effect of face masks on the speech spectrum at the listener position with respect to no-mask condition",
            "latex": null,
            "type": "figure"
        },
        "TABREF0": {
            "text": "",
            "latex": null,
            "type": "table"
        },
        "TABREF1": {
            "text": "Borg CR10 scale for determination of vocal effort",
            "latex": null,
            "type": "table"
        },
        "TABREF2": {
            "text": "",
            "latex": null,
            "type": "table"
        },
        "TABREF3": {
            "text": "The effects of different face masks and background noise levels on vocal effort based on the linear mixed model",
            "latex": null,
            "type": "table"
        }
    },
    "back_matter": [
        {
            "text": "Acknowledgements This study was supported by the Vice-Chancellor of Research and Technology of Hamadan University of Medical Sciences (Grant Number: 9905143043). We would like to thank the nurses of the healthcare settings for their active cooperation and participation in this research.",
            "cite_spans": [],
            "ref_spans": [],
            "section": "acknowledgement"
        }
    ]
}