{
    "paper_id": "002ac316a3c1c3418eca3a4f1e144f7ca139767d",
    "metadata": {
        "title": "",
        "authors": []
    },
    "abstract": [],
    "body_text": [
        {
            "text": "Churches and faith-based organizations are a trusted resource for Black communities in the United States and have a potentially influential role amidst coronavirus-19 (COVID-19) recovery efforts. 1 Research conducted at the beginning of the COVID-19 pandemic in the United States, revealed Black respondents (45.9%) reported less worry regarding potential infection compared to white people (32.0%) and members of other racial/ethnic groups (35.3%). 2 Despite this initial optimism, the Black community has undoubtably been negatively impacted by the current pandemic. 3 Researchers have argued that the devastating impact of COVID-19 among Black people can be traced to pre-existing health and social conditions 4, 5 including being employed at jobs in which they cannot work from home, such as essential industries with high levels of public interaction. 6 Currently much of the efforts to combat COVID- 19 have transitioned to vaccination uptake (including boosters) as state-at-home orders and restrictions have been lifted. However, for Black Americans, it is necessary to continue to focus on both risk reducing behaviors (ie, social distancing, hand sanitizing, and mask wearing) as well as vaccination education.",
            "cite_spans": [
                {
                    "start": 196,
                    "end": 197,
                    "text": "1",
                    "ref_id": "BIBREF0"
                },
                {
                    "start": 450,
                    "end": 451,
                    "text": "2",
                    "ref_id": "BIBREF1"
                },
                {
                    "start": 569,
                    "end": 570,
                    "text": "3",
                    "ref_id": "BIBREF2"
                },
                {
                    "start": 713,
                    "end": 715,
                    "text": "4,",
                    "ref_id": "BIBREF3"
                },
                {
                    "start": 716,
                    "end": 717,
                    "text": "5",
                    "ref_id": "BIBREF4"
                },
                {
                    "start": 857,
                    "end": 858,
                    "text": "6",
                    "ref_id": "BIBREF5"
                },
                {
                    "start": 906,
                    "end": 908,
                    "text": "19",
                    "ref_id": "BIBREF18"
                }
            ],
            "ref_spans": [],
            "section": "Commentaries"
        },
        {
            "text": "Amid a nationwide COVID-19 vaccine and booster rollout, guidance is needed to ensure one of the most vulnerable groups of the U.S. population has information to facilitate informed decisions. According to the Centers for Disease Control and Prevention (CDC) as of April 7, 2022, approximately 42% (41.5%) of Black Americans aged 18 and older in the United States are fully vaccinated; with 47.5% of this group having received at least 1 dose of the COVID-19 vaccine. 7 Although vaccination efforts are in progress, COVID-19 variants, including the highly contagious Omicron variant are slated to impact the unvaccinated population the hardest and could be particularly harmful to those of African American descent. 8 Efforts to reduce COVID-19 disparities should involve Black churches as these organizations are committed to their congregations, have been previously utilized in health education efforts, 9 and have been proven successful in encouraging church members and the larger community to support health initiatives. 10 Public health partnerships with faith-based organizations are an avenue to consider when addressing COVID-19 related disparities as churches are typically embedded within the local community and often perceived as trustworthy health information sources. 11 Given these reasons, the objective of this essay is to explain how Black churches, in concert with local public health officials, are feasible vehicles to disseminate theoretically based health messages to mitigate COVID-19 infections. These church-public health partnerships can also provide information to allow informed vaccine decision-making among Black people living in the United States.",
            "cite_spans": [
                {
                    "start": 467,
                    "end": 468,
                    "text": "7",
                    "ref_id": "BIBREF6"
                },
                {
                    "start": 715,
                    "end": 716,
                    "text": "8",
                    "ref_id": "BIBREF7"
                },
                {
                    "start": 906,
                    "end": 907,
                    "text": "9",
                    "ref_id": "BIBREF8"
                },
                {
                    "start": 1026,
                    "end": 1028,
                    "text": "10",
                    "ref_id": "BIBREF9"
                },
                {
                    "start": 1283,
                    "end": 1285,
                    "text": "11",
                    "ref_id": "BIBREF10"
                }
            ],
            "ref_spans": [],
            "section": "Commentaries"
        },
        {
            "text": "In the United States, Black people attend church more than any other racial/ethnic group. 12 Previous research has linked regular church attendance to healthy behavior such as blood pressure screening, dental cleanings, and pap smears. 13 A review of church-based health interventions also revealed that faith-based health promotion programs can be effective, particularly regarding heart health, dietary improvement, weight loss, as well as improving cancer knowledge and increasing cancer screening rates. 14 Consequentially, faith-based organizations can be effective in addressing the COVID-19 crisis.",
            "cite_spans": [
                {
                    "start": 90,
                    "end": 92,
                    "text": "12",
                    "ref_id": "BIBREF11"
                },
                {
                    "start": 236,
                    "end": 238,
                    "text": "13",
                    "ref_id": "BIBREF12"
                }
            ],
            "ref_spans": [],
            "section": "Effective Faith-Based Interventions"
        },
        {
            "text": "Church organizational structure and leaders position the Black church as a relevant entity to reach the target population. Black pastors acknowledge their influential role in promoting and modeling healthy behavior as well as the importance of faith-based programs in improving health among congregants. 10, 15 For instance, diabetes prevention programs have been translated to faith-settings and have been proven to be successful in achieving weight loss and lowering fasting glucose levels among Black congregants. 16 Body and Soul, a church-based nutrition intervention, used existing church organizational structures and practices to significantly increase fruit and vegetable intake among participants. 17 Important components of this intervention included speaking about fruit and vegetable intake in sermons and discussing healthful eating regularly. Similar techniques could be employed to address reducing COVID-19 infections. The organizational members and structures of Black churches (eg, pastors, health ministries, etc.) in conjunction with the information and messaging expertise of public health practitioners should be utilized to address COVID-19 information dissemination and subsequent behavioral change as it has been used previously to address other health issues.",
            "cite_spans": [
                {
                    "start": 304,
                    "end": 307,
                    "text": "10,",
                    "ref_id": "BIBREF9"
                },
                {
                    "start": 308,
                    "end": 310,
                    "text": "15",
                    "ref_id": "BIBREF14"
                },
                {
                    "start": 517,
                    "end": 519,
                    "text": "16",
                    "ref_id": "BIBREF15"
                },
                {
                    "start": 708,
                    "end": 710,
                    "text": "17",
                    "ref_id": "BIBREF16"
                }
            ],
            "ref_spans": [],
            "section": "Black Church Leadership and Structure"
        },
        {
            "text": "During the COVID-19 pandemic, many face-to-face church services initially transitioned to online modalities due to statewide mandates related to social distancing. Many obstacles were presented with the transitioning to virtual services: (1) differences in experiences when compared to traditional in-person services; (2) loss of revenue to cover church expenses; and (3) limited technological capacity. 18 However, many pastors of predominantly Black churches stood firm that services would remain in the virtual format due to COVID-19 concerns. Rev. Reginald Sharpe, Jr. of Fellowship Missionary Baptist Church in Chicago, Illinois stated the following during a virtual service on Sunday, May 17, 2020, regarding when in-person services at his predominately Black congregation would resume: \"The church is still open; the building is closed. You don't have to call us. You don't have to e-mail me. You don't have to DM me, we ain't comin' back up in here until it is absolutely safe.\" 19 Declarative statements from Black pastors sent appropriate health messages about the seriousness of COVID-19 to both parishioners and the larger Black community who depend on the church for other resources outside of spiritual guidance. The opportunity to capitalize off the shared mission of both Black churches and the public health community to continue to protect Black Americans, is now.",
            "cite_spans": [
                {
                    "start": 404,
                    "end": 406,
                    "text": "18",
                    "ref_id": "BIBREF17"
                },
                {
                    "start": 987,
                    "end": 989,
                    "text": "19",
                    "ref_id": "BIBREF18"
                }
            ],
            "ref_spans": [],
            "section": "Current Health Messages From Black Churches"
        },
        {
            "text": "Some Black churches have already used their platforms to provide COVID-19 information but also serve as a model for appropriate behavior during the pandemic. 20 The utilization of social media platforms by Black churches to communicate with their congregations helps to reduce health risk. Many congregations have held church services via Facebook Live, Zoom, and outside of the sanctuary, where members can listen in their cars on the radio, or sit in lawn chairs while social distancing. 21 At the time of this writing, Black people in the United States are likely to attend church service in various modalities including in-person, virtual, or sometimes alternating between the 2 modalities. 22 Providing testing, presenting vaccine information, as well as serving as vaccination sites sends several health messages: (1) COVID-19 continues to be a real health concern and (2) your local Black church (whether in-person or virtual) is still a resource. Public health experts can help Black churches expand their commitment and effectiveness in combating the spread of COVID-19 among Black Americans by aiding with health message design.",
            "cite_spans": [
                {
                    "start": 158,
                    "end": 160,
                    "text": "20",
                    "ref_id": "BIBREF19"
                },
                {
                    "start": 490,
                    "end": 492,
                    "text": "21",
                    "ref_id": "BIBREF20"
                },
                {
                    "start": 695,
                    "end": 697,
                    "text": "22",
                    "ref_id": "BIBREF21"
                }
            ],
            "ref_spans": [],
            "section": "Black Churches Still Serving During the Pandemic"
        },
        {
            "text": "We argue for the establishment of additional formal and collaborative partnerships between churches and public health professionals to do the following: (1) develop and disseminate messages regarding how to reduce risk of COVID-19 infection, (2) facilitate informed decision-making regarding vaccine (including boosters) uptake, and (3) discuss risk of COVID-19 infection after reaching full vaccination status. Unfortunately, messages and information disseminated by the CDC and other public health organizations have not translated to reduction in infection and vaccination uptake among Black Americans and grassroots organizations have had issues securing funding to reach their local communities. 23 Utilization of public health professionals in conjunction with more trusted entities, like the Black church, is important as the closure and phased re-opening efforts of Black churches will continue to impact parishioners, particularly older Black Americans who are among the most vulnerable and rely on the Black church as a resource. 24 In the initial months of the COVID-19 pandemic in the United States, public health researchers and Black churches joined forces to assess emergency preparedness via listserv/social media postings and assessed the impact of those messages via measurements of reach/engagement, feasibility, and acceptibility. 25 Moving forward, public health professionals can still facilitate designing theoretically based messages and supplement dissemination strategies within the Black community. In addition to current messages addressing COVID-19, Black churches may: (1) host information sessions; (2) include messages in bulletins, on calling posts, and on social media accounts; (3) incorporate messages into other church initiatives (eg, during feeding the hungry/ unhoused or prison ministry visits); and/or (4) provide space for local health departments who provide health services related and unrelated to COVID-19. Each of these will send clear messages on the church's stance on COVID-19. To increase the effectiveness of these messages, using theoretical frameworks in the development and dissemination is critical. Based upon previous research, 2 frameworks that could be utilized in this process include the Health Belief Model 26 and the Harm Reduction Approach. 27",
            "cite_spans": [
                {
                    "start": 701,
                    "end": 703,
                    "text": "23",
                    "ref_id": "BIBREF22"
                },
                {
                    "start": 1040,
                    "end": 1042,
                    "text": "24",
                    "ref_id": "BIBREF23"
                },
                {
                    "start": 1351,
                    "end": 1353,
                    "text": "25",
                    "ref_id": "BIBREF24"
                }
            ],
            "ref_spans": [],
            "section": "Next Steps for Black Churches"
        },
        {
            "text": "The HBM outlines several factors that seek to predict why people will take action to reduce a potential health risk: perceived susceptibility, perceived severity, perceived benefits, perceived barriers, cues to action, and self-efficacy. The HBM articulates the relationship between perceived threat and health behavior. Given the current pandemic, perceived threat could be comprised of many of the following factors: perceived health status as well as the likelihood of engaging in behavior to reduce the risk of spreading the disease including (a) utilizing protective equipment (such as face coverings and hand sanitization products), (b) practicing appropriate social distancing, (c) engaging in effective hand wash hygiene, and (d) taking the COVID-19 vaccine. For example, the perceived barriers and benefits of masking, social distancing, and/or vaccine update (outcome behaviors) among individuals could be evaluated. According to a meta-analysis of studies guided by HBM, messages that focus on perceived benefits and perceived barriers are associated with the enaction of preventative behaviors regarding a health threat such as COVID-19. 28 Messages designed utilizing the HBM as a framework would provide guidance for those considering the resumption activities outside of work, particularly as most states have loosened or fully removed statewide mask mandates. Messages focused on providing accurate disease information as well as those articulating risks associated with contracting the disease are predicted to increase preventative behaviors (eg, social distancing, wearing masks, quarantining, and taking the COVID-19 vaccine). These types of messages could be utilized by church health ministries to reach their parishioners as well as the local community the church serves. Input from public health professionals can also help address barriers to preventative behaviors through message design.",
            "cite_spans": [
                {
                    "start": 1150,
                    "end": 1152,
                    "text": "28",
                    "ref_id": "BIBREF27"
                }
            ],
            "ref_spans": [],
            "section": "Theoretical Messaging to be Used by Black Churches"
        },
        {
            "text": "The Harm Reduction Approach is a public health strategy that allows individuals to continue engaging in risky behaviors but provides ways to reduce negative health outcomes associated with those activities. 29 Early work utilizing this approach was focused reducing risky health behaviors amidst the HIV/AIDS pandemic. 27 Messages designed utilizing the Harm Reduction Approach would offer guidance for those who continue to work in essential industries as well as those who have been vaccinated.",
            "cite_spans": [
                {
                    "start": 207,
                    "end": 209,
                    "text": "29",
                    "ref_id": "BIBREF28"
                },
                {
                    "start": 319,
                    "end": 321,
                    "text": "27",
                    "ref_id": "BIBREF26"
                }
            ],
            "ref_spans": [],
            "section": "Theoretical Messaging to be Used by Black Churches"
        },
        {
            "text": "Messages developed from the Harm Reduction approach would provide guidance individuals who choose or are required engage in behaviors that put them at risk for COVID-19 infection. For example, individuals who work in essential industries can continue to take action (including taking a vaccine, wearing a mask, and practicing good hand hygiene) to reduce their risk of infection. Moreover, individuals who would like to resume regular social activities such as eating out could take actions such as visiting restaurants at non-peak times or opting to eat outside or ordering takeout. Information about resuming social activities as well as attendance at in-person church events, could be disseminated by church health ministries. Public health professionals could help churches design targeted messages to resonate with church and community members to assist them in making socialization and work-related decisions while being informed of the risk of doing so, even if they are fully vaccinated, as breakthrough cases are expected and have been reported. 7 The HBM and Harm Reduction Approach have been posed as key theoretical approaches to assist with COVID-19 risk reduction. 30, 31 However, the establishment of strong church-public health partnerships are integral in ensuring such messages are crafted and disseminated in a way to influence the target audience through a trusted voice in the Black community, the Black church. Scholars have articulated the benefits, challenges, and best practices regarding public health practitioner and church partnerships. 32, 33 Thus, it is imperative that health messages stemming from the church, in rhetoric and practice, reinforce messages from public health experts during a pandemic that continues to disproportionately impact the Black community.",
            "cite_spans": [
                {
                    "start": 1055,
                    "end": 1056,
                    "text": "7",
                    "ref_id": "BIBREF6"
                },
                {
                    "start": 1179,
                    "end": 1182,
                    "text": "30,",
                    "ref_id": "BIBREF29"
                },
                {
                    "start": 1183,
                    "end": 1185,
                    "text": "31",
                    "ref_id": "BIBREF30"
                },
                {
                    "start": 1566,
                    "end": 1569,
                    "text": "32,",
                    "ref_id": "BIBREF31"
                },
                {
                    "start": 1570,
                    "end": 1572,
                    "text": "33",
                    "ref_id": "BIBREF32"
                }
            ],
            "ref_spans": [],
            "section": "Theoretical Messaging to be Used by Black Churches"
        },
        {
            "text": "The author(s) declared no potential conflicts of interest with respect to the research, authorship, and/or publication of this article.",
            "cite_spans": [],
            "ref_spans": [],
            "section": "Declaration of Conflicting Interests"
        },
        {
            "text": "The author(s) received no financial support for the research, authorship, and/or publication of this article.",
            "cite_spans": [],
            "ref_spans": [],
            "section": "Funding"
        }
    ],
    "bib_entries": {
        "BIBREF0": {
            "ref_id": "b0",
            "title": "COVID-19 and African American religious institutions",
            "authors": [
                {
                    "first": "M",
                    "middle": [
                        "A"
                    ],
                    "last": "Bruce",
                    "suffix": ""
                }
            ],
            "year": 2020,
            "venue": "Ethn Dis",
            "volume": "30",
            "issn": "3",
            "pages": "425--428",
            "other_ids": {}
        },
        "BIBREF1": {
            "ref_id": "b1",
            "title": "Awareness, attitudes, and actions related to COVID-19 among adults with chronic conditions at the onset of the U.S. outbreak: a cross-sectional survey",
            "authors": [
                {
                    "first": "M",
                    "middle": [],
                    "last": "Wolf",
                    "suffix": ""
                },
                {
                    "first": "M",
                    "middle": [],
                    "last": "Serper",
                    "suffix": ""
                },
                {
                    "first": "L",
                    "middle": [],
                    "last": "Opsasnick",
                    "suffix": ""
                }
            ],
            "year": 2020,
            "venue": "Ann Intern Med",
            "volume": "173",
            "issn": "2",
            "pages": "100--109",
            "other_ids": {}
        },
        "BIBREF2": {
            "ref_id": "b2",
            "title": "Hospitalization and mortality among Black patients and white patients with covid-19",
            "authors": [
                {
                    "first": "E",
                    "middle": [
                        "G"
                    ],
                    "last": "Price-Haywood",
                    "suffix": ""
                },
                {
                    "first": "J",
                    "middle": [],
                    "last": "Burton",
                    "suffix": ""
                },
                {
                    "first": "D",
                    "middle": [],
                    "last": "Fort",
                    "suffix": ""
                },
                {
                    "first": "L",
                    "middle": [],
                    "last": "Seoane",
                    "suffix": ""
                }
            ],
            "year": 2020,
            "venue": "N Engl J Med",
            "volume": "382",
            "issn": "26",
            "pages": "2534--2543",
            "other_ids": {
                "DOI": [
                    "10.1056/NEJMsa2011686"
                ]
            }
        },
        "BIBREF3": {
            "ref_id": "b3",
            "title": "Racial capitalism: a fundamental cause of novel coronavirus (COVID-19) pandemic inequities in the United States",
            "authors": [
                {
                    "first": "W",
                    "middle": [
                        "N"
                    ],
                    "last": "Laster Pirtle",
                    "suffix": ""
                }
            ],
            "year": 2020,
            "venue": "Health Educ Behav",
            "volume": "47",
            "issn": "4",
            "pages": "504--508",
            "other_ids": {
                "DOI": [
                    "10.1177/1090198120922942"
                ]
            }
        },
        "BIBREF4": {
            "ref_id": "b4",
            "title": "COVID-19 and African Americans",
            "authors": [
                {
                    "first": "C",
                    "middle": [
                        "W"
                    ],
                    "last": "Yancy",
                    "suffix": ""
                }
            ],
            "year": 2019,
            "venue": "JAMA",
            "volume": "323",
            "issn": "",
            "pages": "1891--1892",
            "other_ids": {
                "DOI": [
                    "10.1001/jama.2020.6548"
                ]
            }
        },
        "BIBREF5": {
            "ref_id": "b5",
            "title": "Not everybody can work from home: Black and Hispanic workers are much less likely to be able to telework",
            "authors": [
                {
                    "first": "E",
                    "middle": [],
                    "last": "Gould",
                    "suffix": ""
                },
                {
                    "first": "H",
                    "middle": [],
                    "last": "Shierholz",
                    "suffix": ""
                }
            ],
            "year": 2020,
            "venue": "",
            "volume": "",
            "issn": "",
            "pages": "",
            "other_ids": {}
        },
        "BIBREF6": {
            "ref_id": "b6",
            "title": "Centers for Disease Prevention and Control. COVID data tracker",
            "authors": [],
            "year": 2022,
            "venue": "",
            "volume": "",
            "issn": "",
            "pages": "",
            "other_ids": {}
        },
        "BIBREF7": {
            "ref_id": "b7",
            "title": "Omicron more infectious in younger people, people of African ethnicity, study states",
            "authors": [
                {
                    "first": "K",
                    "middle": [],
                    "last": "Kavanagh",
                    "suffix": ""
                }
            ],
            "year": 2021,
            "venue": "",
            "volume": "",
            "issn": "",
            "pages": "",
            "other_ids": {}
        },
        "BIBREF8": {
            "ref_id": "b8",
            "title": "Healthy body/ healthy spirit: a church-based nutrition and physical activity intervention",
            "authors": [
                {
                    "first": "K",
                    "middle": [],
                    "last": "Resnicow",
                    "suffix": ""
                },
                {
                    "first": "A",
                    "middle": [],
                    "last": "Jackson",
                    "suffix": ""
                },
                {
                    "first": "R",
                    "middle": [],
                    "last": "Braithwaite",
                    "suffix": ""
                }
            ],
            "year": 2002,
            "venue": "Health Educ Res",
            "volume": "17",
            "issn": "5",
            "pages": "562--573",
            "other_ids": {}
        },
        "BIBREF9": {
            "ref_id": "b9",
            "title": "Promoting healthy behavior from the pulpit: clergy share their perspectives on effective health communication in the African American church",
            "authors": [
                {
                    "first": "C",
                    "middle": [
                        "Y"
                    ],
                    "last": "Lumpkins",
                    "suffix": ""
                },
                {
                    "first": "K",
                    "middle": [
                        "A"
                    ],
                    "last": "Greiner",
                    "suffix": ""
                },
                {
                    "first": "C",
                    "middle": [],
                    "last": "Daley",
                    "suffix": ""
                },
                {
                    "first": "N",
                    "middle": [
                        "M"
                    ],
                    "last": "Mabachi",
                    "suffix": ""
                },
                {
                    "first": "K",
                    "middle": [],
                    "last": "Neuhaus",
                    "suffix": ""
                }
            ],
            "year": 2013,
            "venue": "J Relig Health",
            "volume": "52",
            "issn": "4",
            "pages": "1093--1107",
            "other_ids": {
                "DOI": [
                    "10.1007/s10943-011-9533-1"
                ]
            }
        },
        "BIBREF10": {
            "ref_id": "b10",
            "title": "Use local organizations to reach black communities. The Washington Post",
            "authors": [
                {
                    "first": "U",
                    "middle": [],
                    "last": "Blackstock",
                    "suffix": ""
                }
            ],
            "year": 2020,
            "venue": "",
            "volume": "",
            "issn": "",
            "pages": "",
            "other_ids": {}
        },
        "BIBREF11": {
            "ref_id": "b11",
            "title": "Attendance at religious services by race/ ethnicity -religion in America: U.S. religious data, demographics and statistics",
            "authors": [
                {
                    "first": "",
                    "middle": [],
                    "last": "Pew Research",
                    "suffix": ""
                },
                {
                    "first": "",
                    "middle": [],
                    "last": "Center",
                    "suffix": ""
                }
            ],
            "year": 2020,
            "venue": "",
            "volume": "",
            "issn": "",
            "pages": "",
            "other_ids": {}
        },
        "BIBREF12": {
            "ref_id": "b12",
            "title": "African American church participation and health care practices",
            "authors": [
                {
                    "first": "Felix",
                    "middle": [],
                    "last": "Aaron",
                    "suffix": ""
                },
                {
                    "first": "K",
                    "middle": [],
                    "last": "Levine",
                    "suffix": ""
                },
                {
                    "first": "D",
                    "middle": [],
                    "last": "Burstin",
                    "suffix": ""
                },
                {
                    "first": "H",
                    "middle": [
                        "R"
                    ],
                    "last": "",
                    "suffix": ""
                }
            ],
            "year": 2003,
            "venue": "J Gen Intern Med",
            "volume": "18",
            "issn": "11",
            "pages": "908--913",
            "other_ids": {
                "DOI": [
                    "10.1046/j.1525-1497.2003.20936.x"
                ]
            }
        },
        "BIBREF13": {
            "ref_id": "b13",
            "title": "Health programs in faith-based organizations: are they effective?",
            "authors": [
                {
                    "first": "M",
                    "middle": [
                        "J"
                    ],
                    "last": "Dehaven",
                    "suffix": ""
                },
                {
                    "first": "I",
                    "middle": [
                        "B"
                    ],
                    "last": "Hunter",
                    "suffix": ""
                },
                {
                    "first": "L",
                    "middle": [],
                    "last": "Wilder",
                    "suffix": ""
                },
                {
                    "first": "J",
                    "middle": [
                        "W"
                    ],
                    "last": "Walton",
                    "suffix": ""
                },
                {
                    "first": "J",
                    "middle": [],
                    "last": "Berry",
                    "suffix": ""
                }
            ],
            "year": 2004,
            "venue": "Am J Public Health",
            "volume": "94",
            "issn": "6",
            "pages": "1030--1036",
            "other_ids": {}
        },
        "BIBREF14": {
            "ref_id": "b14",
            "title": "As a community, we need to be more health conscious\": pastors' perceptions on the health status of the Black church and African-American communities",
            "authors": [
                {
                    "first": "T",
                    "middle": [
                        "T"
                    ],
                    "last": "Gross",
                    "suffix": ""
                },
                {
                    "first": "C",
                    "middle": [
                        "R"
                    ],
                    "last": "Story",
                    "suffix": ""
                },
                {
                    "first": "I",
                    "middle": [
                        "S"
                    ],
                    "last": "Harvey",
                    "suffix": ""
                },
                {
                    "first": "M",
                    "middle": [],
                    "last": "Allsopp",
                    "suffix": ""
                },
                {
                    "first": "M",
                    "middle": [],
                    "last": "Whitt-Glover",
                    "suffix": ""
                }
            ],
            "year": 2018,
            "venue": "J Racial Ethn Health Disparities",
            "volume": "5",
            "issn": "3",
            "pages": "570--579",
            "other_ids": {
                "DOI": [
                    "10.1007/s40615-017-0401-x"
                ]
            }
        },
        "BIBREF15": {
            "ref_id": "b15",
            "title": "Community trial of a faith-based lifestyle intervention to prevent diabetes Among African-Americans",
            "authors": [
                {
                    "first": "R",
                    "middle": [
                        "W"
                    ],
                    "last": "Sattin",
                    "suffix": ""
                },
                {
                    "first": "L",
                    "middle": [
                        "B"
                    ],
                    "last": "Williams",
                    "suffix": ""
                },
                {
                    "first": "J",
                    "middle": [],
                    "last": "Dias",
                    "suffix": ""
                }
            ],
            "year": 2016,
            "venue": "J Community Health",
            "volume": "41",
            "issn": "1",
            "pages": "87--96",
            "other_ids": {
                "DOI": [
                    "10.1007/s10900-015-0071-8"
                ]
            }
        },
        "BIBREF16": {
            "ref_id": "b16",
            "title": "Body and soul. A dietary intervention conducted through African-American churches",
            "authors": [
                {
                    "first": "K",
                    "middle": [],
                    "last": "Resnicow",
                    "suffix": ""
                },
                {
                    "first": "M",
                    "middle": [],
                    "last": "Campbell",
                    "suffix": ""
                },
                {
                    "first": "C",
                    "middle": [],
                    "last": "Carr",
                    "suffix": ""
                }
            ],
            "year": 2004,
            "venue": "Am J Prev Med",
            "volume": "27",
            "issn": "2",
            "pages": "97--105",
            "other_ids": {}
        },
        "BIBREF17": {
            "ref_id": "b17",
            "title": "How COVID-19 has impacted the Black church",
            "authors": [
                {
                    "first": "Barna",
                    "middle": [],
                    "last": "Group",
                    "suffix": ""
                }
            ],
            "year": 2020,
            "venue": "",
            "volume": "",
            "issn": "",
            "pages": "",
            "other_ids": {}
        },
        "BIBREF18": {
            "ref_id": "b18",
            "title": "More Gifts In The Fire\" Pastor Reginald W. Sharpe Jr",
            "authors": [
                {
                    "first": "Fellowship",
                    "middle": [],
                    "last": "Chicago",
                    "suffix": ""
                }
            ],
            "year": 2020,
            "venue": "",
            "volume": "",
            "issn": "",
            "pages": "",
            "other_ids": {}
        },
        "BIBREF19": {
            "ref_id": "b19",
            "title": "A pandemic strikes: Black churches go above, beyond. Northwest Arkansas Democrat Gazette",
            "authors": [
                {
                    "first": "S",
                    "middle": [],
                    "last": "Simpson",
                    "suffix": ""
                }
            ],
            "year": 2021,
            "venue": "",
            "volume": "",
            "issn": "",
            "pages": "",
            "other_ids": {}
        },
        "BIBREF20": {
            "ref_id": "b20",
            "title": "COVID-19: Black churches employ innovation to worship during a pandemic",
            "authors": [
                {
                    "first": "L",
                    "middle": [
                        "V"
                    ],
                    "last": "Burke",
                    "suffix": ""
                }
            ],
            "year": 2020,
            "venue": "",
            "volume": "",
            "issn": "",
            "pages": "",
            "other_ids": {}
        },
        "BIBREF21": {
            "ref_id": "b21",
            "title": "More houses of worship are returning to normal operations, but in person attendance is unchanged since fall. Pew Research Center",
            "authors": [
                {
                    "first": "J",
                    "middle": [],
                    "last": "Nortey",
                    "suffix": ""
                }
            ],
            "year": 2022,
            "venue": "",
            "volume": "",
            "issn": "",
            "pages": "",
            "other_ids": {}
        },
        "BIBREF22": {
            "ref_id": "b22",
            "title": "Hispanic Americans lag in COVID-19 vaccination as outreach efforts struggle. Reuters",
            "authors": [
                {
                    "first": "N",
                    "middle": [],
                    "last": "Brown",
                    "suffix": ""
                },
                {
                    "first": "",
                    "middle": [],
                    "last": "Black",
                    "suffix": ""
                }
            ],
            "year": 2021,
            "venue": "",
            "volume": "",
            "issn": "",
            "pages": "",
            "other_ids": {}
        },
        "BIBREF23": {
            "ref_id": "b23",
            "title": "Coping with racism: a perspective of COVID-19 church closures on the mental health of African Americans",
            "authors": [
                {
                    "first": "F",
                    "middle": [],
                    "last": "Desouza",
                    "suffix": ""
                },
                {
                    "first": "C",
                    "middle": [
                        "B"
                    ],
                    "last": "Parker",
                    "suffix": ""
                },
                {
                    "first": "E",
                    "middle": [
                        "V"
                    ],
                    "last": "Spearman-Mccarthy",
                    "suffix": ""
                },
                {
                    "first": "G",
                    "middle": [
                        "N"
                    ],
                    "last": "Duncan",
                    "suffix": ""
                },
                {
                    "first": "Myers",
                    "middle": [],
                    "last": "Black",
                    "suffix": ""
                },
                {
                    "first": "R",
                    "middle": [
                        "M"
                    ],
                    "last": "",
                    "suffix": ""
                }
            ],
            "year": 2021,
            "venue": "J Racial Ethn Health Disparities",
            "volume": "8",
            "issn": "1",
            "pages": "7--11",
            "other_ids": {
                "DOI": [
                    "10.1007/s40615-020-00887-4"
                ]
            }
        },
        "BIBREF24": {
            "ref_id": "b24",
            "title": "Emergency preparedness and risk communication among African American churches: leveraging a community-based participatory research partnership COVID-19 initiative",
            "authors": [
                {
                    "first": "L",
                    "middle": [
                        "C"
                    ],
                    "last": "Brewer",
                    "suffix": ""
                },
                {
                    "first": "G",
                    "middle": [
                        "B"
                    ],
                    "last": "Asiedu",
                    "suffix": ""
                },
                {
                    "first": "C",
                    "middle": [],
                    "last": "Jones",
                    "suffix": ""
                }
            ],
            "year": 2020,
            "venue": "Prev Chronic Dis",
            "volume": "17",
            "issn": "",
            "pages": "",
            "other_ids": {
                "DOI": [
                    "10.5888/pcd17.200408"
                ]
            }
        },
        "BIBREF25": {
            "ref_id": "b25",
            "title": "Historical origins of the health belief model",
            "authors": [
                {
                    "first": "I",
                    "middle": [
                        "M"
                    ],
                    "last": "Rosenstock",
                    "suffix": ""
                }
            ],
            "year": 1974,
            "venue": "Health Educ Monogr",
            "volume": "2",
            "issn": "4",
            "pages": "328--335",
            "other_ids": {
                "DOI": [
                    "10.1177/1090"
                ]
            }
        },
        "BIBREF26": {
            "ref_id": "b26",
            "title": "Harm reduction: a public health response to the AIDS epidemic among injecting drug users",
            "authors": [
                {
                    "first": "Des",
                    "middle": [],
                    "last": "Jarlais",
                    "suffix": ""
                },
                {
                    "first": "D",
                    "middle": [
                        "C"
                    ],
                    "last": "Friedman",
                    "suffix": ""
                },
                {
                    "first": "S",
                    "middle": [
                        "R"
                    ],
                    "last": "Ward",
                    "suffix": ""
                },
                {
                    "first": "T",
                    "middle": [
                        "P"
                    ],
                    "last": "",
                    "suffix": ""
                }
            ],
            "year": 1993,
            "venue": "Annu Rev Public Health",
            "volume": "14",
            "issn": "1",
            "pages": "413--450",
            "other_ids": {
                "DOI": [
                    "10.1146/annurev.pu.14.050193.002213"
                ]
            }
        },
        "BIBREF27": {
            "ref_id": "b27",
            "title": "A meta-analysis of the effectiveness of health belief model variables in predicting behavior",
            "authors": [
                {
                    "first": "C",
                    "middle": [
                        "J"
                    ],
                    "last": "Carpenter",
                    "suffix": ""
                }
            ],
            "year": 2010,
            "venue": "Health Commun",
            "volume": "25",
            "issn": "8",
            "pages": "661--669",
            "other_ids": {
                "DOI": [
                    "10.1080/10410236.2010.521906"
                ]
            }
        },
        "BIBREF28": {
            "ref_id": "b28",
            "title": "Harm reduction principles for healthcare settings",
            "authors": [
                {
                    "first": "M",
                    "middle": [],
                    "last": "Hawk",
                    "suffix": ""
                },
                {
                    "first": "Rws",
                    "middle": [],
                    "last": "Coulter",
                    "suffix": ""
                },
                {
                    "first": "J",
                    "middle": [
                        "E"
                    ],
                    "last": "Egan",
                    "suffix": ""
                }
            ],
            "year": 2017,
            "venue": "Harm Reduct J",
            "volume": "14",
            "issn": "1",
            "pages": "",
            "other_ids": {
                "DOI": [
                    "10.1186/s12954-017-0196-4"
                ]
            }
        },
        "BIBREF29": {
            "ref_id": "b29",
            "title": "Community pharmacists and communication in the time of COVID-19: applying the health belief model",
            "authors": [
                {
                    "first": "R",
                    "middle": [
                        "R"
                    ],
                    "last": "Carico",
                    "suffix": ""
                },
                {
                    "first": "J",
                    "middle": [],
                    "last": "Sheppard",
                    "suffix": ""
                },
                {
                    "first": "C",
                    "middle": [
                        "B"
                    ],
                    "last": "Thomas",
                    "suffix": ""
                }
            ],
            "year": 2020,
            "venue": "Res Social Adm Pharm",
            "volume": "17",
            "issn": "1",
            "pages": "1984--1987",
            "other_ids": {
                "DOI": [
                    "10.1016/j.sapharm.2020.03.017"
                ]
            }
        },
        "BIBREF30": {
            "ref_id": "b30",
            "title": "A harm-reduction approach to Coronavirus Disease 2019 (COVID-19)-safer socializing",
            "authors": [
                {
                    "first": "E",
                    "middle": [],
                    "last": "Kutscher",
                    "suffix": ""
                },
                {
                    "first": "R",
                    "middle": [
                        "E"
                    ],
                    "last": "Green",
                    "suffix": ""
                }
            ],
            "year": 2020,
            "venue": "JAMA Health Forum",
            "volume": "1",
            "issn": "6",
            "pages": "",
            "other_ids": {}
        },
        "BIBREF31": {
            "ref_id": "b31",
            "title": "The African American church and university partnerships: establishing lasting collaborations",
            "authors": [
                {
                    "first": "R",
                    "middle": [
                        "S"
                    ],
                    "last": "Jackson",
                    "suffix": ""
                },
                {
                    "first": "B",
                    "middle": [],
                    "last": "Reddick",
                    "suffix": ""
                }
            ],
            "year": 1999,
            "venue": "Health Educ Behav",
            "volume": "26",
            "issn": "5",
            "pages": "663--674",
            "other_ids": {
                "DOI": [
                    "10.1177/1090"
                ]
            }
        },
        "BIBREF32": {
            "ref_id": "b32",
            "title": "Facilitators, challenges, and collaborative activities in faith and health partnerships to address health disparities",
            "authors": [
                {
                    "first": "M",
                    "middle": [
                        "C"
                    ],
                    "last": "Kegler",
                    "suffix": ""
                },
                {
                    "first": "S",
                    "middle": [
                        "M"
                    ],
                    "last": "Hall",
                    "suffix": ""
                },
                {
                    "first": "M",
                    "middle": [],
                    "last": "Kiser",
                    "suffix": ""
                }
            ],
            "year": 2010,
            "venue": "Health Educ Behav",
            "volume": "37",
            "issn": "5",
            "pages": "665--679",
            "other_ids": {
                "DOI": [
                    "10.1177/1090198110363882"
                ]
            }
        }
    },
    "ref_entries": {},
    "back_matter": [
        {
            "text": "Natasha R. Brown https://orcid.org/0000-0003-1467-237X",
            "cite_spans": [],
            "ref_spans": [],
            "section": "ORCID iD"
        }
    ]
}