{
    "paper_id": "00333f1ed2f71aebd9998b98091eed5935c4ebe2",
    "metadata": {
        "title": "",
        "authors": []
    },
    "abstract": [],
    "body_text": [
        {
            "text": "T h e ne w e ngl a nd jou r na l o f m e dicine V accines against severe acute respiratory syndrome coronavirus 2 (SARS-CoV-2) are the most important countermeasure to fight the coronavirus 2019 pandemic. From December 2020 through March 2021, the European Medicines Agency approved four vaccines on the basis of randomized, blinded, controlled trials: two messenger RNA-based vaccines -BNT162b2 (Pfizer-BioNTech) and mRNA-1273 (Moderna) -that encode the spike protein antigen of SARS-CoV-2, encapsulated in lipid nanoparticles; ChAdOx1 nCov-19 (Astra-Zeneca), a recombinant chimpanzee adenoviral vector encoding the spike glycoprotein of SARS-CoV-2; and Ad26.COV2.S (Johnson & Johnson/ Janssen), a recombinant adenovirus type 26 vector encoding SARS-CoV-2 spike glycoprotein.",
            "cite_spans": [],
            "ref_spans": [],
            "section": ""
        },
        {
            "text": "As of April 7, 2021, more than 82 million vaccine doses had been administered in the European Union; in Germany, approximately one quarter of vaccine recipients had received the ChAdOx1 nCov-19 vaccine. 1 Beginning in late February 2021, several cases of unusual thrombotic events in combination with thrombocytopenia were observed in patients after vaccination with ChAdOx1 nCov-19.",
            "cite_spans": [
                {
                    "start": 203,
                    "end": 204,
                    "text": "1",
                    "ref_id": "BIBREF0"
                }
            ],
            "ref_spans": [],
            "section": ""
        },
        {
            "text": "A previously healthy 49-year-old health care worker received her first dose of ChAdOx1 nCov-19 in mid-February 2021 (day 0). Over the next few days, she reported having minor symptoms (fatigue, myalgia, and headache). Beginning on day 5, she reported having chills, fever, nausea, and epigastric discomfort; she was admitted to a local hospital on day 10 .",
            "cite_spans": [
                {
                    "start": 352,
                    "end": 354,
                    "text": "10",
                    "ref_id": "BIBREF11"
                }
            ],
            "ref_spans": [],
            "section": "Inde x C a se"
        },
        {
            "text": "Laboratory results are shown in Table 1 . The platelet count was 18,000 per cubic millimeter, and the d-dimer level was 35 mg per liter (reference value, <0.5). The results of other blood tests were normal except for \u03b3-glutamyltransferase and C-reactive protein levels, which were elevated. SARS-CoV-2 reverse-transcriptase-polymerasechain-reaction assay of a nasopharyngeal swab was negative.",
            "cite_spans": [],
            "ref_spans": [
                {
                    "start": 32,
                    "end": 39,
                    "text": "Table 1",
                    "ref_id": "TABREF1"
                }
            ],
            "section": "Inde x C a se"
        },
        {
            "text": "Computed tomography (CT) showed portalvein thrombosis and peripheral pulmonary emboli. The patient received a platelet concentrate and was transferred to a tertiary hospital. On arrival, she had epigastric discomfort and nausea but was otherwise in good condition (blood pressure, 125/88 mm Hg; heart rate, 65 beats per minute; temperature, 36.5\u00b0C). The physical examination was unremarkable except for moderate epigastric pain on palpation. She received intravenous antibiotics, analgesia, and one 4000unit dose of low-molecular-weight heparin (enoxaparin), given subcutaneously.",
            "cite_spans": [],
            "ref_spans": [],
            "section": "Inde x C a se"
        },
        {
            "text": "The following day, the platelet count and fibrinogen level remained low, and the d-dimer and aminotransferase levels increased. The abdominal pain worsened, and repeat CT imaging showed progression of portal-vein thrombosis to include the splenic and upper mesenteric veins; in addition, small thrombi were visualized in the infrarenal aorta and both iliac arteries. Lowdose intravenous unfractionated heparin (500 IU per hour) was initiated but was stopped shortly thereafter because of a sudden onset of tachycardia and concern for gastrointestinal bleeding. The lactate level was 3.7 mmol per liter, and the patient was transferred to the intensive care unit. Repeat CT imaging revealed diffuse gastrointestinal bleeding with reduced perfusion of the intestinal wall and pancreas by splanchnic-vein thrombosis, along with ascites. She received redcell and platelet transfusions, prothrombin complex concentrates, and recombinant factor VIIa but died on day 11. In addition to the diagnosed medical findings, autopsy revealed cerebral venous thrombosis.",
            "cite_spans": [],
            "ref_spans": [],
            "section": "Inde x C a se"
        },
        {
            "text": "By March 15, 2021, an additional 10 patients for whom clinical data were available were found to have one or more thrombotic complications beginning 5 to 16 days after vaccination with ChAdOx1 nCov-19. Characteristics of all 11 patients (including the index case) are presented in Table 2 . Thrombotic events included cerebral venous thrombosis (in 9 patients), splanchnicvein thrombosis (in 3 patients), pulmonary embolism (in 3 patients), and other types of thrombi (in 4 patients); 5 of 10 patients had more than one thrombotic event. Included in this analysis is one patient (Patient 11) who presented with fatal cerebral hemorrhage. The results of brain neuropathological analysis were pending at the time of this report, and cerebral venous thrombosis had not been ruled out; postmortem serum was available for testing for platelet-activating antibodies. Among these patients, the median age was 36 years (range, 22 to 49); 9 of 11 were women. All the patients presented with concomitant thrombocytopenia (median nadir of platelet count, approximately 20,000 per cubic millimeter; range, 9000 to 107,000). One patient had preexisting von Willebrand disease, anticardiolipin antibodies, and factor V Leiden. None of the patients had received heparin before the onset of symptoms or the diagnosis of thrombosis. Given the striking clinical resemblance of this disorder to autoimmune heparin-induced thrombocytopenia (a prothrombotic thrombocytopenic disorder that can be triggered by heparin and certain other anions and that features heparin-independent platelet-activating properties), serum obtained from 4 of the 11 patients was referred for immediate investigation of platelet-activating antibodies directed against platelet factor 4 (PF4)heparin. After characterizing the antibodies in serum obtained from Patients 1 through 4, we subsequently obtained serum from 5 of the 7 remaining patients. In addition, our reference laboratory received further serum samples from patients who were suspected of having prothrombotic thrombocytopenia related to ChAdOx1 nCov-19 vaccination. (No detailed clinical information regarding these patients was available at the time of this report.)",
            "cite_spans": [],
            "ref_spans": [
                {
                    "start": 281,
                    "end": 288,
                    "text": "Table 2",
                    "ref_id": "TABREF2"
                }
            ],
            "section": "C a se Ser ies"
        },
        {
            "text": "We purified platelets from whole blood (obtained from healthy volunteers) that had undergone anticoagulation with adenine citrate dextrose solution A. None of the volunteers had been taking antiplatelet drugs or had been vaccinated in the previous 10 days. We prepared platelets using methods that have been described previously. 2, 3 In a subgroup of experiments, platelets were preincubated in buffer with ChAdOx1 nCov-19 (1:2000 dilution) and washed before use. Washed platelets (75 microliters) were incubated with either buffer, a low-molecular-weight heparin (reviparin [Abbott]), or PF4 (Chromatec) in either the presence or absence of the Fc\u03b3IIa receptor-blocking antibody IV.3. In some experiments, unfractionated heparin (100 IU per T h e ne w e ngl a nd jou r na l o f m e dicine \u00b6 This is the day that the body of the deceased was found. \u2016 The sample that had an initial negative result on the PF4enhanced plateletactivation assay was subsequently shown to test positive when tested against other platelet donors. ** Treatment with lowmolecularweight heparin was associated with clinical improvement and rising platelet counts (107,000 to 132,000 over a period of 3 days). The patient was then switched to a direct oral anticoagulant when the ELISA showed positive results for antibodies against PF4-heparin, with further clinical and plateletcount recovery.",
            "cite_spans": [
                {
                    "start": 330,
                    "end": 332,
                    "text": "2,",
                    "ref_id": "BIBREF1"
                },
                {
                    "start": 333,
                    "end": 334,
                    "text": "3",
                    "ref_id": "BIBREF3"
                }
            ],
            "ref_spans": [],
            "section": "Me thods"
        },
        {
            "text": "milliliter) was added to inhibit PF4-dependent reactions, or ChAdOx1 nCov-19 (1:50 dilution) was added per well. Serum was coincubated with PF4 and platelets in the presence of immune globulin (Privigen IVIG [CSL Behring]) at a concentration of 10 mg per milliliter. After establishing assay conditions using serum from the initial four patients, we investigated another 24 serum samples that tested positive on immunoassay to validate our findings. We refer to this modified platelet-activation test as the PF4-enhanced platelet-activation test.",
            "cite_spans": [],
            "ref_spans": [],
            "section": "Me thods"
        },
        {
            "text": "To measure direct antibody binding, we used two immunoassays, a PF4-heparin enzymelinked immunosorbent assay (ELISA) and a PF4 ELISA, with antibody binding measured by a secondary antihuman IgG, as described previously. 4 In addition, antibodies from two serum samples were affinity purified by immobilized PF4-heparin and immobilized PF4, and the purified antibodies were tested in the assays. (Details about this method are provided in the Supplementary Appendix, available with the full text of this article at NEJM.org.)",
            "cite_spans": [
                {
                    "start": 220,
                    "end": 221,
                    "text": "4",
                    "ref_id": "BIBREF4"
                }
            ],
            "ref_spans": [],
            "section": "Me thods"
        },
        {
            "text": "We defined reactivity on ELISA according to the optical-density units as strong (\u22652.00), intermediate (1.00 to 1.99), or weak (0.50 to 0.99). On the PF4-enhanced platelet-activation test, reactivity was graded according to the time that had elapsed until platelet aggregation, 5 with shorter reaction times indicating stronger platelet activation (strong activation, 1 to 5 minutes; intermediate activation, >5 to 15 minutes; and weak activation, >15 to 30 minutes).",
            "cite_spans": [],
            "ref_spans": [],
            "section": "Me thods"
        },
        {
            "text": "All 11 patients in the initial analysis had moderate-to-severe thrombocytopenia and unusual thrombosis, particularly cerebral venous thrombosis and splanchnic-vein thrombosis ( Table 2) . We also found evidence of disseminated intravascular coagulation in 5 of the patients on the basis of the combination of greatly elevated d-dimer levels (>10.0 mg per liter) and one or more abnormalities in the international normalized ratio, partial thromboplastin time, or fibrinogen level. (Of the 6 patients with available fibrinogen levels, 4 had hypofibrinogenemia.)",
            "cite_spans": [],
            "ref_spans": [
                {
                    "start": 177,
                    "end": 185,
                    "text": "Table 2)",
                    "ref_id": "TABREF2"
                }
            ],
            "section": "R esult s"
        },
        {
            "text": "Although evaluating the outcomes of different management strategies was not the goal of our study, we noted with interest the clinical course of Patient 2, who presented with pulmonary embolism and mild thrombocytopenia (platelet count, 107,000 per cubic millimeter), without disseminated intravascular coagulation. This patient received therapeutic-dose low-molecularweight heparin for 3 days, with clinical improvement and an increase in the platelet count to 132,000; at that time, a positive result on PF4heparin ELISA was obtained, and the patient was switched to oral apixaban, with continued clinical and laboratory recovery. Table 2 also shows results of the PF4-heparin ELISA, including for the first 4 patients in whom detailed laboratory studies were performed. Serum obtained from these patients showed strong reactivity on PF4-heparin ELISA, with optical densities of more than 3.00 units (reference value, <0.50); all reactivity reactions were inhibited to less than 0.50 units by the addition of heparin (100 IU per milliliter). Figure 1 shows the serologic profile of the 4 initial patients, as assessed by means of the platelet-activation assay. Three of the four serum samples showed weak-tomoderate reactivity at buffer control, which was inhibited by low-molecular-weight heparin. In three of the samples, PF4 (10 \u03bcg per milliliter) greatly enhanced reactivity; serum from Patient 2 subsequently showed strong platelet activation in the presence of PF4 when retested along with platelets from other volunteers. All reactions were blocked by monoclonal antibody IV.3 and immune globulin at a dose of 10 mg per milliliter, which indicated that platelet activation had occurred through platelet Fc\u03b3 receptors (Fig. 1A) . None of the controls showed platelet activation (data not shown).",
            "cite_spans": [],
            "ref_spans": [
                {
                    "start": 633,
                    "end": 640,
                    "text": "Table 2",
                    "ref_id": "TABREF2"
                },
                {
                    "start": 1044,
                    "end": 1052,
                    "text": "Figure 1",
                    "ref_id": "FIGREF0"
                },
                {
                    "start": 1726,
                    "end": 1735,
                    "text": "(Fig. 1A)",
                    "ref_id": "FIGREF0"
                }
            ],
            "section": "R esult s"
        },
        {
            "text": "Platelet activation was enhanced when platelets were pelleted from platelet-rich plasma, resuspended in washing buffer, preincubated (1:2000) with ChAdOx1 nCov-19, centrifuged, and resuspended in the final suspension buffer or when they were coincubated in the suspension buffer with ChAdOx1 nCov-19 (1:50). The monoclonal antibody IV.3 blocked PF4-dependent platelet activation in all 7 samples that were tested. Figure 1B shows the results of platelet activation in serum samples obtained from 24 patients with clinically suspected vaccine-induced immune thrombotic thrombocytopenia who tested positive on the screening PF4-heparin ELISA. Whereas approximately half the serum samples (13 of T h e ne w e ngl a nd jou r na l o f m e dicine 24) showed platelet activation at buffer control, most samples (19 of 24) were inhibited by lowmolecular-weight heparin; almost all samples (22 of 24) showed platelet activation by the addition of PF4. All but one serum sample was inhibited by a high dose of heparin. Figure 1C shows strong reactivity of the serum samples obtained from all 28 patients (including Patients 1, 2, 3, 4, 5, 8, 9, 10, and 11) in results on both PF4-heparin and PF4 ELISA, with inhibition by high heparin doses. Antibodies that were affinity purified with the use of either immobilized PF4 or immobilized PF4heparin showed the same reactivity pattern as the original serum -in other words, they strongly activated platelets in the presence of 10 \u03bcg per milliliter of PF4, an effect that was completely inhibited by a high concentration of heparin. ",
            "cite_spans": [
                {
                    "start": 741,
                    "end": 744,
                    "text": "24)",
                    "ref_id": "BIBREF22"
                },
                {
                    "start": 881,
                    "end": 891,
                    "text": "(22 of 24)",
                    "ref_id": null
                }
            ],
            "ref_spans": [
                {
                    "start": 414,
                    "end": 423,
                    "text": "Figure 1B",
                    "ref_id": "FIGREF0"
                },
                {
                    "start": 1009,
                    "end": 1018,
                    "text": "Figure 1C",
                    "ref_id": "FIGREF0"
                }
            ],
            "section": "R esult s"
        },
        {
            "text": "The clinical picture of moderate-to-severe thrombocytopenia and thrombotic complications at unusual sites beginning approximately 1 to 2 weeks after vaccination against SARS-CoV-2 with ChAdOx1 nCov-19 suggests a disorder that clinically resembles severe heparin-induced thrombocytopenia, a well-known prothrombotic disorder caused by platelet-activating antibodies that recognize multimolecular complexes between cationic PF4 and anionic heparin. 6 However, unlike the usual situation in heparin-induced thrombocytopenia, these vaccinated patients did not receive any heparin to explain the subsequent occurrence of thrombosis and thrombocytopenia.",
            "cite_spans": [
                {
                    "start": 447,
                    "end": 448,
                    "text": "6",
                    "ref_id": "BIBREF6"
                }
            ],
            "ref_spans": [],
            "section": "Discussion"
        },
        {
            "text": "In recent years, it has been recognized that triggers other than heparin can cause a prothrombotic disorder that strongly resembles heparininduced thrombocytopenia on both clinical and serologic grounds, including certain polyanionic drugs (e.g., pentosan polysulfate, 7 antiangiogenic agent PI-88, 8 and hypersulfated chondroitin sulfate 8 ). Such a prothrombotic syndrome has also been observed in the absence of preceding exposure to any polyanionic medication, such as after both viral and bacterial infections 9,10 and knee-replacement surgery. 11, 12 These various clinical scenarios with apparent nonpharmacologic triggers have been classified under the term autoimmune heparin-induced thrombocytopenia. 13 Unlike patients with classic heparin-induced thrombocytopenia, patients with autoimmune heparin-induced thrombocytopenia have unusually severe thrombocytopenia, an increased frequency of disseminated intravascular coagulation, and atypical thrombotic events. Serum from these patients strongly activate platelets in the presence of heparin (0.1 to 1.0 IU per milliliter) but also in the absence of heparin (heparin-independent platelet activation). When these unusual antibodies are observed in patients who have thrombocytopenia without preceding heparin exposure, the term \"spontaneous\" heparin-induced thrombocytopenia syndrome 13, 14 has been used. Sometimes, patients in whom heparin-induced thrombocytopenia develops after exposure to heparin present with atypical clinical features, such as an onset of thrombocytopenia beginning several days after stopping heparin (delayed-onset heparin-induced thrombocytopenia 15, 16 ) or throm-bocytopenia that persists for several weeks despite the discontinuation of heparin (persisting or refractory heparin-induced thrombocytopenia 17, 18 ) . Serum from these patients also shows the phenomenon of heparin-independent plateletactivating properties.",
            "cite_spans": [
                {
                    "start": 299,
                    "end": 300,
                    "text": "8",
                    "ref_id": "BIBREF9"
                },
                {
                    "start": 550,
                    "end": 553,
                    "text": "11,",
                    "ref_id": "BIBREF12"
                },
                {
                    "start": 554,
                    "end": 556,
                    "text": "12",
                    "ref_id": "BIBREF13"
                },
                {
                    "start": 711,
                    "end": 713,
                    "text": "13",
                    "ref_id": "BIBREF14"
                },
                {
                    "start": 1345,
                    "end": 1348,
                    "text": "13,",
                    "ref_id": "BIBREF14"
                },
                {
                    "start": 1349,
                    "end": 1351,
                    "text": "14",
                    "ref_id": "BIBREF15"
                },
                {
                    "start": 1635,
                    "end": 1638,
                    "text": "15,",
                    "ref_id": "BIBREF16"
                },
                {
                    "start": 1639,
                    "end": 1643,
                    "text": "16 )",
                    "ref_id": "BIBREF17"
                },
                {
                    "start": 1795,
                    "end": 1798,
                    "text": "17,",
                    "ref_id": "BIBREF18"
                },
                {
                    "start": 1799,
                    "end": 1803,
                    "text": "18 )",
                    "ref_id": "BIBREF19"
                }
            ],
            "ref_spans": [],
            "section": "Discussion"
        },
        {
            "text": "These clinical features that resemble those of autoimmune heparin-induced thrombocytopenia were observed in the patients with vaccine-induced immune thrombotic thrombocytopenia. The serum usually showed strong reactivity on the PF4-heparin ELISA. Moreover, serum showed variable degrees of platelet activation in the presence of buffer that was in most cases greatly enhanced in the presence of PF4 (Fig. 1A and  1B ). More strikingly, most serum showed inhibition, rather than increased activation, in the presence of low-dose low-molecular-weight heparin (0.2 U per milliliter of anti-factor Xa). In addition, antibodies from two patients, which were affinity purified on either immobilized PF4 or immobilized PF4-heparin, strongly activated platelets but only in the presence of PF4. Enhancement of platelet activation by PF4 is also a feature of heparin-induced thrombocytopenia 19,20 and has been used to enhance detection of platelet-activating antibodies in diagnostic testing for this adverse drug reaction. 21 Whether these antibodies are autoantibodies against PF4 induced by the strong inflammatory stimulus of vaccination or antibodies induced by the vaccine that cross-react with PF4 and platelets requires further study.",
            "cite_spans": [
                {
                    "start": 1016,
                    "end": 1018,
                    "text": "21",
                    "ref_id": "BIBREF20"
                }
            ],
            "ref_spans": [
                {
                    "start": 399,
                    "end": 415,
                    "text": "(Fig. 1A and  1B",
                    "ref_id": "FIGREF0"
                }
            ],
            "section": "Discussion"
        },
        {
            "text": "Although we found enhanced reactivity of patient serum with platelets in the presence of ChAdOx1 nCov-19, this is likely to be an in vitro artifact. It is well known that adenovirus binds to platelets 22 and causes platelet activation. 22, 23 Furthermore, the amount of adenovirus in a 500-microliter vaccine injection administered 1 or 2 weeks earlier would seem unlikely to contribute to subsequent platelet activation observed in these patients. However, interactions between the vaccine and platelets or between the vaccine and PF4 could play a role in pathogenesis. One possible trigger of these PF4-reactive antibodies could be free DNA in the vaccine. We have previously shown that DNA and RNA form multimolecular complexes with PF4, which bind antibodies from patients with heparin-induced thrombocytopenia and also induce antibodies T h e ne w e ngl a nd jou r na l o f m e dicine against PF4-heparin in a murine model. 24 Unfortunately, other Covid-19 vaccines were not available to us for testing.",
            "cite_spans": [
                {
                    "start": 201,
                    "end": 203,
                    "text": "22",
                    "ref_id": "BIBREF21"
                },
                {
                    "start": 236,
                    "end": 239,
                    "text": "22,",
                    "ref_id": "BIBREF21"
                },
                {
                    "start": 240,
                    "end": 242,
                    "text": "23",
                    "ref_id": null
                },
                {
                    "start": 929,
                    "end": 931,
                    "text": "24",
                    "ref_id": "BIBREF22"
                }
            ],
            "ref_spans": [],
            "section": "Discussion"
        },
        {
            "text": "Our findings have several important clinical implications. First, clinicians should be aware that in some patients, venous or arterial throm- Shown is a decision tree for the evaluation and treatment of patients who have symptoms of thrombocytopenia or thrombosis within 20 days after receiving the ChAdOx1 nCov19 vaccine and who have had no heparin exposure. The diagnostic and therapeutic strategies in such patients differ from those in patients with autoimmune heparin induced thrombocytopenia (HIT). 13 bosis can develop at unusual sites such as the brain or abdomen, which becomes clinically apparent approximately 5 to 20 days after vaccination. If such a reaction is accompanied by thrombocytopenia, it can represent an adverse effect of the preceding Covid-19 vaccination. To date, this reaction has been reported only with the ChAdOx1 nCov-19 vaccine, which has been used in approximately 25% of vaccine recipients in Germany and in 30% of those in Austria. Second, ELISA to detect PF4-heparin antibodies in patients with heparin-induced thrombocytopenia is widely available and can be used to investigate patients for potential postvaccination thrombocytopenia or thrombosis associated with antibodies against PF4. 25 A strongly positive ELISA result that is obtained in a patient who has not been recently exposed to heparin would be a striking abnormality.",
            "cite_spans": [
                {
                    "start": 505,
                    "end": 507,
                    "text": "13",
                    "ref_id": "BIBREF14"
                },
                {
                    "start": 1226,
                    "end": 1228,
                    "text": "25",
                    "ref_id": "BIBREF23"
                }
            ],
            "ref_spans": [],
            "section": "Discussion"
        },
        {
            "text": "Third, we have shown that these antibodies recognize PF4 and that the addition of PF4 greatly enhances their detectability in a plateletactivation assay. Since vaccination of millions of persons will be complicated by a background of thrombotic events unrelated to vaccination, a PF4-dependent ELISA or a PF4-enhanced platelet-activation assay may be used to confirm the diagnosis of vaccine-induced immune thrombotic thrombocytopenia through this novel mechanism of postvaccination formation of plateletactivating antibodies against PF4. Although treatment decisions such as administering intravenous immune globulin and starting anticoagulation do not need to await laboratory diagnosis, detection of these unusual platelet-activating antibodies will be highly relevant for case identification and future risk-benefit assessment of this and other vaccines. Figure 2 shows a potential diagnostic and therapeutic strategy for managing this novel prothrombotic thrombocytopenic disorder. One con-sideration is to administer high-dose intravenous immune globulin to inhibit Fc\u03b3 receptor-mediated platelet activation. This recommendation parallels emerging experience in the treatment of severe autoimmune heparin-induced thrombocytopenia in which high-dose intravenous immune globulin has resulted in rapid increases in platelet count and de-escalation of hypercoagulability. 12, 26 We found that the addition of immune globulin in doses that are readily achieved clinically was effective in inhibiting platelet activation by patients' antibodies. Clinician reluctance to start anticoagulation may be tempered by administering high-dose intravenous immune globulin to raise the platelet count, especially when a patient presents with severe thrombocytopenia and thrombosis, such as cerebral venous thrombosis.",
            "cite_spans": [
                {
                    "start": 1374,
                    "end": 1377,
                    "text": "12,",
                    "ref_id": "BIBREF13"
                },
                {
                    "start": 1378,
                    "end": 1380,
                    "text": "26",
                    "ref_id": "BIBREF24"
                }
            ],
            "ref_spans": [
                {
                    "start": 859,
                    "end": 867,
                    "text": "Figure 2",
                    "ref_id": "FIGREF1"
                }
            ],
            "section": "Discussion"
        },
        {
            "text": "Given the parallels with autoimmune heparininduced thrombocytopenia, anticoagulant options should include nonheparin anticoagulants used for the management of heparin-induced thrombocytopenia, 27 unless a functional test has excluded heparin-dependent enhancement of platelet activation. Finally, we suggest naming this novel entity vaccine-induced immune thrombotic thrombocytopenia (VITT) to avoid confusion with heparin-induced thrombocytopenia.",
            "cite_spans": [
                {
                    "start": 193,
                    "end": 195,
                    "text": "27",
                    "ref_id": "BIBREF25"
                }
            ],
            "ref_spans": [],
            "section": "Discussion"
        }
    ],
    "bib_entries": {
        "BIBREF0": {
            "ref_id": "b0",
            "title": "European Centre for Disease Prevention and Control COVID-19 Vaccine Tracker",
            "authors": [],
            "year": null,
            "venue": "",
            "volume": "",
            "issn": "",
            "pages": "",
            "other_ids": {}
        },
        "BIBREF1": {
            "ref_id": "b1",
            "title": "First workshop for detection of heparin-induced antibodies: validation of the heparininduced platelet-activation test (HIPA)",
            "authors": [
                {
                    "first": "P",
                    "middle": [],
                    "last": "Eichler",
                    "suffix": ""
                },
                {
                    "first": "U",
                    "middle": [],
                    "last": "Budde",
                    "suffix": ""
                },
                {
                    "first": "S",
                    "middle": [],
                    "last": "Haas",
                    "suffix": ""
                }
            ],
            "year": null,
            "venue": "",
            "volume": "",
            "issn": "",
            "pages": "",
            "other_ids": {}
        },
        "BIBREF3": {
            "ref_id": "b3",
            "title": "An international external quality assessment for laboratory diagnosis of heparininduced thrombocytopenia",
            "authors": [
                {
                    "first": "Jjm",
                    "middle": [],
                    "last": "Eekels",
                    "suffix": ""
                },
                {
                    "first": "K",
                    "middle": [],
                    "last": "Althaus",
                    "suffix": ""
                },
                {
                    "first": "T",
                    "middle": [],
                    "last": "Bakchoul",
                    "suffix": ""
                }
            ],
            "year": 2019,
            "venue": "J Thromb Haemost",
            "volume": "17",
            "issn": "",
            "pages": "525--556",
            "other_ids": {}
        },
        "BIBREF4": {
            "ref_id": "b4",
            "title": "Incidence and clinical significance of anti-PF4/heparin antibodies of the IgG, IgM, and IgA class in 755 consecutive patient samples referred for diagnostic testing for heparin-induced thrombocytopenia",
            "authors": [
                {
                    "first": "D",
                    "middle": [],
                    "last": "Juhl",
                    "suffix": ""
                },
                {
                    "first": "P",
                    "middle": [],
                    "last": "Eichler",
                    "suffix": ""
                },
                {
                    "first": "N",
                    "middle": [],
                    "last": "Lubenow",
                    "suffix": ""
                },
                {
                    "first": "U",
                    "middle": [],
                    "last": "Strobel",
                    "suffix": ""
                },
                {
                    "first": "A",
                    "middle": [],
                    "last": "Wessel",
                    "suffix": ""
                },
                {
                    "first": "A",
                    "middle": [],
                    "last": "Greinacher",
                    "suffix": ""
                }
            ],
            "year": 2006,
            "venue": "Eur J Haematol",
            "volume": "76",
            "issn": "",
            "pages": "420--426",
            "other_ids": {}
        },
        "BIBREF5": {
            "ref_id": "b5",
            "title": "Anti-platelet factor 4/polyanion antibodies mediate a new mechanism of autoimmunity",
            "authors": [
                {
                    "first": "T-H",
                    "middle": [],
                    "last": "Nguyen",
                    "suffix": ""
                },
                {
                    "first": "N",
                    "middle": [],
                    "last": "Medvedev",
                    "suffix": ""
                },
                {
                    "first": "M",
                    "middle": [],
                    "last": "Delcea",
                    "suffix": ""
                },
                {
                    "first": "A",
                    "middle": [],
                    "last": "Greinacher",
                    "suffix": ""
                }
            ],
            "year": 2017,
            "venue": "Nat Commun",
            "volume": "8",
            "issn": "",
            "pages": "",
            "other_ids": {}
        },
        "BIBREF6": {
            "ref_id": "b6",
            "title": "Heparin-induced thrombocytopenia",
            "authors": [
                {
                    "first": "A",
                    "middle": [],
                    "last": "Greinacher",
                    "suffix": ""
                }
            ],
            "year": 2015,
            "venue": "N Engl J Med",
            "volume": "373",
            "issn": "",
            "pages": "252--61",
            "other_ids": {}
        },
        "BIBREF8": {
            "ref_id": "b8",
            "title": "m e dicine Pentosan polysulfate-induced thrombocytopenia and thrombosis",
            "authors": [],
            "year": 1994,
            "venue": "Am J Hematol",
            "volume": "45",
            "issn": "",
            "pages": "252--259",
            "other_ids": {}
        },
        "BIBREF9": {
            "ref_id": "b9",
            "title": "Treatment with the novel antiangiogenic agent PI-88 is associated with immune-mediated thrombocytopenia",
            "authors": [
                {
                    "first": "M",
                    "middle": [
                        "A"
                    ],
                    "last": "Rosenthal",
                    "suffix": ""
                },
                {
                    "first": "D",
                    "middle": [],
                    "last": "Rischin",
                    "suffix": ""
                },
                {
                    "first": "G",
                    "middle": [],
                    "last": "Mcarthur",
                    "suffix": ""
                }
            ],
            "year": 2002,
            "venue": "Ann Oncol",
            "volume": "13",
            "issn": "",
            "pages": "770--776",
            "other_ids": {}
        },
        "BIBREF10": {
            "ref_id": "b10",
            "title": "Spontaneous heparin-induced thrombocytopenia presenting as cerebral venous sinus thrombosis",
            "authors": [
                {
                    "first": "G",
                    "middle": [],
                    "last": "Moores",
                    "suffix": ""
                },
                {
                    "first": "T",
                    "middle": [
                        "E"
                    ],
                    "last": "Warkentin",
                    "suffix": ""
                },
                {
                    "first": "Mam",
                    "middle": [],
                    "last": "Farooqi",
                    "suffix": ""
                },
                {
                    "first": "S",
                    "middle": [
                        "D"
                    ],
                    "last": "Jevtic",
                    "suffix": ""
                },
                {
                    "first": "M",
                    "middle": [
                        "P"
                    ],
                    "last": "Zeller",
                    "suffix": ""
                },
                {
                    "first": "K",
                    "middle": [
                        "S"
                    ],
                    "last": "Perera",
                    "suffix": ""
                }
            ],
            "year": 2020,
            "venue": "Neurology Clinical Practice",
            "volume": "",
            "issn": "",
            "pages": "",
            "other_ids": {
                "DOI": [
                    "10.1212/CPJ.0000000000000805"
                ]
            }
        },
        "BIBREF11": {
            "ref_id": "b11",
            "title": "Kelton JG. A spontaneous prothrombotic disorder resembling heparin-induced thrombocytopenia",
            "authors": [
                {
                    "first": "T",
                    "middle": [
                        "E"
                    ],
                    "last": "Warkentin",
                    "suffix": ""
                },
                {
                    "first": "M",
                    "middle": [],
                    "last": "Makris",
                    "suffix": ""
                },
                {
                    "first": "R",
                    "middle": [
                        "M"
                    ],
                    "last": "Jay",
                    "suffix": ""
                }
            ],
            "year": 2008,
            "venue": "Am J Med",
            "volume": "121",
            "issn": "",
            "pages": "632--638",
            "other_ids": {}
        },
        "BIBREF12": {
            "ref_id": "b12",
            "title": "Fatal heparininduced thrombocytopenia (HIT) during warfarin thromboprophylaxis following orthopedic surgery: another example of 'spontaneous' HIT?",
            "authors": [
                {
                    "first": "R",
                    "middle": [
                        "M"
                    ],
                    "last": "Jay",
                    "suffix": ""
                },
                {
                    "first": "T",
                    "middle": [
                        "E"
                    ],
                    "last": "Warkentin",
                    "suffix": ""
                }
            ],
            "year": 2008,
            "venue": "J Thromb Haemost",
            "volume": "6",
            "issn": "",
            "pages": "1598--600",
            "other_ids": {}
        },
        "BIBREF13": {
            "ref_id": "b13",
            "title": "Cerebral venous sinus thrombosis associated with spontaneous heparin-induced thrombocytopenia syndrome after total knee arthroplasty",
            "authors": [
                {
                    "first": "S",
                    "middle": [
                        "R"
                    ],
                    "last": "Hwang",
                    "suffix": ""
                },
                {
                    "first": "Y",
                    "middle": [],
                    "last": "Wang",
                    "suffix": ""
                },
                {
                    "first": "E",
                    "middle": [
                        "L"
                    ],
                    "last": "Weil",
                    "suffix": ""
                },
                {
                    "first": "A",
                    "middle": [],
                    "last": "Padmanabhan",
                    "suffix": ""
                },
                {
                    "first": "T",
                    "middle": [
                        "E"
                    ],
                    "last": "Warkentin",
                    "suffix": ""
                },
                {
                    "first": "R",
                    "middle": [
                        "K"
                    ],
                    "last": "Pruthi",
                    "suffix": ""
                }
            ],
            "year": 2020,
            "venue": "Platelets",
            "volume": "",
            "issn": "",
            "pages": "",
            "other_ids": {}
        },
        "BIBREF14": {
            "ref_id": "b14",
            "title": "Autoimmune heparin-induced thrombocytopenia",
            "authors": [
                {
                    "first": "A",
                    "middle": [],
                    "last": "Greinacher",
                    "suffix": ""
                },
                {
                    "first": "K",
                    "middle": [],
                    "last": "Selleng",
                    "suffix": ""
                },
                {
                    "first": "T",
                    "middle": [
                        "E"
                    ],
                    "last": "Warkentin",
                    "suffix": ""
                }
            ],
            "year": 2017,
            "venue": "J Thromb Haemost",
            "volume": "15",
            "issn": "",
            "pages": "2099--114",
            "other_ids": {}
        },
        "BIBREF15": {
            "ref_id": "b15",
            "title": "Spontaneous heparin-induced thrombocytopenia syndrome: 2 new cases and a proposal for defining this disorder",
            "authors": [
                {
                    "first": "T",
                    "middle": [
                        "E"
                    ],
                    "last": "Warkentin",
                    "suffix": ""
                },
                {
                    "first": "P",
                    "middle": [
                        "A"
                    ],
                    "last": "Basciano",
                    "suffix": ""
                },
                {
                    "first": "J",
                    "middle": [],
                    "last": "Knopman",
                    "suffix": ""
                },
                {
                    "first": "R",
                    "middle": [
                        "A"
                    ],
                    "last": "Bernstein",
                    "suffix": ""
                }
            ],
            "year": 2014,
            "venue": "Blood",
            "volume": "123",
            "issn": "",
            "pages": "3651--3655",
            "other_ids": {}
        },
        "BIBREF16": {
            "ref_id": "b16",
            "title": "Delayed-onset heparin-induced thrombocytopenia",
            "authors": [
                {
                    "first": "L",
                    "middle": [],
                    "last": "Rice",
                    "suffix": ""
                },
                {
                    "first": "W",
                    "middle": [
                        "K"
                    ],
                    "last": "Attisha",
                    "suffix": ""
                },
                {
                    "first": "A",
                    "middle": [],
                    "last": "Drexler",
                    "suffix": ""
                },
                {
                    "first": "J",
                    "middle": [
                        "L"
                    ],
                    "last": "Francis",
                    "suffix": ""
                }
            ],
            "year": 2002,
            "venue": "Ann Intern Med",
            "volume": "136",
            "issn": "",
            "pages": "210--215",
            "other_ids": {}
        },
        "BIBREF17": {
            "ref_id": "b17",
            "title": "Delayedonset heparin-induced thrombocytopenia and thrombosis",
            "authors": [
                {
                    "first": "T",
                    "middle": [
                        "E"
                    ],
                    "last": "Warkentin",
                    "suffix": ""
                },
                {
                    "first": "J",
                    "middle": [
                        "G"
                    ],
                    "last": "Kelton",
                    "suffix": ""
                }
            ],
            "year": 2001,
            "venue": "Ann Intern Med",
            "volume": "135",
            "issn": "",
            "pages": "502--508",
            "other_ids": {}
        },
        "BIBREF18": {
            "ref_id": "b18",
            "title": "IVIg for treatment of severe refractory heparin-induced thrombocytopenia",
            "authors": [
                {
                    "first": "A",
                    "middle": [],
                    "last": "Padmanabhan",
                    "suffix": ""
                },
                {
                    "first": "C",
                    "middle": [
                        "G"
                    ],
                    "last": "Jones",
                    "suffix": ""
                },
                {
                    "first": "S",
                    "middle": [
                        "M"
                    ],
                    "last": "Pechauer",
                    "suffix": ""
                }
            ],
            "year": 2017,
            "venue": "Chest",
            "volume": "152",
            "issn": "",
            "pages": "478--85",
            "other_ids": {}
        },
        "BIBREF19": {
            "ref_id": "b19",
            "title": "A novel PF4-dependent platelet activation assay identifies patients likely to have heparin-induced thrombocytopenia/thrombosis",
            "authors": [
                {
                    "first": "T",
                    "middle": [
                        "E"
                    ],
                    "last": "Warkentin",
                    "suffix": ""
                },
                {
                    "first": "M",
                    "middle": [],
                    "last": "Pai",
                    "suffix": ""
                },
                {
                    "first": "L-A",
                    "middle": [],
                    "last": "Linkins",
                    "suffix": ""
                },
                {
                    "first": "I",
                    "middle": [],
                    "last": "Nazi",
                    "suffix": ""
                },
                {
                    "first": "D",
                    "middle": [
                        "M"
                    ],
                    "last": "Arnold",
                    "suffix": ""
                },
                {
                    "first": "T",
                    "middle": [
                        "E"
                    ],
                    "last": "Warkentin",
                    "suffix": ""
                },
                {
                    "first": "J",
                    "middle": [
                        "W"
                    ],
                    "last": "Smith",
                    "suffix": ""
                },
                {
                    "first": "P",
                    "middle": [],
                    "last": "Staibano",
                    "suffix": ""
                },
                {
                    "first": "J",
                    "middle": [
                        "G"
                    ],
                    "last": "Kelton",
                    "suffix": ""
                },
                {
                    "first": "A",
                    "middle": [],
                    "last": "Padmanabhan",
                    "suffix": ""
                },
                {
                    "first": "C",
                    "middle": [
                        "G"
                    ],
                    "last": "Jones",
                    "suffix": ""
                },
                {
                    "first": "B",
                    "middle": [
                        "R"
                    ],
                    "last": "Curtis",
                    "suffix": ""
                }
            ],
            "year": 2015,
            "venue": "J Thromb Haemost",
            "volume": "130",
            "issn": "",
            "pages": "506--521",
            "other_ids": {}
        },
        "BIBREF20": {
            "ref_id": "b20",
            "title": "A prospective, blinded study of a PF4-dependent assay for HIT diagnosis",
            "authors": [
                {
                    "first": "Samuelson",
                    "middle": [],
                    "last": "Bannow",
                    "suffix": ""
                },
                {
                    "first": "B",
                    "middle": [],
                    "last": "Warad",
                    "suffix": ""
                },
                {
                    "first": "D",
                    "middle": [
                        "M"
                    ],
                    "last": "Jones",
                    "suffix": ""
                },
                {
                    "first": "C",
                    "middle": [
                        "G"
                    ],
                    "last": "",
                    "suffix": ""
                }
            ],
            "year": 2021,
            "venue": "Blood",
            "volume": "137",
            "issn": "",
            "pages": "1082--1091",
            "other_ids": {}
        },
        "BIBREF21": {
            "ref_id": "b21",
            "title": "Adenovirusinduced thrombocytopenia: the role of von Willebrand factor and P-selectin in mediating accelerated platelet clearance",
            "authors": [
                {
                    "first": "D",
                    "middle": [],
                    "last": "Stone",
                    "suffix": ""
                },
                {
                    "first": "Y",
                    "middle": [],
                    "last": "Liu",
                    "suffix": ""
                },
                {
                    "first": "D",
                    "middle": [],
                    "last": "Shayakhmetov",
                    "suffix": ""
                },
                {
                    "first": "Z-Y",
                    "middle": [],
                    "last": "Li",
                    "suffix": ""
                },
                {
                    "first": "S",
                    "middle": [],
                    "last": "Ni",
                    "suffix": ""
                },
                {
                    "first": "A",
                    "middle": [],
                    "last": "Lieber",
                    "suffix": ""
                },
                {
                    "first": "M",
                    "middle": [],
                    "last": "Othman",
                    "suffix": ""
                },
                {
                    "first": "A",
                    "middle": [],
                    "last": "Labelle",
                    "suffix": ""
                },
                {
                    "first": "I",
                    "middle": [],
                    "last": "Mazzetti",
                    "suffix": ""
                },
                {
                    "first": "H",
                    "middle": [
                        "S"
                    ],
                    "last": "Elbatarny",
                    "suffix": ""
                },
                {
                    "first": "D",
                    "middle": [],
                    "last": "Lillicrap",
                    "suffix": ""
                }
            ],
            "year": 2007,
            "venue": "J Virol",
            "volume": "81",
            "issn": "",
            "pages": "2832--2841",
            "other_ids": {}
        },
        "BIBREF22": {
            "ref_id": "b22",
            "title": "Complex formation with nucleic acids and aptamers alters the antigenic properties of platelet factor 4",
            "authors": [
                {
                    "first": "M",
                    "middle": [
                        "E"
                    ],
                    "last": "Jaax",
                    "suffix": ""
                },
                {
                    "first": "K",
                    "middle": [],
                    "last": "Krauel",
                    "suffix": ""
                },
                {
                    "first": "T",
                    "middle": [],
                    "last": "Marschall",
                    "suffix": ""
                }
            ],
            "year": 2013,
            "venue": "Blood",
            "volume": "122",
            "issn": "",
            "pages": "272--81",
            "other_ids": {}
        },
        "BIBREF23": {
            "ref_id": "b23",
            "title": "Updated GTH statement on vaccination with the Astra-Zeneca COVID-19 vaccine",
            "authors": [
                {
                    "first": "",
                    "middle": [
                        "V"
                    ],
                    "last": "Gesellschaft F\u00fcr Thrombose Und H\u00e4mostaseforschung E",
                    "suffix": ""
                }
            ],
            "year": 2021,
            "venue": "",
            "volume": "",
            "issn": "",
            "pages": "",
            "other_ids": {}
        },
        "BIBREF24": {
            "ref_id": "b24",
            "title": "High-dose intravenous immunoglobulin for the treatment and prevention of heparin-induced thrombocytopenia: a review",
            "authors": [
                {
                    "first": "T",
                    "middle": [
                        "E"
                    ],
                    "last": "Warkentin",
                    "suffix": ""
                }
            ],
            "year": 2019,
            "venue": "Expert Rev Hematol",
            "volume": "12",
            "issn": "",
            "pages": "685--98",
            "other_ids": {}
        },
        "BIBREF25": {
            "ref_id": "b25",
            "title": "American Society of Hematology 2018 guidelines for management of venous thromboembolism: heparin-induced thrombocytopenia",
            "authors": [
                {
                    "first": "A",
                    "middle": [],
                    "last": "Cuker",
                    "suffix": ""
                },
                {
                    "first": "G",
                    "middle": [
                        "M"
                    ],
                    "last": "Arepally",
                    "suffix": ""
                },
                {
                    "first": "B",
                    "middle": [
                        "H"
                    ],
                    "last": "Chong",
                    "suffix": ""
                }
            ],
            "year": 2018,
            "venue": "Blood Adv",
            "volume": "2",
            "issn": "",
            "pages": "3360--92",
            "other_ids": {}
        }
    },
    "ref_entries": {
        "FIGREF0": {
            "text": "Reactivity of Patient Serum on Platelet-Activation Assays and Immunoassays.Panel A shows the results of plateletactivation assays in serum samples obtained from the first 4 patients with vaccineinduced immune thrombotic thrombocy topenia (VITT) who were assessed in the study. The four colors in each experiment indicate the results ob tained in the four samples; values are expressed as means, with I bars indicating standard errors. The plateletactivation assay is performed by adding 20 \u03bcl of patient serum to 75 \u03bcl of washed platelets per well of a microtiter plate that contains the other reagents as indicated. Reactivity is expressed semiquantitatively as reaction time, with a shorter reaction time indicat ing stronger plateletactivating levels. A reaction time of more than 30 minutes indicates background or clini cally insignificant reactivity. The asterisk indicates the reactivity of the outlier serum, which was strongly pos itive on subsequent retesting along with platelets of other volunteers in the presence of platelet factor 4 (PF4). Panel B shows the results of plateletactivation assays in serum samples obtained from an additional 24 patients with clinical VITT. The reactivity pattern re sembles that observed in the 4 patients who were ini tially investigated. The serum caused variable platelet activation in the presence of buffer, which for most samples was inhibited in the presence of lowmolecu larweight heparin but was strongly enhanced in the presence of PF4; in contrast, high levels of unfraction ated heparin inhibited the reaction in all but one se rum sample. Panel C shows the results of PF4-heparin and PF4 immunoassays of serum obtained from pa tients with VITT (including all 28 samples represented in Panels A and B) that showed PF4dependent plate let activation. The results, which were obtained with the use of a microplate reader with a 450nm filter, in clude all 28 PF4-heparin enzymelinked immunosor bent assay (ELISA) experiments (with the addition of 100 IU per milliliter of heparin in 19 experiments) and the results of 10 PF4 ELISA experiments. The cutoff for a negative result is 0.50 opticaldensity units. LMWH denotes lowmolecularweight heparin, UFH unfraction ated heparin, and IVIG intravenous immune globulin.",
            "latex": null,
            "type": "figure"
        },
        "FIGREF1": {
            "text": "Potential Diagnostic and Therapeutic Strategies for Management of Suspected Vaccine-Induced Immune Thrombotic Thrombocytopenia.",
            "latex": null,
            "type": "figure"
        },
        "TABREF0": {
            "text": "Thrombotic Thrombocytopenia after ChAdOx1 nCov-19",
            "latex": null,
            "type": "table"
        },
        "TABREF1": {
            "text": "Laboratory Characteristics of the Index Patient.*",
            "latex": null,
            "type": "table"
        },
        "TABREF2": {
            "text": "Clinical and Laboratory Summary of 11 Patients with Available Clinical Information.* Variable Data are listed for the first four patients (including the index patient) who were assessed and who had detailed laboratory results and for another seven patients who had thrombo cytopenia, thrombosis, or fatal bleeding and for whom clinical information was available. One of the 11 patients was taking an oral contraceptive; two other patients had a hormonal intrauterine device. ACLAbs denotes anticardiolipin antibodies, CND chronic neurologic disorder, CVT cerebral venous (sinus) thrombosis (indicating the presence of cerebralvein thrombosis, sinus thrombosis, or both), ELISA enzymelinked immunosorbent assay, FVL factor V Leiden, INR international normalized ratio, IUD intrauterine device, IVC inferior vena cava, LMWH lowmolecularweight heparin, NA not available, PF4 platelet factor 4, Pos positive, PTT partial thromboplastin time, and VWDI type 1 von Willebrand disease. \u2020 Brain neuropathological results were pending at time of this report; CVT had not been ruled out. \u2021 Splanchnicvein thrombosis indicates thrombosis of the portal, mesenteric, splenic, or hepatic veins. \u00a7 These were postmortem findings.",
            "latex": null,
            "type": "table"
        },
        "TABREF3": {
            "text": "DIC denotes disseminated intravascular coagulation, INR international normal ized ratio, PF4 platelet factor 4, and PTT partial thromboplastin time. Patient has thrombocytopenia, thrombosis, or both 5-20 days after vaccination Immunoassay screening: PF4-heparin ELISA DIC testing: INR, PTT, D-dimer, fibrinogen Refer patient serum to laboratory that performs platelet-activation tests Serum added to platelets under various conditions: Variable platelet activation with buffer Variable effect of low-dose heparin Strong platelet activation with PF4 Inhibition by high-dose heparin Negative Positive Diagnosis of vaccine-induced thrombotic thrombocytopenia Raises platelet count and decreases hypercoagulability (by analogy with autoimmune HIT); inhibits platelet activation by plateletactivating anti-PF4 antibodies (platelet Fc\u03b3 receptors) Anticoagulants often used to treat heparin-induced thrombocytopenia Direct oral Xa inhibitors (apixaban, rivaroxaban) Direct thrombin inhibitors (argatroban, bivalirudin) Indirect (antithrombin-dependent) Xa inhibitors: danaparoid (not available in U.S.), fondaparinux Platelet transfusions Avoid unless presence of bleeding (theoretical prothrombotic risk)",
            "latex": null,
            "type": "table"
        }
    },
    "back_matter": []
}