{
    "paper_id": "00d1165856c978d9b09bee5e0a1fbca063df6c4a",
    "metadata": {
        "title": "Challenges in the conduct of large simple trials of important generic questions in resource-poor settings: The CREATE and ECLA trial program evaluating GIK (glucose, insulin and potassium) and low-molecular-weight heparin in acute myocardial infarction",
        "authors": [
            {
                "first": "Salim",
                "middle": [],
                "last": "Yusuf",
                "suffix": "",
                "affiliation": {
                    "laboratory": "",
                    "institution": "CREATE-ECLA Investigators and Steering Committee Hamilton",
                    "location": {
                        "addrLine": "Rosario Santa Fe",
                        "settlement": "Bangalore, Karachi, Beijing",
                        "country": "Canada, Argentina, India, Pakistan, China"
                    }
                },
                "email": ""
            },
            {
                "first": "Shamir",
                "middle": [
                    "R"
                ],
                "last": "Mehta",
                "suffix": "",
                "affiliation": {
                    "laboratory": "",
                    "institution": "CREATE-ECLA Investigators and Steering Committee Hamilton",
                    "location": {
                        "addrLine": "Rosario Santa Fe",
                        "settlement": "Bangalore, Karachi, Beijing",
                        "country": "Canada, Argentina, India, Pakistan, China"
                    }
                },
                "email": ""
            },
            {
                "first": "Rafael",
                "middle": [],
                "last": "D\u00edaz",
                "suffix": "",
                "affiliation": {
                    "laboratory": "",
                    "institution": "CREATE-ECLA Investigators and Steering Committee Hamilton",
                    "location": {
                        "addrLine": "Rosario Santa Fe",
                        "settlement": "Bangalore, Karachi, Beijing",
                        "country": "Canada, Argentina, India, Pakistan, China"
                    }
                },
                "email": ""
            },
            {
                "first": "Ernesto",
                "middle": [],
                "last": "Paolasso",
                "suffix": "",
                "affiliation": {
                    "laboratory": "",
                    "institution": "CREATE-ECLA Investigators and Steering Committee Hamilton",
                    "location": {
                        "addrLine": "Rosario Santa Fe",
                        "settlement": "Bangalore, Karachi, Beijing",
                        "country": "Canada, Argentina, India, Pakistan, China"
                    }
                },
                "email": ""
            },
            {
                "first": "Prem",
                "middle": [],
                "last": "Pais",
                "suffix": "",
                "affiliation": {
                    "laboratory": "",
                    "institution": "CREATE-ECLA Investigators and Steering Committee Hamilton",
                    "location": {
                        "addrLine": "Rosario Santa Fe",
                        "settlement": "Bangalore, Karachi, Beijing",
                        "country": "Canada, Argentina, India, Pakistan, China"
                    }
                },
                "email": ""
            },
            {
                "first": "Denis",
                "middle": [],
                "last": "Xavier",
                "suffix": "",
                "affiliation": {
                    "laboratory": "",
                    "institution": "CREATE-ECLA Investigators and Steering Committee Hamilton",
                    "location": {
                        "addrLine": "Rosario Santa Fe",
                        "settlement": "Bangalore, Karachi, Beijing",
                        "country": "Canada, Argentina, India, Pakistan, China"
                    }
                },
                "email": ""
            },
            {
                "first": "Changchun",
                "middle": [],
                "last": "Xie",
                "suffix": "",
                "affiliation": {
                    "laboratory": "",
                    "institution": "CREATE-ECLA Investigators and Steering Committee Hamilton",
                    "location": {
                        "addrLine": "Rosario Santa Fe",
                        "settlement": "Bangalore, Karachi, Beijing",
                        "country": "Canada, Argentina, India, Pakistan, China"
                    }
                },
                "email": ""
            },
            {
                "first": "Rashid",
                "middle": [
                    "J"
                ],
                "last": "Ahmed",
                "suffix": "",
                "affiliation": {
                    "laboratory": "",
                    "institution": "CREATE-ECLA Investigators and Steering Committee Hamilton",
                    "location": {
                        "addrLine": "Rosario Santa Fe",
                        "settlement": "Bangalore, Karachi, Beijing",
                        "country": "Canada, Argentina, India, Pakistan, China"
                    }
                },
                "email": ""
            },
            {
                "first": "Khawar",
                "middle": [],
                "last": "Khazmi",
                "suffix": "",
                "affiliation": {
                    "laboratory": "",
                    "institution": "CREATE-ECLA Investigators and Steering Committee Hamilton",
                    "location": {
                        "addrLine": "Rosario Santa Fe",
                        "settlement": "Bangalore, Karachi, Beijing",
                        "country": "Canada, Argentina, India, Pakistan, China"
                    }
                },
                "email": ""
            },
            {
                "first": "Jun",
                "middle": [],
                "last": "Zhu",
                "suffix": "",
                "affiliation": {
                    "laboratory": "",
                    "institution": "CREATE-ECLA Investigators and Steering Committee Hamilton",
                    "location": {
                        "addrLine": "Rosario Santa Fe",
                        "settlement": "Bangalore, Karachi, Beijing",
                        "country": "Canada, Argentina, India, Pakistan, China"
                    }
                },
                "email": ""
            },
            {
                "first": "Lisheng",
                "middle": [],
                "last": "Liu",
                "suffix": "",
                "affiliation": {
                    "laboratory": "",
                    "institution": "CREATE-ECLA Investigators and Steering Committee Hamilton",
                    "location": {
                        "addrLine": "Rosario Santa Fe",
                        "settlement": "Bangalore, Karachi, Beijing",
                        "country": "Canada, Argentina, India, Pakistan, China"
                    }
                },
                "email": ""
            }
        ]
    },
    "abstract": [
        {
            "text": "Background Approximately 15.5 million deaths from cardiovascular diseases occur every year. About half are due to acute myocardial infarction (AMI), and 80% occur in low-and middle-income countries. Therefore, low-cost therapies would be invaluable. Although glucose-insulin-potassium (GIK) infusion and low-molecular-weight heparin (LMWH) appear to be promising in AMI, the available trials are inconclusive and these treatments require rigorous evaluation.",
            "cite_spans": [],
            "ref_spans": [],
            "section": "Abstract"
        },
        {
            "text": "Evaluation-Estudios Cl\u00ednicos Latino America (CREATE-ECLA) study is a randomized controlled trial in ST-elevation AMI patients evaluating a 24-hour infusion of Glucose-Insulin-Potassium (GIK) intravenous vs usual care (control) on 30-day mortality in 20 000 patients from 21 countries. Patients from India and China (n \u03ed 15 000) are also randomized using a factorial design to receive low-molecular-weight heparin (Reviparin) or placebo injection twice daily for 7 days to assess the impact on the composite outcomes of death, reinfarction or stroke (first co-primary outcome) or the composite \u03e9 refractory ischemia (second co-primary outcome).",
            "cite_spans": [],
            "ref_spans": [],
            "section": "Abstract"
        },
        {
            "text": "Twenty thousand two hundred and one (20,201) GIK/control patients and 15,570 Reviparin/placebo patients have been included, with results expected in November 2004.",
            "cite_spans": [],
            "ref_spans": [],
            "section": "Abstract"
        },
        {
            "text": "The CREATE-ECLA trial will provide definitive answers to the role of 2 practical, promising and lowcost therapies, LMWH and GIK, in AMI patients. If effective, these therapies could be used in small medical centers in low-and middle-income countries. The experiences in this trial indicate that large trials of important questions can be successfully conducted in resource-poor settings, by academic groups without industry involvement. (Am Heart J 2004;148: 1068 -78.) See related Editorial on page 924.",
            "cite_spans": [],
            "ref_spans": [],
            "section": "Abstract"
        },
        {
            "text": "Approximately 15.5 million deaths from cardiovascular diseases (CVD) occur every year. 1 Of these, about half are due to acute myocardial infarction (AMI), and over 80% of these occur in low-and middle-income countries (LIC and MIC), especially in the Indian subcontinent and China. Aspirin, thrombolytic therapy,",
            "cite_spans": [],
            "ref_spans": [],
            "section": "Abstract"
        }
    ],
    "body_text": [
        {
            "text": "\u2424-blockers and angiotensin converting enzyme (ACE)inhibitors improve prognosis in AMI, 2 and have been adopted widely. Recent trials suggest that primary percutaneous coronary angioplasty (PCI) offers some benefit over thrombolytic therapy, 3 but rapid access to primary PCI is limited in most parts of the world. Combinations of newer anti-platelet regimens 4 or direct thrombin inhibitors 5 have not yielded clear incremental benefit, but cause increased bleeding. Although heparin is commonly used after AMI, especially in patients receiving a fibrin-specific thrombolytic agent, and some trials of low-molecular-weight heparin (LMWH) appear promising, there is no convincing evidence that these agents reduce mortality in patients receiving thrombolytic therapy and aspirin (Tables I,  II , A and II, B). 6 -8,9 -12,13-18 Although LMWH reduces reinfarction, there appears to be no impact on mortality. Furthermore, there are significant increases in major bleeds and a trend towards more hemorrhagic strokes with both agents (Tables II, A and II, B) . Therefore, the net benefit-risk ratio is not clear. Fur-ther, some of the larger trials were not blinded, so one cannot exclude the potential for biases in the ascertainment of outcomes that involve judgement (eg, early reinfarction). The uncertainty about the net benefits and risks of LMWH is reflected in no clear recommendation for the use of thrombin inhibitors in AMI, especially in those receiving a thrombolytic agent that is not fibrin-specific. Although UFH is widely used after a fibrin-specific thrombolytic agent, this is based on improved coronary artery patency in 2 small trials, which did not have the power to reliably assess the impact on clinical outcomes such as death, reinfarction, bleeding, or strokes. Therefore, a large definitive trial of LMWH vs placebo, is urgently needed.",
            "cite_spans": [
                {
                    "start": 241,
                    "end": 242,
                    "text": "3",
                    "ref_id": "BIBREF2"
                },
                {
                    "start": 391,
                    "end": 392,
                    "text": "5",
                    "ref_id": "BIBREF4"
                },
                {
                    "start": 809,
                    "end": 825,
                    "text": "6 -8,9 -12,13-18",
                    "ref_id": null
                }
            ],
            "ref_spans": [
                {
                    "start": 778,
                    "end": 792,
                    "text": "(Tables I,  II",
                    "ref_id": "TABREF0"
                },
                {
                    "start": 1029,
                    "end": 1053,
                    "text": "(Tables II, A and II, B)",
                    "ref_id": "TABREF0"
                }
            ],
            "section": ""
        },
        {
            "text": "Metabolic modulation in AMI with glucose-insulinpotassium (GIK) infusions was proposed in the 1960s. GIK suppresses myocardial uptake of free fatty acids, thereby reducing myocardial oxygen requirements and improving ventricular contractility. It also increases intramyocellular potassium. These effects may reduce life-threatening arrhythmias, and improve ventricular Re-MI, Reinfarction; TT, thrombolytic therapy; SK, streptokinase. *The odds ratio (OR) and 95% confidence intervals (CI) are calculated using the Yusuf-Peto modification of the Mantel-Haenszel method. 35 function, which could reduce mortality. A meta-analysis of 15 small trials 19 -34 involving almost 5 000 patients indicates an 18% relative-risk reduction in mortality (P \u03ed .03), but with wide CIs (Table III and  Figure 1) 35 However, trials which evaluated high doses of glucose and insulin reported a 30% relative-risk reduction (RRR) in mortality (P \u03ed .03) compared to a non-significant 11% RRR with low-dose GIK. Most of these trials antedate thrombolytic agents or aspirin, and some had incomplete follow-up or lack of information on the integrity of randomization. Although encouraging, a large definitive trial of GIK in the context of modern management of AMI is required. Despite the low costs of GIK and potential global applicability, a large trial of this question is yet to be done, perhaps because of a lack of commercial interest, and complex rules which hamper the conduct of large trials of academically-driven questions with little external funding.",
            "cite_spans": [
                {
                    "start": 570,
                    "end": 572,
                    "text": "35",
                    "ref_id": "BIBREF35"
                },
                {
                    "start": 648,
                    "end": 654,
                    "text": "19 -34",
                    "ref_id": null
                },
                {
                    "start": 796,
                    "end": 798,
                    "text": "35",
                    "ref_id": "BIBREF35"
                }
            ],
            "ref_spans": [
                {
                    "start": 770,
                    "end": 795,
                    "text": "(Table III and  Figure 1)",
                    "ref_id": "TABREF0"
                }
            ],
            "section": ""
        },
        {
            "text": "Over the last 6 years, a group of us from several countries decided to perform 2 similar trials, the CRE-ATE trial and the ECLA trial (Estudios Cl\u00ednicos Latin America Study Group) aimed at reliably evaluating the role of high-dose GIK in 20 000 patients. In addition, in India and China (CREATE), we simultaneously evaluated a LMWH, Reviparin, in about 15 000 subjects. Although the 2 trials were designed and initiated separately, given the substantial similarity of the GIK components, an early decision was made to merge and standardize the 2 trials to more reliably evaluate GIK. Below, we describe the design of this study, the base-line characteristics, and discuss the challenges faced in establishing this trial.",
            "cite_spans": [],
            "ref_spans": [],
            "section": ""
        },
        {
            "text": "The CREATE trial was initiated in 2000 by investigators from Canada, China, and India without external funding. It utilized \"opportunistic\" meetings and internal funds from the Population Health Research Institute (PHRI) at McMaster University and Hamilton Health Sciences. The study design was simple, data collection parsimonious and focused on major clinical outcomes. We emphasized data quality and adherence to the study regimen. This was facilitated by training investigators, data entry through the internet, central data review, central event adjudication of key outcomes, and judicious on-site monitoring.",
            "cite_spans": [],
            "ref_spans": [],
            "section": "The CREATE trial"
        },
        {
            "text": "\u2022 For GIK, the primary outcome was a reduction in 30-day mortality compared to usual care. \u2022 For Reviparin compared to placebo there were 2 co-primary outcomes: The first co-primary outcome was the composite of death, MI, or stroke at 7 days; the second co-primary outcome included the above \u03e9 severe ischemia with ECG changes at 7 days.",
            "cite_spans": [],
            "ref_spans": [],
            "section": "Objectives of the trial"
        },
        {
            "text": "The CREATE trial utilizes a partial 2 \u03eb 2 factorial design comparing Reviparin (a low-molecular-weight heparin) to placebo given for 7 days or until discharge Re-MI, Reinfarction; NR, not recorded; TT, thrombolytic therapy; tPA, tissue plasminogen Activator; Abx, abciximab; TNK, tenecteplase. *The odds ratio (OR) and 95% confidence intervals (CI) are calculated using the Yusuf-Peto modification of the Mantel-Haenszel method. 35 (if discharge is earlier than 7 days [double blind]), and GIK vs control (open) given for 24 hours. All patients in India and China were randomized to both parts of the trial (n \u03ed 15,570 patients), whereas those from Pakistan were only included in the GIK component (total of 20,201 patients). All patients presenting with suspected AMI and ST-segment elevation or new left bundle branch block within 12 hours of symptom onset, and who were without contraindications to heparin or GIK and who provided written consent or witnessed oral consent were randomized ( Figure 2 -Study design flow chart). It was recommended that study Glucose-insulin-potassium was prepared by adding 25 IU of insulin (regular or human) and 40 mmol of KCl to a 500 mL bag of 25% glucose, and infused through a dedicated 14-gauge peripheral intravenous (IV) site at a rate of 1.5 mL/kg/h for 24 hours (regimen identical to ECLA pilot). 31 Patients randomized to the control group received usual care. Glucose, potassium and sodium levels were checked at baseline, 6 hours, and 24 hours. Adjustments to the rate of infusion of GIK were allowed based on blood glucose and potassium levels and on the Killip Class status of the patient. Fluid intake and output for the first 24 hours was recorded in all subjects.",
            "cite_spans": [
                {
                    "start": 429,
                    "end": 431,
                    "text": "35",
                    "ref_id": "BIBREF35"
                },
                {
                    "start": 1343,
                    "end": 1345,
                    "text": "31",
                    "ref_id": "BIBREF31"
                }
            ],
            "ref_spans": [
                {
                    "start": 994,
                    "end": 1002,
                    "text": "Figure 2",
                    "ref_id": null
                }
            ],
            "section": "Design and drug administration"
        },
        {
            "text": "All other aspects of patient management were at the discretion of the local treating physician. All centers *European Pharmacopoeia; measured against Ph Eur LMWH-BRP standard, 1995.",
            "cite_spans": [],
            "ref_spans": [],
            "section": "Design and drug administration"
        },
        {
            "text": "Overall results of trials of GIK vs control on all-cause in-hospital mortality. 36 The trial by Ceremuzynski measured outcomes at 35 days. Data from individual trials are combined utilizing a modified Mantel-Haenszel method. 35",
            "cite_spans": [
                {
                    "start": 80,
                    "end": 82,
                    "text": "36",
                    "ref_id": "BIBREF36"
                }
            ],
            "ref_spans": [],
            "section": "Figure 1"
        },
        {
            "text": "CREATE-ECLA partial factorial study design. obtained local Ethics Committee approval, and in addition, the Project Office obtained approval from the Institutional Review Board of the Hamilton Health Sciences and McMaster University, Hamilton, Canada.",
            "cite_spans": [],
            "ref_spans": [],
            "section": "Figure 2"
        },
        {
            "text": "The ECLA group had independently completed a pilot trial in 1996, with promising results with high-dose GIK . 31 Utilizing the high-dose GIK regimen, the main ECLA trial was initiated in mid-1998 in Latin America, with later expansion to Kuwait, Europe, the USA, and Australasia; this component recruited 3804 patients. Given the identical nature of the GIK regimen in CRE-ATE and ECLA, and primary outcomes (30-day mortality) and similarity in data-collection between the 2 trials, the 2 trials were merged in November 2002 for evaluation of GIK. This ensured that 20 000 patients would be randomized by mid-2004. Harmonization of key aspects (definitions, data collection, etc.) of the 2 studies occurred.",
            "cite_spans": [
                {
                    "start": 110,
                    "end": 112,
                    "text": "31",
                    "ref_id": "BIBREF31"
                }
            ],
            "ref_spans": [],
            "section": "The ECLA study"
        },
        {
            "text": "The study involves 274 centers in China, 67 in India, 4 in Pakistan, 46 in Argentina, 22 in Brazil, 1 in Kuwait, 16 in Venezuela, 9 in North America, and 14 in Europe. Data from centers in China were sent by mail to the National Center (NC) in Beijing, from Indian Centers to the NC in Bangalore, from Pakistani centers to the NC in Karachi, and from all other centers to the ECLA office in Rosario, Argentina. These regional coordinating centers entered the data into a web-based Oracle database (other than in ECLA) that was connected online to the Population Health Research Institute (PHRI) in Hamilton, Canada. Extensive consistency and edit checks, and central-event adjudication ensured high data quality. Data from the ECLA trial were transferred to the PHRI at regular intervals, where additional data checks were conducted prior to statistical analyses and reports.",
            "cite_spans": [
                {
                    "start": 86,
                    "end": 99,
                    "text": "22 in Brazil,",
                    "ref_id": null
                },
                {
                    "start": 100,
                    "end": 112,
                    "text": "1 in Kuwait,",
                    "ref_id": null
                },
                {
                    "start": 113,
                    "end": 129,
                    "text": "16 in Venezuela,",
                    "ref_id": null
                },
                {
                    "start": 130,
                    "end": 149,
                    "text": "9 in North America,",
                    "ref_id": null
                },
                {
                    "start": 150,
                    "end": 159,
                    "text": "and 14 in",
                    "ref_id": "BIBREF14"
                }
            ],
            "ref_spans": [],
            "section": "Study organization"
        },
        {
            "text": "An independent Data and Safety Monitoring Board (DSMB) was formed by joining the Boards that had been set up for each of the 2 trials. One member of the ECLA DSMB (S. Yusuf) stepped down from the joint Board as soon as the studies were combined and remained blinded to the subsequent data. At that time, \u03fd 1000 subjects had been reviewed by the ECLA DSMB. The newly constituted Board periodically reviewed the accumulating data on efficacy and safety. Three formal interim analyses occurred when 25%, 50% and 75% of the data were available. For the first 2 looks, the boundary for benefit was 4 SDs ( 2 of 16; P \u03fd .0001) for 30-day mortality (GIK) or the first co-primary outcome for Reviparin. For the third look, the boundary was 3.5 ( 2 of 12.25; P \u03fd .00047) deviations. The boundary had to remain crossed on 2 suc-cessive examinations of the data about 3 months apart, to ensure robustness and consistency of results.",
            "cite_spans": [],
            "ref_spans": [],
            "section": "Study organization"
        },
        {
            "text": "Anticipating a 12% rate at 7 days in the placebo group for the first co-primary outcome of death, MI, or stroke with 15 000 patients, there would be 93% power to detect a 15% relative-risk reduction with Reviparin. For the GIK comparison, with a 10% death rate at 30 days in the control group, with 20 000 subjects, there would be 95% power to detect a RRR of 15%, and 80% power to detect a RRR of 11.7%. Table IV summarizes key baseline characteristics. About two thirds of the patients were randomized in \u03fd 6 hours of symptom onset. 84.6% of the patients were in Killip Class I, with 15.4% having some evidence of heart failure. The baseline glucose level is 9.0 mmol/L and potassium is 4.0 mEq/L. Thrombolytic therapy was used in 74.1%, and primary PCI in 9.1%. Rates of reperfusion therapy were higher in India (94.0%) compared to China (62.1%). Of the patients in India and China, pre-randomization heparin was given in 9.4% of patients, and non-study heparin after randomization was used in only 9.9% of patients. Reviparin or matching placebo was given in 98.7% of individ- gust 20, 1998 gust 20, -July 9, 2004 uals and GIK was given in 98.0% of patients randomized to GIK. Aspirin was used in 97.3%, clopidogrel in 48.6%, \u2424-blockers in 70.0%, ACE inhibitors in 72.4%, lipid-lowering medications in 67.7% (other than in ECLA, where this information was not collected), and calcium channel blockers in 8.8%. Thus, a high proportion of patients received proven pharmacologic therapies and there was excellent adherence to the allocated study treatments.",
            "cite_spans": [
                {
                    "start": 1081,
                    "end": 1094,
                    "text": "gust 20, 1998",
                    "ref_id": null
                },
                {
                    "start": 1095,
                    "end": 1117,
                    "text": "gust 20, -July 9, 2004",
                    "ref_id": null
                }
            ],
            "ref_spans": [
                {
                    "start": 405,
                    "end": 413,
                    "text": "Table IV",
                    "ref_id": "TABREF0"
                }
            ],
            "section": "Power"
        },
        {
            "text": "This study has been a formidable undertaking and has been successful in recruiting the overall target of 20 000 patients. The lack of external funding required that investigator meetings were generally attached to other meetings, although annual regional meetings were held in India and China. The centers in ECLA were not provided with any compensation and the centers in CREATE (India, China, and Pakistan) received modest compensation per patient to cover their visible costs. Despite this, over the last 2 years of the study, recruitment rates averaged 7000 patients per year. The National Coordinating Centers obtained national regulatory approvals and licences for drug imports. These processes were extremely bureaucratic and slow (9 -18 months in each country), and were chiefly designed to be done by pharmaceutical companies or independent contract research organizations (CRO) at considerable expense. A quote from a CRO in India for obtaining approval and monitoring the trial exceeded the entire cost of running the study in India (note that, in most countries, there is no streamlined and efficient mechanism to obtain regulatory approvals for studies conducted independent of industry). Several of the participating centers did not have institutional review boards (IRBs) or ethics committees, so national and independent IRBs had to be used. There were considerable initial delays in receiving the packaged drugs (Reviparin/placebo) from the company, which was in the midst of a takeover, and the study was not considered to be of sufficiently high priority within the new organization. For most centers, the NR, Not recorded. *The high rates of use of a thienopyride is due to the availability of a combination tablet of aspirin \u03e9 clopidogrel.",
            "cite_spans": [],
            "ref_spans": [],
            "section": "Challenges faced during the conduct of the trial"
        },
        {
            "text": "CREATE study was the first trial in which they had participated, so considerable training (at small study meetings and by phone) was needed. Despite their enthusiasm and the relative simplicity of the study, some centers initially had problems with accurate completion of forms, complying with certain aspects of the study protocol, and maintaining careful documents. Therefore, we instituted a system of on-site monitoring and training which trained staff at sites in CREATE, and provided support. This improved protocol adherence and data quality considerably. For randomization in India, the study initially used sealed envelopes (due to lack of low-cost, reliable and accessible telephone lines 24 hours-a-day at all hospitals). Despite multiple safeguards, allocation errors occurred in a few patients. Therefore, despite higher costs, randomization was switched to a 24-hour central telephone system in Bangalore, India, which substantially reduced the allocation error rate. In China, 24hour central randomization was used throughout, and so few errors occurred. Given that the centers were compensated very modestly, the study was repeatedly threatened by the withdrawal of centers who wished to participate in \"competing\" trials, sponsored by pharmaceutical companies with higher rates of compensation. This substantially slowed recruitment into ECLA so that, instead of the original target of 10 000 patients over 3 years, only 4000 patients were randomized over 6 years. This was less of a problem in India and China, where only a few centers stopped randomizing by the end of 2003 to participate in other trials. Nevertheless, most centers had made important contributions to the trial. During 2003, the epidemic of Severe Acute Respiratory Syndrome (SARS) in China adversely affected recruitment and several participating hospitals were closed down, or stopped admitting AMI patients.",
            "cite_spans": [],
            "ref_spans": [],
            "section": "American Heart Journal December 2004"
        },
        {
            "text": "What lessons have we learned from the CREATE-ECLA experience and collaboration? First, if important generic questions are incorporated into a very simple protocol, sufficient numbers of physicians are still willing and able to collaborate at little or no reimbursement. Second, the \"merger\" of CREATE and ECLA was possible because of long-standing previous collaboration between the investigators from the 2 groups, and a mutual commitment to sharing credit. This led to ensuring a statistically robust, reliable result regarding GIK, rather than the potential for an inconclusive result from the ECLA study alone. Third, the bureaucratic hurdles for conducting this trial in India and China were formidable and took between 9 -18 months to overcome, chiefly through the tenacity, determination and dedication of the National Coordinators in Beijing and Bangalore. Fourth, even in a very simple trial, some streamlined and sensible (\"helpful and supportive\" as opposed to \"policing\") monitoring could help in improving study quality, especially when centers had not previously participated in trials. Fifth, much of the increasing regulatory bureaucracy imposed by guidelines such as the \"Good Clinical Practice\" guidelines may not enhance the quality of the study or improve patient safety more than careful attention to a few key aspects of study design, conduct (such as proper randomization and complete and unbiased outcome ascertainment), and periodic review of the data by an independent DSMB. In fact, there is a danger that these well-intentioned guidelines could prevent the conduct of important low-cost academic trials of generic (non-pharmaceutical) questions by imposing burdensome and expensive processes which may be of little scientific, medical, or ethical value. Sixth, peer review and governmental organizations should develop mechanisms to support international trials and epidemiologic studies. Current funding mechanisms do not generally support such studies in multiple countries, especially if they are low-or middle-income countries.",
            "cite_spans": [],
            "ref_spans": [],
            "section": "American Heart Journal December 2004"
        },
        {
            "text": "In conclusion, the CREATE-ECLA trial will provide definitive answers regarding the value of 2 practical and promising therapies (LMWH and GIK) in AMI. These therapies, if proven to be effective, could be used even in small medical centers in low-and middleincome countries. The practical experiences in conducting this trial indicate how large trials of important questions can be successfully conducted in resourcepoor settings, by academic groups without industry involvement. However, such studies are uncommon and, therefore, a large number of important questions remain unaddressed. This emphasizes the need to develop funding structures and regulations that will facilitate global low-cost trials of important public health questions.",
            "cite_spans": [],
            "ref_spans": [],
            "section": "American Heart Journal December 2004"
        }
    ],
    "bib_entries": {
        "BIBREF0": {
            "ref_id": "b0",
            "title": "Global burden of cardiovascular diseases: part I: general considerations, the epidemiologic transition, risk factors, and impact of urbanization",
            "authors": [
                {
                    "first": "S",
                    "middle": [],
                    "last": "Yusuf",
                    "suffix": ""
                },
                {
                    "first": "S",
                    "middle": [],
                    "last": "Reddy",
                    "suffix": ""
                },
                {
                    "first": "S",
                    "middle": [],
                    "last": "Ounpuu",
                    "suffix": ""
                }
            ],
            "year": 2001,
            "venue": "Circulation",
            "volume": "104",
            "issn": "",
            "pages": "2746--53",
            "other_ids": {}
        },
        "BIBREF1": {
            "ref_id": "b1",
            "title": "Overview of results of randomized clinical trials in heart disease: I. Treatments following myocardial infarction",
            "authors": [
                {
                    "first": "S",
                    "middle": [],
                    "last": "Yusuf",
                    "suffix": ""
                },
                {
                    "first": "J",
                    "middle": [],
                    "last": "Wittes",
                    "suffix": ""
                },
                {
                    "first": "L",
                    "middle": [],
                    "last": "Friedman",
                    "suffix": ""
                }
            ],
            "year": 1988,
            "venue": "JAMA",
            "volume": "260",
            "issn": "",
            "pages": "2088--93",
            "other_ids": {}
        },
        "BIBREF2": {
            "ref_id": "b2",
            "title": "Primary angioplasty versus intravenous thrombolytic therapy for acute myocardial infarction: a quantitative review of 23 randomised trials",
            "authors": [
                {
                    "first": "E",
                    "middle": [
                        "C"
                    ],
                    "last": "Keeley",
                    "suffix": ""
                },
                {
                    "first": "J",
                    "middle": [
                        "A"
                    ],
                    "last": "Boura",
                    "suffix": ""
                },
                {
                    "first": "C",
                    "middle": [
                        "L"
                    ],
                    "last": "Grines",
                    "suffix": ""
                }
            ],
            "year": 2003,
            "venue": "Lancet",
            "volume": "361",
            "issn": "",
            "pages": "13--20",
            "other_ids": {}
        },
        "BIBREF3": {
            "ref_id": "b3",
            "title": "Reperfusion therapy for acute myocardial infarction with fibrinolytic therapy or combination reduced fibrinolytic therapy and platelet glycoprotein IIb/IIIa inhibition: the GUSTO V randomised trial",
            "authors": [],
            "year": 2001,
            "venue": "The GUSTO Investigators",
            "volume": "357",
            "issn": "",
            "pages": "1905--1919",
            "other_ids": {}
        },
        "BIBREF4": {
            "ref_id": "b4",
            "title": "Hirulog and Early Reperfusion or Occlusion (HERO",
            "authors": [
                {
                    "first": "H",
                    "middle": [],
                    "last": "White",
                    "suffix": ""
                }
            ],
            "year": null,
            "venue": "",
            "volume": "",
            "issn": "",
            "pages": "",
            "other_ids": {}
        },
        "BIBREF5": {
            "ref_id": "b5",
            "title": "Thrombin-specific anticoagulation with bivalirudin versus heparin in patients receiving fibrinolytic therapy for acute myocardial infarction: the HERO-2 randomised trial",
            "authors": [],
            "year": 2001,
            "venue": "Trial Investigators",
            "volume": "358",
            "issn": "",
            "pages": "1855--63",
            "other_ids": {}
        },
        "BIBREF6": {
            "ref_id": "b6",
            "title": "An international randomized trial comparing four thrombolytic strategies for acute myocardial infarction",
            "authors": [],
            "year": 1993,
            "venue": "The GUSTO Investigators",
            "volume": "329",
            "issn": "",
            "pages": "673--82",
            "other_ids": {}
        },
        "BIBREF7": {
            "ref_id": "b7",
            "title": "ISIS-3: a randomized comparison of streptokinase vs tissue plasminogen activator vs anistreplase and of aspirin plus heparin vs aspirin alone among 41 229 cases of suspected acute myocardial infarction",
            "authors": [],
            "year": 1992,
            "venue": "Lancet",
            "volume": "339",
            "issn": "3",
            "pages": "754--69",
            "other_ids": {}
        },
        "BIBREF8": {
            "ref_id": "b8",
            "title": "Gruppo Italiano Per Lo Studio Della Sopravvivenza Nell'Infarto Miocardico. GISSI-2: a factorial randomized trial of alteplase versus streptokinase and heparin versus no heparin among 12 490 patients with acute myocardial infarction",
            "authors": [],
            "year": 1990,
            "venue": "Lancet",
            "volume": "336",
            "issn": "",
            "pages": "65--71",
            "other_ids": {}
        },
        "BIBREF9": {
            "ref_id": "b9",
            "title": "Randomized trial of low molecular weight heparin (dalteparin) in prevention of left ventricular thrombus formation and arterial embolism after acute anterior myocardial infarction: the Fragmin in Acute Myocardial Infarction (FRAMI) Study",
            "authors": [
                {
                    "first": "F",
                    "middle": [],
                    "last": "Kontny",
                    "suffix": ""
                },
                {
                    "first": "J",
                    "middle": [],
                    "last": "Dale",
                    "suffix": ""
                },
                {
                    "first": "U",
                    "middle": [],
                    "last": "Abildgaard",
                    "suffix": ""
                }
            ],
            "year": 1997,
            "venue": "J Am Coll Cardiol",
            "volume": "30",
            "issn": "",
            "pages": "962--971",
            "other_ids": {}
        },
        "BIBREF10": {
            "ref_id": "b10",
            "title": "Reduction of reinfarction and angina with use of low-molecular-weight heparin therapy after streptokinase (and heparin) in acute myocardial infarction",
            "authors": [
                {
                    "first": "A",
                    "middle": [],
                    "last": "Glick",
                    "suffix": ""
                },
                {
                    "first": "R",
                    "middle": [],
                    "last": "Kornowski",
                    "suffix": ""
                },
                {
                    "first": "Y",
                    "middle": [],
                    "last": "Michowich",
                    "suffix": ""
                }
            ],
            "year": 1996,
            "venue": "Am J Cardiol",
            "volume": "77",
            "issn": "",
            "pages": "1145--1153",
            "other_ids": {}
        },
        "BIBREF11": {
            "ref_id": "b11",
            "title": "Low-molecularweight heparin (dalteparin) as adjuvant treatment to thrombolysis in acute myocardial infarction-a pilot study: biochemical markers in acute coronary syndromes (BIOMACS II)",
            "authors": [
                {
                    "first": "G",
                    "middle": [],
                    "last": "Frostfeldt",
                    "suffix": ""
                },
                {
                    "first": "G",
                    "middle": [],
                    "last": "Ahlberg",
                    "suffix": ""
                },
                {
                    "first": "G",
                    "middle": [],
                    "last": "Gustafsson",
                    "suffix": ""
                }
            ],
            "year": 1999,
            "venue": "J Am Coll Cardiol",
            "volume": "33",
            "issn": "",
            "pages": "627--660",
            "other_ids": {}
        },
        "BIBREF12": {
            "ref_id": "b12",
            "title": "Improved reperfusion and clinical outcome with enoxaparin as an adjunct to streptokinase thrombolysis in acute myocardial infarction: The AMI-SK study",
            "authors": [
                {
                    "first": "M",
                    "middle": [],
                    "last": "Simoons",
                    "suffix": ""
                },
                {
                    "first": "M",
                    "middle": [],
                    "last": "Krzeminska-Pakula",
                    "suffix": ""
                },
                {
                    "first": "A",
                    "middle": [],
                    "last": "Alonso",
                    "suffix": ""
                }
            ],
            "year": 2002,
            "venue": "Eur Heart J",
            "volume": "23",
            "issn": "",
            "pages": "1282--90",
            "other_ids": {}
        },
        "BIBREF13": {
            "ref_id": "b13",
            "title": "Low molecular weight heparin versus unfractionated heparin following thrombolysis in myocardial infarction",
            "authors": [
                {
                    "first": "S",
                    "middle": [
                        "H"
                    ],
                    "last": "Baird",
                    "suffix": ""
                },
                {
                    "first": "S",
                    "middle": [
                        "J"
                    ],
                    "last": "Mcbride",
                    "suffix": ""
                },
                {
                    "first": "T",
                    "middle": [
                        "G"
                    ],
                    "last": "Trouton",
                    "suffix": ""
                }
            ],
            "year": 1998,
            "venue": "J Am Coll Cardiol",
            "volume": "31",
            "issn": "",
            "pages": "",
            "other_ids": {}
        },
        "BIBREF14": {
            "ref_id": "b14",
            "title": "Randomized comparison of enoxaparin, a low-molecular-weight heparin, with unfractionated heparin adjunctive to recombinant tissue plasminogen activator thrombolysis and aspirin: second trial of Heparin and Aspirin Reperfusion Therapy (HART II)",
            "authors": [
                {
                    "first": "A",
                    "middle": [
                        "M"
                    ],
                    "last": "Ross",
                    "suffix": ""
                },
                {
                    "first": "P",
                    "middle": [],
                    "last": "Molhoek",
                    "suffix": ""
                },
                {
                    "first": "C",
                    "middle": [],
                    "last": "Lundergan",
                    "suffix": ""
                }
            ],
            "year": 2001,
            "venue": "Circulation",
            "volume": "104",
            "issn": "",
            "pages": "648--52",
            "other_ids": {}
        },
        "BIBREF15": {
            "ref_id": "b15",
            "title": "The safety and efficacy of subcutaneous enoxaparin versus intravenous unfractionated heparin and tirofiban versus placebo in the treatment of acute ST-segment elevation myocardial infarction patients ineligible for reperfusion (TETAMI): a randomized trial",
            "authors": [
                {
                    "first": "M",
                    "middle": [],
                    "last": "Cohen",
                    "suffix": ""
                },
                {
                    "first": "G",
                    "middle": [
                        "F"
                    ],
                    "last": "Gensini",
                    "suffix": ""
                },
                {
                    "first": "F",
                    "middle": [],
                    "last": "Maritz",
                    "suffix": ""
                }
            ],
            "year": 2003,
            "venue": "J Am Coll Cardiol",
            "volume": "42",
            "issn": "",
            "pages": "1348--56",
            "other_ids": {}
        },
        "BIBREF16": {
            "ref_id": "b16",
            "title": "Enoxaparin as adjunctive antithrombin therapy for ST-elevation myocardial infarction: results of the ENTIRE-Thrombolysis in Myocardial Infarction (TIMI) 23 Trial",
            "authors": [
                {
                    "first": "E",
                    "middle": [
                        "M"
                    ],
                    "last": "Antman",
                    "suffix": ""
                },
                {
                    "first": "H",
                    "middle": [
                        "W"
                    ],
                    "last": "Louwerenburg",
                    "suffix": ""
                },
                {
                    "first": "H",
                    "middle": [
                        "F"
                    ],
                    "last": "Baars",
                    "suffix": ""
                }
            ],
            "year": 2002,
            "venue": "Circulation",
            "volume": "105",
            "issn": "",
            "pages": "",
            "other_ids": {}
        },
        "BIBREF17": {
            "ref_id": "b17",
            "title": "The Assessment of the Safety and Efficacy of a New Thrombolytic Regimen (ASSENT)-3 Investigators. Efficacy and safety of tenecteplase in combination with enoxaparin, abciximab, or unfractionated heparin: the ASSENT-3 randomised trial in acute myocardial infarction",
            "authors": [],
            "year": 2001,
            "venue": "Lancet",
            "volume": "358",
            "issn": "",
            "pages": "605--618",
            "other_ids": {}
        },
        "BIBREF18": {
            "ref_id": "b18",
            "title": "Efficacy and safety of tenecteplase in combination with the low-molecular-weight heparin enoxaparin or unfractionated heparin in the prehospital setting: the Assessment of the Safety and Efficacy of a New Thrombolytic Regimen (ASSENT)-3 PLUS randomized trial in acute myocardial infarction",
            "authors": [
                {
                    "first": "L",
                    "middle": [],
                    "last": "Wallentin",
                    "suffix": ""
                },
                {
                    "first": "P",
                    "middle": [],
                    "last": "Goldstein",
                    "suffix": ""
                },
                {
                    "first": "P",
                    "middle": [
                        "W"
                    ],
                    "last": "Armstrong",
                    "suffix": ""
                }
            ],
            "year": 2003,
            "venue": "Circulation",
            "volume": "108",
            "issn": "",
            "pages": "135--177",
            "other_ids": {}
        },
        "BIBREF19": {
            "ref_id": "b19",
            "title": "Potassium, glucose, and insulin in treatment of myocardial infarction",
            "authors": [
                {
                    "first": "B",
                    "middle": [],
                    "last": "Mittra",
                    "suffix": ""
                }
            ],
            "year": 1965,
            "venue": "Lancet",
            "volume": "2",
            "issn": "",
            "pages": "607--616",
            "other_ids": {}
        },
        "BIBREF20": {
            "ref_id": "b20",
            "title": "Potassium, glucose and insulin in myocardial infarction",
            "authors": [
                {
                    "first": "J",
                    "middle": [],
                    "last": "Pilcher",
                    "suffix": ""
                },
                {
                    "first": "M",
                    "middle": [],
                    "last": "Etishamudin",
                    "suffix": ""
                },
                {
                    "first": "P",
                    "middle": [],
                    "last": "Exon",
                    "suffix": ""
                }
            ],
            "year": 1967,
            "venue": "Lancet",
            "volume": "1",
            "issn": "",
            "pages": "",
            "other_ids": {}
        },
        "BIBREF21": {
            "ref_id": "b21",
            "title": "Controlled trial of intravenous glucose, potassium, and insulin in acute myocardial infarction",
            "authors": [
                {
                    "first": "B",
                    "middle": [
                        "L"
                    ],
                    "last": "Pentecost",
                    "suffix": ""
                },
                {
                    "first": "N",
                    "middle": [
                        "M"
                    ],
                    "last": "Mayne",
                    "suffix": ""
                },
                {
                    "first": "P",
                    "middle": [],
                    "last": "Lamb",
                    "suffix": ""
                }
            ],
            "year": 1968,
            "venue": "Lancet",
            "volume": "1",
            "issn": "",
            "pages": "946--954",
            "other_ids": {}
        },
        "BIBREF22": {
            "ref_id": "b22",
            "title": "Medical Research Council Working Party on the Treatment of Myocardial Infarction. Potassium, glucose, and insulin treatment for acute myocardial infarction",
            "authors": [],
            "year": 1968,
            "venue": "Lancet",
            "volume": "2",
            "issn": "",
            "pages": "1355--60",
            "other_ids": {}
        },
        "BIBREF23": {
            "ref_id": "b23",
            "title": "A controlled study of peroral glucose, insulin and potassium treatment in myocardial infarction",
            "authors": [
                {
                    "first": "I",
                    "middle": [],
                    "last": "Hjermann",
                    "suffix": ""
                }
            ],
            "year": 1971,
            "venue": "Acta Med Scand",
            "volume": "190",
            "issn": "",
            "pages": "213--221",
            "other_ids": {}
        },
        "BIBREF24": {
            "ref_id": "b24",
            "title": "Effects of glucose and glucose-insulin-potassium on haemodynamics and enzyme release after acute myocardial infarction",
            "authors": [
                {
                    "first": "M",
                    "middle": [
                        "K"
                    ],
                    "last": "Heng",
                    "suffix": ""
                },
                {
                    "first": "R",
                    "middle": [
                        "M"
                    ],
                    "last": "Norris",
                    "suffix": ""
                },
                {
                    "first": "B",
                    "middle": [
                        "N"
                    ],
                    "last": "Singh",
                    "suffix": ""
                }
            ],
            "year": 1977,
            "venue": "Br Heart J",
            "volume": "39",
            "issn": "",
            "pages": "748--57",
            "other_ids": {}
        },
        "BIBREF25": {
            "ref_id": "b25",
            "title": "Glucose-insulin-potassium, patient mortality and the acute myocardial infarction: results from a prospective randomized study",
            "authors": [
                {
                    "first": "Awh",
                    "middle": [],
                    "last": "Stanley",
                    "suffix": ""
                },
                {
                    "first": "J",
                    "middle": [
                        "W"
                    ],
                    "last": "Prather",
                    "suffix": ""
                }
            ],
            "year": 1978,
            "venue": "Circulation",
            "volume": "57",
            "issn": "",
            "pages": "",
            "other_ids": {}
        },
        "BIBREF26": {
            "ref_id": "b26",
            "title": "Prospective randomized trial of glucose-insulin-potassium in acute myocardial infarction: effects of hemodynamics, short and long-term survival",
            "authors": [
                {
                    "first": "W",
                    "middle": [
                        "J"
                    ],
                    "last": "Rogers",
                    "suffix": ""
                },
                {
                    "first": "H",
                    "middle": [
                        "G"
                    ],
                    "last": "Mcdaniel",
                    "suffix": ""
                },
                {
                    "first": "J",
                    "middle": [
                        "A"
                    ],
                    "last": "Mantle",
                    "suffix": ""
                }
            ],
            "year": 1983,
            "venue": "J Am Coll Cardiol",
            "volume": "1",
            "issn": "",
            "pages": "",
            "other_ids": {}
        },
        "BIBREF27": {
            "ref_id": "b27",
            "title": "Clinical effects of glucoseinsulin-potassium on left ventricular function in acute myocardial infarction: results from a randomized clinical trial",
            "authors": [
                {
                    "first": "J",
                    "middle": [
                        "A"
                    ],
                    "last": "Mantle",
                    "suffix": ""
                },
                {
                    "first": "W",
                    "middle": [
                        "J"
                    ],
                    "last": "Rogers",
                    "suffix": ""
                },
                {
                    "first": "R",
                    "middle": [],
                    "last": "Smith",
                    "suffix": ""
                }
            ],
            "year": 1981,
            "venue": "Am Heart J",
            "volume": "102",
            "issn": "",
            "pages": "313--337",
            "other_ids": {}
        },
        "BIBREF28": {
            "ref_id": "b28",
            "title": "Enhancements of left ventricular function by glucose-insulin-potassium infusion in acute myocardial infarction",
            "authors": [
                {
                    "first": "P",
                    "middle": [
                        "L"
                    ],
                    "last": "Whitlow",
                    "suffix": ""
                },
                {
                    "first": "W",
                    "middle": [
                        "J"
                    ],
                    "last": "Rogers",
                    "suffix": ""
                },
                {
                    "first": "L",
                    "middle": [
                        "R"
                    ],
                    "last": "Smith",
                    "suffix": ""
                }
            ],
            "year": 1982,
            "venue": "Am J Cardiol",
            "volume": "49",
            "issn": "",
            "pages": "811--831",
            "other_ids": {}
        },
        "BIBREF29": {
            "ref_id": "b29",
            "title": "Metabolic support during coronary reperfusion",
            "authors": [
                {
                    "first": "L",
                    "middle": [
                        "F"
                    ],
                    "last": "Salter",
                    "suffix": ""
                },
                {
                    "first": "C",
                    "middle": [
                        "E"
                    ],
                    "last": "Green",
                    "suffix": ""
                },
                {
                    "first": "K",
                    "middle": [
                        "M"
                    ],
                    "last": "Kent",
                    "suffix": ""
                }
            ],
            "year": 1987,
            "venue": "Am Heart J",
            "volume": "114",
            "issn": "",
            "pages": "54--62",
            "other_ids": {}
        },
        "BIBREF30": {
            "ref_id": "b30",
            "title": "Randomized trial of insulin-glucose infusion followed by subcutaneous insulin treatment in diabetic patients with acute myocardial infarction (DIGAMI Study): effect on mortality at 1 year",
            "authors": [
                {
                    "first": "K",
                    "middle": [],
                    "last": "Malmberg",
                    "suffix": ""
                },
                {
                    "first": "L",
                    "middle": [],
                    "last": "Ryden",
                    "suffix": ""
                },
                {
                    "first": "S",
                    "middle": [],
                    "last": "Efendic",
                    "suffix": ""
                }
            ],
            "year": 1995,
            "venue": "J Am Coll Cardiol",
            "volume": "26",
            "issn": "",
            "pages": "57--65",
            "other_ids": {}
        },
        "BIBREF31": {
            "ref_id": "b31",
            "title": "Metabolic modulation of acute myocardial infarction: the ECLA glucose-insulin-potassium pilot trial",
            "authors": [
                {
                    "first": "R",
                    "middle": [],
                    "last": "D\u00edaz",
                    "suffix": ""
                },
                {
                    "first": "E",
                    "middle": [
                        "A"
                    ],
                    "last": "Paolasso",
                    "suffix": ""
                },
                {
                    "first": "L",
                    "middle": [
                        "S"
                    ],
                    "last": "Piegas",
                    "suffix": ""
                }
            ],
            "year": 1998,
            "venue": "Circulation",
            "volume": "98",
            "issn": "",
            "pages": "2227--2261",
            "other_ids": {}
        },
        "BIBREF32": {
            "ref_id": "b32",
            "title": "Low-dose glucose-insulin-potassium is ineffective in acute myocardial infarction: results of a randomized multicenter pol-GIK trial",
            "authors": [
                {
                    "first": "L",
                    "middle": [],
                    "last": "Ceremuzynski",
                    "suffix": ""
                },
                {
                    "first": "A",
                    "middle": [],
                    "last": "Budaj",
                    "suffix": ""
                },
                {
                    "first": "A",
                    "middle": [],
                    "last": "Czepiel",
                    "suffix": ""
                }
            ],
            "year": 1999,
            "venue": "Cardiovascular Drugs and Therapy",
            "volume": "13",
            "issn": "",
            "pages": "191--200",
            "other_ids": {}
        },
        "BIBREF33": {
            "ref_id": "b33",
            "title": "Oxidative stress after reperfusion with primary coronary angioplasty: lack of effect of glucose-insulin-potassium infusion",
            "authors": [
                {
                    "first": "G",
                    "middle": [],
                    "last": "Diaz-Araya",
                    "suffix": ""
                },
                {
                    "first": "D",
                    "middle": [],
                    "last": "Nettle",
                    "suffix": ""
                },
                {
                    "first": "P",
                    "middle": [],
                    "last": "Castro",
                    "suffix": ""
                }
            ],
            "year": 2002,
            "venue": "Crit Care Med",
            "volume": "30",
            "issn": "",
            "pages": "417--438",
            "other_ids": {}
        },
        "BIBREF34": {
            "ref_id": "b34",
            "title": "Glucose-insulinpotassium infusion in patients treated with primary angioplasty for acute myocardial infarction: the glucose-insulin-potassium study: a randomized trial",
            "authors": [
                {
                    "first": "Horst",
                    "middle": [],
                    "last": "Van Der",
                    "suffix": ""
                },
                {
                    "first": "",
                    "middle": [],
                    "last": "Ic",
                    "suffix": ""
                },
                {
                    "first": "F",
                    "middle": [],
                    "last": "Zijlstra",
                    "suffix": ""
                },
                {
                    "first": "A",
                    "middle": [
                        "W"
                    ],
                    "last": "Van&apos;t Hof",
                    "suffix": ""
                }
            ],
            "year": 2003,
            "venue": "J Am Coll Cardiol",
            "volume": "42",
            "issn": "",
            "pages": "784--91",
            "other_ids": {}
        },
        "BIBREF35": {
            "ref_id": "b35",
            "title": "Beta blockade during and after myocardial infarction: an overview of the randomized trials",
            "authors": [
                {
                    "first": "S",
                    "middle": [],
                    "last": "Yusuf",
                    "suffix": ""
                },
                {
                    "first": "R",
                    "middle": [],
                    "last": "Peto",
                    "suffix": ""
                },
                {
                    "first": "J",
                    "middle": [],
                    "last": "Lewis",
                    "suffix": ""
                }
            ],
            "year": 1985,
            "venue": "Prog Cardiovasc Dis",
            "volume": "XXVII",
            "issn": "",
            "pages": "335--71",
            "other_ids": {}
        },
        "BIBREF36": {
            "ref_id": "b36",
            "title": "The CREATE Study : rationale, design and methods",
            "authors": [
                {
                    "first": "S",
                    "middle": [
                        "R"
                    ],
                    "last": "Mehta",
                    "suffix": ""
                }
            ],
            "year": 2002,
            "venue": "tee: S. Yusuf (Principal Investigator and Chairman)",
            "volume": "",
            "issn": "",
            "pages": "",
            "other_ids": {}
        },
        "BIBREF37": {
            "ref_id": "b37",
            "title": "Principal Investigator and Project Director), R. Diaz (Joint Principal Investigator-ECLA), E. Paolasso (Joint Principal Investigator-ECLA), P. Pais (Principal Investigator-India), S. Reddy (Co-Principal Investigator India), L. Liu (Principal Investigator-China), K. Kazmi (Principal Investigator-Pakistan",
            "authors": [
                {
                    "first": "",
                    "middle": [],
                    "last": "Mehta",
                    "suffix": ""
                }
            ],
            "year": null,
            "venue": "",
            "volume": "",
            "issn": "",
            "pages": "",
            "other_ids": {}
        },
        "BIBREF39": {
            "ref_id": "b39",
            "title": "Chinese Steering Committee",
            "authors": [
                {
                    "first": "T",
                    "middle": [
                        "M"
                    ],
                    "last": "Haridas",
                    "suffix": ""
                },
                {
                    "first": "P",
                    "middle": [
                        "P"
                    ],
                    "last": "Jaison",
                    "suffix": ""
                },
                {
                    "first": "P",
                    "middle": [
                        "G"
                    ],
                    "last": "Joshi",
                    "suffix": ""
                },
                {
                    "first": "A",
                    "middle": [
                        "K"
                    ],
                    "last": "Kerkar",
                    "suffix": ""
                },
                {
                    "first": "S",
                    "middle": [
                        "C"
                    ],
                    "last": "Maity",
                    "suffix": ""
                },
                {
                    "first": "S",
                    "middle": [],
                    "last": "Manchanda",
                    "suffix": ""
                },
                {
                    "first": "P",
                    "middle": [],
                    "last": "Naik",
                    "suffix": ""
                },
                {
                    "first": "D",
                    "middle": [],
                    "last": "Pais",
                    "suffix": ""
                },
                {
                    "first": "S",
                    "middle": [],
                    "last": "Prabhakaran",
                    "suffix": ""
                },
                {
                    "first": "B",
                    "middle": [],
                    "last": "Reddy",
                    "suffix": ""
                },
                {
                    "first": "S",
                    "middle": [],
                    "last": "Singh",
                    "suffix": ""
                },
                {
                    "first": "D",
                    "middle": [],
                    "last": "Thanikachalam",
                    "suffix": ""
                },
                {
                    "first": "",
                    "middle": [],
                    "last": "Xavier",
                    "suffix": ""
                }
            ],
            "year": null,
            "venue": "",
            "volume": "",
            "issn": "",
            "pages": "",
            "other_ids": {}
        },
        "BIBREF40": {
            "ref_id": "b40",
            "title": "ECLA-GIK 2 Steering Committee",
            "authors": [
                {
                    "first": "D",
                    "middle": [],
                    "last": "Ma",
                    "suffix": ""
                },
                {
                    "first": "Y",
                    "middle": [
                        "C"
                    ],
                    "last": "Qiao",
                    "suffix": ""
                },
                {
                    "first": "N",
                    "middle": [
                        "L"
                    ],
                    "last": "Song",
                    "suffix": ""
                },
                {
                    "first": "L",
                    "middle": [
                        "H"
                    ],
                    "last": "Sun",
                    "suffix": ""
                },
                {
                    "first": "S",
                    "middle": [
                        "W"
                    ],
                    "last": "Wang",
                    "suffix": ""
                },
                {
                    "first": "W",
                    "middle": [],
                    "last": "Wang",
                    "suffix": ""
                },
                {
                    "first": "N",
                    "middle": [],
                    "last": "Wang",
                    "suffix": ""
                },
                {
                    "first": "Y",
                    "middle": [
                        "S"
                    ],
                    "last": "Wu",
                    "suffix": ""
                },
                {
                    "first": "C",
                    "middle": [
                        "B"
                    ],
                    "last": "Wu",
                    "suffix": ""
                },
                {
                    "first": "S",
                    "middle": [
                        "C"
                    ],
                    "last": "Xu",
                    "suffix": ""
                },
                {
                    "first": "Z",
                    "middle": [
                        "M"
                    ],
                    "last": "Xu",
                    "suffix": ""
                },
                {
                    "first": "G",
                    "middle": [
                        "J"
                    ],
                    "last": "Xu",
                    "suffix": ""
                },
                {
                    "first": "H",
                    "middle": [
                        "S"
                    ],
                    "last": "Yang",
                    "suffix": ""
                },
                {
                    "first": "C",
                    "middle": [
                        "Z"
                    ],
                    "last": "Yang",
                    "suffix": ""
                },
                {
                    "first": "S",
                    "middle": [
                        "T"
                    ],
                    "last": "Zhang",
                    "suffix": ""
                },
                {
                    "first": "W",
                    "middle": [
                        "J"
                    ],
                    "last": "Zhang",
                    "suffix": ""
                },
                {
                    "first": "J",
                    "middle": [
                        "C"
                    ],
                    "last": "Zhang",
                    "suffix": ""
                },
                {
                    "first": "J",
                    "middle": [],
                    "last": "Zhou",
                    "suffix": ""
                },
                {
                    "first": "",
                    "middle": [],
                    "last": "Zhu",
                    "suffix": ""
                }
            ],
            "year": null,
            "venue": "",
            "volume": "",
            "issn": "",
            "pages": "",
            "other_ids": {}
        },
        "BIBREF41": {
            "ref_id": "b41",
            "title": "Holadyk-Gris, K. Ahmed; India National Coordinating Office (NCO), Institute of Population Health and Clinical Research",
            "authors": [
                {
                    "first": "Canada",
                    "middle": [],
                    "last": "Hamilton",
                    "suffix": ""
                },
                {
                    "first": ":",
                    "middle": [
                        "S"
                    ],
                    "last": "Yusuf",
                    "suffix": ""
                },
                {
                    "first": "S",
                    "middle": [
                        "R"
                    ],
                    "last": "Mehta",
                    "suffix": ""
                },
                {
                    "first": "R",
                    "middle": [
                        "J"
                    ],
                    "last": "Ahmed",
                    "suffix": ""
                },
                {
                    "first": "L",
                    "middle": [],
                    "last": "Cronin",
                    "suffix": ""
                },
                {
                    "first": "S",
                    "middle": [],
                    "last": "Pavlov",
                    "suffix": ""
                },
                {
                    "first": "; C",
                    "middle": [],
                    "last": "Xie",
                    "suffix": ""
                },
                {
                    "first": "J",
                    "middle": [],
                    "last": "Pogue",
                    "suffix": ""
                },
                {
                    "first": "F",
                    "middle": [],
                    "last": "Zhao",
                    "suffix": ""
                },
                {
                    "first": "I",
                    "middle": [],
                    "last": "Tsuluca",
                    "suffix": ""
                },
                {
                    "first": "M",
                    "middle": [],
                    "last": "Molec",
                    "suffix": ""
                },
                {
                    "first": "I",
                    "middle": [],
                    "last": "",
                    "suffix": ""
                }
            ],
            "year": null,
            "venue": "Health Sciences",
            "volume": "",
            "issn": "",
            "pages": "",
            "other_ids": {}
        },
        "BIBREF44": {
            "ref_id": "b44",
            "title": "Chinese Adjudication Committee",
            "authors": [
                {
                    "first": "M",
                    "middle": [
                        "Y"
                    ],
                    "last": "Bai",
                    "suffix": ""
                },
                {
                    "first": "Y",
                    "middle": [
                        "Q"
                    ],
                    "last": "Jiang",
                    "suffix": ""
                },
                {
                    "first": "S",
                    "middle": [
                        "Y"
                    ],
                    "last": "Lang",
                    "suffix": ""
                },
                {
                    "first": "X",
                    "middle": [
                        "Y"
                    ],
                    "last": "Shi",
                    "suffix": ""
                },
                {
                    "first": "Y",
                    "middle": [
                        "C"
                    ],
                    "last": "Song",
                    "suffix": ""
                },
                {
                    "first": "Z",
                    "middle": [
                        "R"
                    ],
                    "last": "Tian",
                    "suffix": ""
                },
                {
                    "first": "K",
                    "middle": [],
                    "last": "Wang",
                    "suffix": ""
                },
                {
                    "first": "D",
                    "middle": [
                        "H"
                    ],
                    "last": "Yan",
                    "suffix": ""
                },
                {
                    "first": "S",
                    "middle": [
                        "Y"
                    ],
                    "last": "Yu; Estudios Cl\u00ednicos Latino Am\u00e9rica",
                    "suffix": ""
                },
                {
                    "first": "Rosario",
                    "middle": [],
                    "last": "",
                    "suffix": ""
                },
                {
                    "first": "Santa",
                    "middle": [],
                    "last": "F\u00e9",
                    "suffix": ""
                },
                {
                    "first": ":",
                    "middle": [
                        "A"
                    ],
                    "last": "Argentina",
                    "suffix": ""
                },
                {
                    "first": "H",
                    "middle": [],
                    "last": "Pascual",
                    "suffix": ""
                },
                {
                    "first": "C",
                    "middle": [],
                    "last": "Ozcoidi",
                    "suffix": ""
                },
                {
                    "first": "D",
                    "middle": [],
                    "last": "Cuesta",
                    "suffix": ""
                },
                {
                    "first": "G",
                    "middle": [
                        "M"
                    ],
                    "last": "Wojdyla",
                    "suffix": ""
                },
                {
                    "first": "",
                    "middle": [],
                    "last": "Font",
                    "suffix": ""
                }
            ],
            "year": null,
            "venue": "",
            "volume": "",
            "issn": "",
            "pages": "",
            "other_ids": {}
        },
        "BIBREF58": {
            "ref_id": "b58",
            "title": "Fan; Xinjiang: D.Q. An; Xinxiang",
            "authors": [
                {
                    "first": ":",
                    "middle": [
                        "S"
                    ],
                    "last": "Wangrong",
                    "suffix": ""
                },
                {
                    "first": ":",
                    "middle": [
                        "D F"
                    ],
                    "last": "Dong; Wuxiang",
                    "suffix": ""
                },
                {
                    "first": ":",
                    "middle": [
                        "Q F"
                    ],
                    "last": "Li; Xiang Cheng",
                    "suffix": ""
                },
                {
                    "first": "",
                    "middle": [],
                    "last": "Zhang",
                    "suffix": ""
                }
            ],
            "year": null,
            "venue": "Xianxian: Z",
            "volume": "",
            "issn": "",
            "pages": "",
            "other_ids": {}
        },
        "BIBREF69": {
            "ref_id": "b69",
            "title": "Siwach",
            "authors": [
                {
                    "first": "J",
                    "middle": [],
                    "last": "Duggal",
                    "suffix": ""
                },
                {
                    "first": "V",
                    "middle": [
                        "K"
                    ],
                    "last": "Hiremath; Rohtak: Jagdish",
                    "suffix": ""
                },
                {
                    "first": "S",
                    "middle": [
                        "B"
                    ],
                    "last": "Katyal",
                    "suffix": ""
                }
            ],
            "year": null,
            "venue": "",
            "volume": "",
            "issn": "",
            "pages": "",
            "other_ids": {}
        }
    },
    "ref_entries": {
        "FIGREF0": {
            "text": "Recruitment commenced in August 1998 in South America, July 2001 in China, January 2002 in India, and October 2003 in Pakistan (Figure 3). By July 9, 2004, the overall trial had recruited 20,201 patients, with 15,507 into the component evaluating Reviparin.",
            "latex": null,
            "type": "figure"
        },
        "FIGREF1": {
            "text": "-ECLA Number of patients recruited per year between Au",
            "latex": null,
            "type": "figure"
        },
        "TABREF0": {
            "text": "Trials of subcutaneous or intravenous unfractionated heparin in patients with acute myocardial infarction treated with thrombolytic therapy SC, Subcutaneous, IV, intravenous; ASA, aspirin.",
            "latex": null,
            "type": "table"
        },
        "TABREF1": {
            "text": ". Trials of low molecular weight heparin versus placebo in patients with acute myocardial infarction",
            "latex": null,
            "type": "table"
        },
        "TABREF2": {
            "text": ". Trials of low molecular weight heparin versus unfractionated heparin in acute myocardial infarction",
            "latex": null,
            "type": "table"
        },
        "TABREF3": {
            "text": "Design of the Randomized trials of GIK vs. control in acute myocardial infarction, and GIK regimen used Oral or I.V.: Oral: 160 g glucose in water 1500 mL per day \u03e9 20 U SC soluble insulin per day \u03e9 52 mEq potassium per day, or I.V.: 40 mL of 50% glucose, then 10% glucose in water 1500 mL per 24 hours \u03e9 30 U soluble insulin per 24 hours \u03e9 45 mEq KCl per day, versus oral placebo (starch and lactose) control High dose: I.V.: 300 g glucose \u03e9 50 U regular insulin \u03e9 80 mEq KCl/L infused at 1.5 mL/kg/hr, versus control solution of half-normal salineRogers 26   1979 134 48 h High dose: I.V.: 300 g glucose \u03e9 50 U insulin \u03e9 80 mEq potassium/L infused at 1.5 mL/ kg/hr, versus control solution of half-normal saline at a rate to keep catheter patent High dose: I.V.: 300 g glucose \u03e9 50 U insulin \u03e9 80 mEq KCl/L infused at 1.5 mL/kg/hr for 48 hrs, then 0.45% NaCl \u03e9 5000 U/L heparin at \"keep open\" rate of 20 mL/hr through CV and PA lumen for one day, versus control of same heparinized 0.45% NaCl solution through both lumens of catheter at \"keep open\" rate for whole study period",
            "latex": null,
            "type": "table"
        },
        "TABREF4": {
            "text": "Key characteristics of CREATE-ECLA trial patients",
            "latex": null,
            "type": "table"
        }
    },
    "back_matter": [
        {
            "text": "The following persons participated in the CREATE-ECLA International GIK Study: International Steering Commit-",
            "cite_spans": [],
            "ref_spans": [],
            "section": "Appendix"
        }
    ]
}