{
    "paper_id": "00d24563be7f6050dd2e1d1003e1229cbf3848fb",
    "metadata": {
        "title": "",
        "authors": [
            {
                "first": "Dimitrios",
                "middle": [],
                "last": "Patoulias",
                "suffix": "",
                "affiliation": {
                    "laboratory": "",
                    "institution": "General Hospital \"Hippokration\"",
                    "location": {
                        "country": "Greece"
                    }
                },
                "email": "dipatoulias@gmail.com"
            },
            {
                "first": "Christodoulos",
                "middle": [],
                "last": "Papadopoulos",
                "suffix": "",
                "affiliation": {
                    "laboratory": "",
                    "institution": "General Hospital \"Hippokration\"",
                    "location": {
                        "country": "Greece"
                    }
                },
                "email": ""
            },
            {
                "first": "Michael",
                "middle": [],
                "last": "Doumas",
                "suffix": "",
                "affiliation": {
                    "laboratory": "",
                    "institution": "General Hospital \"Hippokration\"",
                    "location": {
                        "country": "Greece"
                    }
                },
                "email": ""
            }
        ]
    },
    "abstract": [],
    "body_text": [
        {
            "text": "Endothelial dysfunction and COVID-19: What's the true impact on surrogate outcomes?",
            "cite_spans": [],
            "ref_spans": [],
            "section": "Letter to the Editor"
        },
        {
            "text": "We have read with great interest the results of the study performed by Mejia-Renteria et al. [1] , which demonstrated a deleterious effect of severe acute respiratory syndrome-coronavirus-2 (SARS-CoV-2) infection on endothelial function of enrolled subjects, further impairing during post-infectious stage. According to a recent meta-analysis, several endothelial biomarkers are significantly elevated in critically ill subjects with SARS-CoV-2 infection compared to non-critically ill patients, suggesting a prognostic role of endothelial dysfunction in coronavirus disease-19 (COVID-19) [2] . However, another prospective observational study performed in the Intensive Care Unit (ICU) setting showed that levels of angiopoietin 2:1 (Ang-2:1 ratio) and soluble tumor necrosis factor receptor 1 (sTNFR-1), markers of endothelial dysfunction, were significantly lower in COVID-19 patients compared to noninfected hospitalized patients in the ICU [3] . Therefore, the authors suggested that endothelial dysfunction might not be characteristic of severe COVID-19 early after ICU admission [3] . Based on the complex pathophysiology of COVID-19, it seems that endothelial dysfunction may not be pivotal for the development of severe disease, since several other pathways, such as chemotaxis, interleukin production and immunothrombosis also play a significant role [4] .",
            "cite_spans": [
                {
                    "start": 93,
                    "end": 96,
                    "text": "[1]",
                    "ref_id": "BIBREF0"
                },
                {
                    "start": 589,
                    "end": 592,
                    "text": "[2]",
                    "ref_id": "BIBREF1"
                },
                {
                    "start": 945,
                    "end": 948,
                    "text": "[3]",
                    "ref_id": "BIBREF2"
                },
                {
                    "start": 1086,
                    "end": 1089,
                    "text": "[3]",
                    "ref_id": "BIBREF2"
                },
                {
                    "start": 1361,
                    "end": 1364,
                    "text": "[4]",
                    "ref_id": "BIBREF3"
                }
            ],
            "ref_spans": [],
            "section": "Letter to the Editor"
        },
        {
            "text": "Since Mejia-Renteria et al. [1] assessed logarithmic scaled reactive hyperemia index (LnRHI), a non-invasive but also not laboratory marker of endothelial function, we would be really interested to know how many subjects from the group 1 developed critical illness, were admitted to ICU or even died during disease course, and of course if there was a significant difference in LnRHI values compared to those that did not develop severe disease.",
            "cite_spans": [
                {
                    "start": 28,
                    "end": 31,
                    "text": "[1]",
                    "ref_id": "BIBREF0"
                }
            ],
            "ref_spans": [],
            "section": "Letter to the Editor"
        },
        {
            "text": "None.",
            "cite_spans": [],
            "ref_spans": [],
            "section": "Funding"
        },
        {
            "text": "None declared.",
            "cite_spans": [],
            "ref_spans": [],
            "section": "Declaration of Competing Interest"
        }
    ],
    "bib_entries": {
        "BIBREF0": {
            "ref_id": "b0",
            "title": "In-vivo evidence of systemic endothelial vascular dysfunction in COVID-19",
            "authors": [
                {
                    "first": "H",
                    "middle": [],
                    "last": "Mejia-Renteria",
                    "suffix": ""
                },
                {
                    "first": "A",
                    "middle": [],
                    "last": "Travieso",
                    "suffix": ""
                },
                {
                    "first": "A",
                    "middle": [],
                    "last": "Sagir",
                    "suffix": ""
                },
                {
                    "first": "E",
                    "middle": [],
                    "last": "Mart\u00ednez-G\u00f3mez",
                    "suffix": ""
                },
                {
                    "first": "A",
                    "middle": [],
                    "last": "Carrascosa-Granada",
                    "suffix": ""
                },
                {
                    "first": "T",
                    "middle": [],
                    "last": "Toya",
                    "suffix": ""
                },
                {
                    "first": "I",
                    "middle": [
                        "J"
                    ],
                    "last": "N\u00fa\u00f1ez-Gil",
                    "suffix": ""
                },
                {
                    "first": "V",
                    "middle": [],
                    "last": "Estrada",
                    "suffix": ""
                },
                {
                    "first": "A",
                    "middle": [],
                    "last": "Lerman",
                    "suffix": ""
                },
                {
                    "first": "J",
                    "middle": [],
                    "last": "Escaned",
                    "suffix": ""
                }
            ],
            "year": 2021,
            "venue": "Int. J. Cardiol",
            "volume": "",
            "issn": "21",
            "pages": "1694--1700",
            "other_ids": {
                "DOI": [
                    "10.1016/j.ijcard.2021.10.140"
                ],
                "PMID": [
                    "34706286"
                ],
                "PMCID": [
                    "PMC8542397"
                ]
            }
        },
        "BIBREF1": {
            "ref_id": "b1",
            "title": "The role of endothelial related circulating biomarkers in COVID-19. A systematic review and meta-analysis",
            "authors": [
                {
                    "first": "S",
                    "middle": [],
                    "last": "Lampsas",
                    "suffix": ""
                },
                {
                    "first": "P",
                    "middle": [],
                    "last": "Tsaplaris",
                    "suffix": ""
                },
                {
                    "first": "P",
                    "middle": [],
                    "last": "Pantelidis",
                    "suffix": ""
                },
                {
                    "first": "E",
                    "middle": [],
                    "last": "Oikonomou",
                    "suffix": ""
                },
                {
                    "first": "G",
                    "middle": [],
                    "last": "Marinos",
                    "suffix": ""
                },
                {
                    "first": "G",
                    "middle": [],
                    "last": "Charalambous",
                    "suffix": ""
                },
                {
                    "first": "N",
                    "middle": [],
                    "last": "Souvaliotis",
                    "suffix": ""
                },
                {
                    "first": "V",
                    "middle": [
                        "C"
                    ],
                    "last": "Mystakidi",
                    "suffix": ""
                },
                {
                    "first": "A",
                    "middle": [],
                    "last": "Goliopoulou",
                    "suffix": ""
                },
                {
                    "first": "E",
                    "middle": [],
                    "last": "Katsianos",
                    "suffix": ""
                },
                {
                    "first": "G",
                    "middle": [],
                    "last": "Siasos",
                    "suffix": ""
                },
                {
                    "first": "M",
                    "middle": [
                        "A"
                    ],
                    "last": "Vavuranakis",
                    "suffix": ""
                },
                {
                    "first": "C",
                    "middle": [],
                    "last": "Tsioufis",
                    "suffix": ""
                },
                {
                    "first": "M",
                    "middle": [],
                    "last": "Vavuranakis",
                    "suffix": ""
                },
                {
                    "first": "D",
                    "middle": [],
                    "last": "Tousoulis",
                    "suffix": ""
                }
            ],
            "year": 2021,
            "venue": "Curr. Med. Chem",
            "volume": "",
            "issn": "",
            "pages": "",
            "other_ids": {
                "DOI": [
                    "10.2174/0929867328666211026124033"
                ],
                "PMID": [
                    "34702152"
                ]
            }
        },
        "BIBREF2": {
            "ref_id": "b2",
            "title": "Comparison of host endothelial, epithelial and inflammatory response in ICU patients with and without COVID-19: a prospective observational cohort study",
            "authors": [
                {
                    "first": "P",
                    "middle": [
                        "K"
                    ],
                    "last": "Bhatraju",
                    "suffix": ""
                },
                {
                    "first": "E",
                    "middle": [
                        "D"
                    ],
                    "last": "Morrell",
                    "suffix": ""
                },
                {
                    "first": "L",
                    "middle": [],
                    "last": "Zelnick",
                    "suffix": ""
                },
                {
                    "first": "N",
                    "middle": [
                        "A"
                    ],
                    "last": "Sathe",
                    "suffix": ""
                },
                {
                    "first": "X",
                    "middle": [
                        "Y"
                    ],
                    "last": "Chai",
                    "suffix": ""
                },
                {
                    "first": "S",
                    "middle": [
                        "S"
                    ],
                    "last": "Sakr",
                    "suffix": ""
                },
                {
                    "first": "S",
                    "middle": [
                        "K"
                    ],
                    "last": "Sahi",
                    "suffix": ""
                },
                {
                    "first": "A",
                    "middle": [],
                    "last": "Sader",
                    "suffix": ""
                },
                {
                    "first": "D",
                    "middle": [
                        "M"
                    ],
                    "last": "Lum",
                    "suffix": ""
                },
                {
                    "first": "T",
                    "middle": [],
                    "last": "Liu",
                    "suffix": ""
                },
                {
                    "first": "N",
                    "middle": [],
                    "last": "Koetje",
                    "suffix": ""
                },
                {
                    "first": "A",
                    "middle": [],
                    "last": "Garay",
                    "suffix": ""
                },
                {
                    "first": "E",
                    "middle": [],
                    "last": "Barnes",
                    "suffix": ""
                },
                {
                    "first": "J",
                    "middle": [],
                    "last": "Lawson",
                    "suffix": ""
                },
                {
                    "first": "G",
                    "middle": [],
                    "last": "Cromer",
                    "suffix": ""
                },
                {
                    "first": "M",
                    "middle": [
                        "K"
                    ],
                    "last": "Bray",
                    "suffix": ""
                },
                {
                    "first": "S",
                    "middle": [],
                    "last": "Pipavath",
                    "suffix": ""
                },
                {
                    "first": "B",
                    "middle": [
                        "R"
                    ],
                    "last": "Kestenbaum",
                    "suffix": ""
                },
                {
                    "first": "W",
                    "middle": [
                        "C"
                    ],
                    "last": "Liles",
                    "suffix": ""
                },
                {
                    "first": "S",
                    "middle": [
                        "L"
                    ],
                    "last": "Fink",
                    "suffix": ""
                },
                {
                    "first": "T",
                    "middle": [
                        "E"
                    ],
                    "last": "West",
                    "suffix": ""
                },
                {
                    "first": "L",
                    "middle": [],
                    "last": "Evans",
                    "suffix": ""
                },
                {
                    "first": "C",
                    "middle": [],
                    "last": "Mikacenic",
                    "suffix": ""
                },
                {
                    "first": "M",
                    "middle": [
                        "M"
                    ],
                    "last": "Wurfel",
                    "suffix": ""
                }
            ],
            "year": 2021,
            "venue": "Crit. Care",
            "volume": "25",
            "issn": "1",
            "pages": "",
            "other_ids": {
                "DOI": [
                    "10.1186/s13054-021-03547-z"
                ],
                "PMID": [
                    "33874973"
                ]
            }
        },
        "BIBREF3": {
            "ref_id": "b3",
            "title": "Amsterdam UMC COVID-19 Biobank Investigators, Clinical features and prognostic factors in Covid-19: A prospective cohort study",
            "authors": [
                {
                    "first": "S",
                    "middle": [],
                    "last": "De Bruin",
                    "suffix": ""
                },
                {
                    "first": "L",
                    "middle": [
                        "D"
                    ],
                    "last": "Bos",
                    "suffix": ""
                },
                {
                    "first": "M",
                    "middle": [
                        "A"
                    ],
                    "last": "Van Roon",
                    "suffix": ""
                },
                {
                    "first": "A",
                    "middle": [
                        "M"
                    ],
                    "last": "Tuip-De Boer",
                    "suffix": ""
                },
                {
                    "first": "A",
                    "middle": [
                        "R"
                    ],
                    "last": "Schuurman",
                    "suffix": ""
                },
                {
                    "first": "M",
                    "middle": [
                        "J A"
                    ],
                    "last": "Koel-Simmelinck",
                    "suffix": ""
                },
                {
                    "first": "H",
                    "middle": [
                        "J"
                    ],
                    "last": "Bogaard",
                    "suffix": ""
                },
                {
                    "first": "P",
                    "middle": [
                        "R"
                    ],
                    "last": "Tuinman",
                    "suffix": ""
                },
                {
                    "first": "M",
                    "middle": [
                        "A"
                    ],
                    "last": "Van Agtmael",
                    "suffix": ""
                },
                {
                    "first": "J",
                    "middle": [],
                    "last": "Hamann",
                    "suffix": ""
                },
                {
                    "first": "C",
                    "middle": [
                        "E"
                    ],
                    "last": "Teunissen",
                    "suffix": ""
                },
                {
                    "first": "W",
                    "middle": [
                        "J"
                    ],
                    "last": "Wiersinga",
                    "suffix": ""
                },
                {
                    "first": "A",
                    "middle": [
                        "H"
                    ],
                    "last": "Koos Zwinderman",
                    "suffix": ""
                },
                {
                    "first": "M",
                    "middle": [
                        "C"
                    ],
                    "last": "Brouwer",
                    "suffix": ""
                },
                {
                    "first": "D",
                    "middle": [],
                    "last": "Van De Beek",
                    "suffix": ""
                },
                {
                    "first": "Apj",
                    "middle": [],
                    "last": "Vlaar",
                    "suffix": ""
                }
            ],
            "year": 2021,
            "venue": "EBioMedicine",
            "volume": "67",
            "issn": "",
            "pages": "",
            "other_ids": {
                "DOI": [
                    "10.1016/j.ebiom.2021.103378"
                ],
                "PMID": [
                    "34000622"
                ]
            }
        }
    },
    "ref_entries": {
        "TABREF0": {
            "text": "International Journal of Cardiology xxx (xxxx) xxx Please cite this article as: Dimitrios Patoulias, International Journal of Cardiology, https://doi.org/10.1016/j.ijcard.2021.11.070 Available online 29 November 2021 0167-5273/\u00a9 2021 Elsevier B.V. All rights reserved.",
            "latex": null,
            "type": "table"
        }
    },
    "back_matter": [
        {
            "text": "None.",
            "cite_spans": [],
            "ref_spans": [],
            "section": "Acknowledgments"
        }
    ]
}